ISO-10303-21;
HEADER;
FILE_DESCRIPTION (( 'STEP AP214' ),
    '1' );
FILE_NAME ('hdmi_mini_19_stand.STEP',
    '2026-01-31T07:53:05',
    ( '' ),
    ( '' ),
    'SwSTEP 2.0',
    'SolidWorks 2025',
    '' );
FILE_SCHEMA (( 'AUTOMOTIVE_DESIGN' ));
ENDSEC;

DATA;
#1 = PLANE ( 'NONE',  #10991 ) ;
#2 =( NAMED_UNIT ( * ) PLANE_ANGLE_UNIT ( ) SI_UNIT ( $, .RADIAN. ) );
#3 = VECTOR ( 'NONE', #2401, 1000.000000000000000 ) ;
#4 = CARTESIAN_POINT ( 'NONE',  ( -68.92777777777891401, -0.4499999258008001712, 4.049999999999906564 ) ) ;
#5 = CARTESIAN_POINT ( 'NONE',  ( -66.82574011479525211, -8.177675969015290036, 2.309999999999984510 ) ) ;
#6 = ORIENTED_EDGE ( 'NONE', *, *, #8744, .T. ) ;
#7 = EDGE_LOOP ( 'NONE', ( #6439, #6919, #6841, #1370 ) ) ;
#8 = VERTEX_POINT ( 'NONE', #7138 ) ;
#9 = FACE_OUTER_BOUND ( 'NONE', #6255, .T. ) ;
#10 = CARTESIAN_POINT ( 'NONE',  ( -66.35000000000059117, 1.100000000000000311, 4.050000000000002487 ) ) ;
#11 = VECTOR ( 'NONE', #11948, 1000.000000000000000 ) ;
#12 = VERTEX_POINT ( 'NONE', #3288 ) ;
#13 = PRESENTATION_LAYER_ASSIGNMENT (  '', '', ( #11830 ) ) ;
#14 = FACE_OUTER_BOUND ( 'NONE', #5307, .T. ) ;
#15 = CARTESIAN_POINT ( 'NONE',  ( -70.23431457505073183, -10.45000000000000284, 2.699999999999858513 ) ) ;
#16 = VECTOR ( 'NONE', #11817, 1000.000000000000000 ) ;
#17 = MECHANICAL_DESIGN_GEOMETRIC_PRESENTATION_REPRESENTATION (  '', ( #456 ), #4238 ) ;
#18 = CARTESIAN_POINT ( 'NONE',  ( -69.13431457505072331, -7.950000000000001954, 2.299999999999899014 ) ) ;
#19 = CARTESIAN_POINT ( 'NONE',  ( -69.13431457505073752, -8.050000000000000711, 2.499999999999899192 ) ) ;
#20 = VECTOR ( 'NONE', #1563, 1000.000000000000000 ) ;
#21 = MECHANICAL_DESIGN_GEOMETRIC_PRESENTATION_REPRESENTATION (  '', ( #3226 ), #6861 ) ;
#22 = SURFACE_STYLE_USAGE ( .BOTH. , #12334 ) ;
#23 = VERTEX_POINT ( 'NONE', #11828 ) ;
#24 = EDGE_LOOP ( 'NONE', ( #1524, #2059, #12293, #2614, #3898, #6859, #4735, #3732 ) ) ;
#25 = UNCERTAINTY_MEASURE_WITH_UNIT (LENGTH_MEASURE( 1.000000000000000082E-05 ), #12372, 'distance_accuracy_value', 'NONE');
#27 = EDGE_CURVE ( 'NONE', #2077, #7668, #10906, .T. ) ;
#26 = SURFACE_SIDE_STYLE ('',( #5597 ) ) ;
#28 =( LENGTH_UNIT ( ) NAMED_UNIT ( * ) SI_UNIT ( .MILLI., .METRE. ) );
#29 = DIRECTION ( 'NONE',  ( -1.000000000000000078E-15, 1.000000000000000000, 0.000000000000000000 ) ) ;
#30 = CARTESIAN_POINT ( 'NONE',  ( -65.83888888889003965, 1.100000000000000311, 4.250000000000021316 ) ) ;
#31 = CARTESIAN_POINT ( 'NONE',  ( -71.45000000000001705, -10.45000000000000462, 3.715685424949052518 ) ) ;
#32 = EDGE_CURVE ( 'NONE', #2900, #9879, #6055, .T. ) ;
#33 =( LENGTH_UNIT ( ) NAMED_UNIT ( * ) SI_UNIT ( .MILLI., .METRE. ) );
#34 = VECTOR ( 'NONE', #7356, 1000.000000000000000 ) ;
#35 = CARTESIAN_POINT ( 'NONE',  ( -66.40999999999995396, -6.449999999999999289, 2.299999999999999822 ) ) ;
#36 = SURFACE_SIDE_STYLE ('',( #5536 ) ) ;
#37 = STYLED_ITEM ( 'NONE', ( #890 ), #3317 ) ;
#38 = DIRECTION ( 'NONE',  ( -3.700000000000000011E-14, 0.000000000000000000, 1.000000000000000000 ) ) ;
#39 = SURFACE_STYLE_USAGE ( .BOTH. , #995 ) ;
#40 = VECTOR ( 'NONE', #385, 1000.000000000000000 ) ;
#41 = ORIENTED_EDGE ( 'NONE', *, *, #5177, .F. ) ;
#42 = CARTESIAN_POINT ( 'NONE',  ( -68.65000000000004832, -9.700000000000002842, 4.799999999999917222 ) ) ;
#43 = LINE ( 'NONE', #9681, #8010 ) ;
#44 = EDGE_CURVE ( 'NONE', #9850, #10935, #11428, .T. ) ;
#45 = ORIENTED_EDGE ( 'NONE', *, *, #6155, .T. ) ;
#46 = ORIENTED_EDGE ( 'NONE', *, *, #10391, .F. ) ;
#47 = VERTEX_POINT ( 'NONE', #402 ) ;
#48 = DIRECTION ( 'NONE',  ( 3.700000000000000011E-14, -0.000000000000000000, -1.000000000000000000 ) ) ;
#49 = VECTOR ( 'NONE', #5821, 1000.000000000000000 ) ;
#50 = CARTESIAN_POINT ( 'NONE',  ( -65.11666666666782533, -0.4499999999999972911, 4.250000000000047962 ) ) ;
#51 =( GEOMETRIC_REPRESENTATION_CONTEXT ( 3 ) GLOBAL_UNCERTAINTY_ASSIGNED_CONTEXT ( ( #6467 ) ) GLOBAL_UNIT_ASSIGNED_CONTEXT ( ( #9909, #4908, #7776 ) ) REPRESENTATION_CONTEXT ( 'NONE', 'WORKASPACE' ) );
#52 = MECHANICAL_DESIGN_GEOMETRIC_PRESENTATION_REPRESENTATION (  '', ( #8097 ), #7082 ) ;
#53 = CIRCLE ( 'NONE', #11072, 0.09999999999999939493 ) ;
#54 = DIRECTION ( 'NONE',  ( -1.000000000000000000, -8.458023576909501199E-16, -3.700000000000000011E-14 ) ) ;
#55 = CARTESIAN_POINT ( 'NONE',  ( -63.50833333333330444, -10.44999999999999574, 3.000000000000107025 ) ) ;
#56 = DIRECTION ( 'NONE',  ( -1.000000000000000472E-15, 1.000000000000000000, -3.709860761315264637E-29 ) ) ;
#57 = DIRECTION ( 'NONE',  ( 1.000000000000000000, 1.000000000000000078E-15, 3.700000000000000011E-14 ) ) ;
#58 = ORIENTED_EDGE ( 'NONE', *, *, #10313, .T. ) ;
#59 = VERTEX_POINT ( 'NONE', #1368 ) ;
#60 = ORIENTED_EDGE ( 'NONE', *, *, #10937, .F. ) ;
#61 = EDGE_CURVE ( 'NONE', #6899, #9605, #10094, .T. ) ;
#62 =( NAMED_UNIT ( * ) PLANE_ANGLE_UNIT ( ) SI_UNIT ( $, .RADIAN. ) );
#63 = STYLED_ITEM ( 'NONE', ( #2208 ), #500 ) ;
#64 = SURFACE_STYLE_USAGE ( .BOTH. , #960 ) ;
#65 = SURFACE_SIDE_STYLE ('',( #961 ) ) ;
#66 = DIRECTION ( 'NONE',  ( 1.000000000000000078E-15, -1.000000000000000000, 0.000000000000000000 ) ) ;
#67 = COLOUR_RGB ( '',0.007843137254901960675, 0.007843137254901960675, 0.007843137254901960675 ) ;
#68 = CARTESIAN_POINT ( 'NONE',  ( -62.56568542494919427, -2.449999999999995737, 2.300000000000142375 ) ) ;
#69 = CARTESIAN_POINT ( 'NONE',  ( -64.91666666666665719, -3.949999999999997957, 3.075000000000055245 ) ) ;
#70 =( NAMED_UNIT ( * ) SI_UNIT ( $, .STERADIAN. ) SOLID_ANGLE_UNIT ( ) );
#71 = PRESENTATION_STYLE_ASSIGNMENT (( #120 ) ) ;
#72 = EDGE_CURVE ( 'NONE', #11753, #10808, #1490, .T. ) ;
#73 = VECTOR ( 'NONE', #3534, 1000.000000000000000 ) ;
#74 = VECTOR ( 'NONE', #10546, 1000.000000000000000 ) ;
#75 = ORIENTED_EDGE ( 'NONE', *, *, #9683, .T. ) ;
#76 = ORIENTED_EDGE ( 'NONE', *, *, #10767, .F. ) ;
#77 = VERTEX_POINT ( 'NONE', #5213 ) ;
#78 = LINE ( 'NONE', #7564, #6112 ) ;
#79 = ORIENTED_EDGE ( 'NONE', *, *, #8089, .T. ) ;
#80 = CARTESIAN_POINT ( 'NONE',  ( -62.56568542494919427, -2.449999999999995737, 2.300000000000142375 ) ) ;
#81 = FACE_OUTER_BOUND ( 'NONE', #7760, .T. ) ;
#82 = VECTOR ( 'NONE', #294, 1000.000000000000000 ) ;
#83 = CARTESIAN_POINT ( 'NONE',  ( -65.85555555555555429, -3.949999999999998845, 3.300000000000020250 ) ) ;
#84 = SURFACE_STYLE_USAGE ( .BOTH. , #2137 ) ;
#85 = EDGE_CURVE ( 'NONE', #11798, #11296, #2338, .T. ) ;
#86 =( LENGTH_UNIT ( ) NAMED_UNIT ( * ) SI_UNIT ( .MILLI., .METRE. ) );
#87 = VERTEX_POINT ( 'NONE', #6183 ) ;
#88 = ORIENTED_EDGE ( 'NONE', *, *, #10883, .T. ) ;
#89 =( LENGTH_UNIT ( ) NAMED_UNIT ( * ) SI_UNIT ( .MILLI., .METRE. ) );
#90 = CARTESIAN_POINT ( 'NONE',  ( -70.23431457505071762, -10.45000000000000284, 2.499999999999858336 ) ) ;
#91 = CARTESIAN_POINT ( 'NONE',  ( -64.12777777777776578, -3.949999999999997069, 3.225000000000084022 ) ) ;
#92 = FILL_AREA_STYLE ('',( #8725 ) ) ;
#93 = CARTESIAN_POINT ( 'NONE',  ( -66.38999999999994373, -10.44999999999999929, 2.300000000000000711 ) ) ;
#94 = CARTESIAN_POINT ( 'NONE',  ( -69.65000000000114255, 1.099999999999996758, 4.049999999999879918 ) ) ;
#95 =( LENGTH_UNIT ( ) NAMED_UNIT ( * ) SI_UNIT ( .MILLI., .METRE. ) );
#96 = EDGE_CURVE ( 'NONE', #10815, #10570, #5035, .T. ) ;
#97 = ORIENTED_EDGE ( 'NONE', *, *, #4300, .T. ) ;
#98 = DIRECTION ( 'NONE',  ( 1.000000000000000078E-15, -1.000000000000000000, 0.000000000000000000 ) ) ;
#99 = FILL_AREA_STYLE ('',( #937 ) ) ;
#100 = EDGE_CURVE ( 'NONE', #10247, #10470, #8973, .T. ) ;
#101 = VERTEX_POINT ( 'NONE', #216 ) ;
#102 = AXIS2_PLACEMENT_3D ( 'NONE', #6160, #4190, #11803 ) ;
#103 = VERTEX_POINT ( 'NONE', #10833 ) ;
#104 = DIRECTION ( 'NONE',  ( -1.000000000000000078E-15, 1.000000000000000000, 0.000000000000000000 ) ) ;
#105 = VECTOR ( 'NONE', #1024, 1000.000000000000000 ) ;
#106 = CARTESIAN_POINT ( 'NONE',  ( -66.79444444444442297, -10.44999999999999929, 2.999999999999985345 ) ) ;
#107 =( LENGTH_UNIT ( ) NAMED_UNIT ( * ) SI_UNIT ( .MILLI., .METRE. ) );
#108 = FILL_AREA_STYLE ('',( #6729 ) ) ;
#109 = MECHANICAL_DESIGN_GEOMETRIC_PRESENTATION_REPRESENTATION (  '', ( #5500 ), #12132 ) ;
#110 = SURFACE_SIDE_STYLE ('',( #1081 ) ) ;
#111 = EDGE_CURVE ( 'NONE', #8996, #9638, #8916, .T. ) ;
#112 = ORIENTED_EDGE ( 'NONE', *, *, #7061, .T. ) ;
#113 = ORIENTED_EDGE ( 'NONE', *, *, #4570, .T. ) ;
#114 = EDGE_LOOP ( 'NONE', ( #6407, #11740, #10632, #9289 ) ) ;
#115 = FILL_AREA_STYLE ('',( #10261 ) ) ;
#116 = DIRECTION ( 'NONE',  ( -1.000000000000000078E-15, 1.000000000000000000, 0.000000000000000000 ) ) ;
#117 = CARTESIAN_POINT ( 'NONE',  ( -62.56944444444441444, -10.44999999999999574, 3.000000000000141664 ) ) ;
#118 = UNCERTAINTY_MEASURE_WITH_UNIT (LENGTH_MEASURE( 1.000000000000000082E-05 ), #11640, 'distance_accuracy_value', 'NONE');
#119 = PRESENTATION_LAYER_ASSIGNMENT (  '', '', ( #2516 ) ) ;
#120 = SURFACE_STYLE_USAGE ( .BOTH. , #9714 ) ;
#121 = PRESENTATION_LAYER_ASSIGNMENT (  '', '', ( #9777 ) ) ;
#122 = ADVANCED_FACE ( 'NONE', ( #281 ), #2409, .T. ) ;
#123 =( LENGTH_UNIT ( ) NAMED_UNIT ( * ) SI_UNIT ( .MILLI., .METRE. ) );
#124 = AXIS2_PLACEMENT_3D ( 'NONE', #11147, #1375, #5283 ) ;
#125 = ORIENTED_EDGE ( 'NONE', *, *, #8431, .F. ) ;
#126 = VERTEX_POINT ( 'NONE', #7087 ) ;
#127 = ORIENTED_EDGE ( 'NONE', *, *, #3910, .T. ) ;
#128 = EDGE_CURVE ( 'NONE', #101, #2029, #1429, .T. ) ;
#129 =( NAMED_UNIT ( * ) PLANE_ANGLE_UNIT ( ) SI_UNIT ( $, .RADIAN. ) );
#130 =( NAMED_UNIT ( * ) SI_UNIT ( $, .STERADIAN. ) SOLID_ANGLE_UNIT ( ) );
#131 = STYLED_ITEM ( 'NONE', ( #8987 ), #6092 ) ;
#132 = ORIENTED_EDGE ( 'NONE', *, *, #5727, .F. ) ;
#133 =( NAMED_UNIT ( * ) PLANE_ANGLE_UNIT ( ) SI_UNIT ( $, .RADIAN. ) );
#134 = CARTESIAN_POINT ( 'NONE',  ( -62.55000000000004690, -8.299999999999995381, 4.800000000000142819 ) ) ;
#135 = EDGE_CURVE ( 'NONE', #8590, #7549, #9107, .T. ) ;
#136 = CARTESIAN_POINT ( 'NONE',  ( -71.45000000000001705, -5.204170427930421283E-15, 3.715685424949052518 ) ) ;
#138 = ORIENTED_EDGE ( 'NONE', *, *, #1145, .F. ) ;
#137 =( GEOMETRIC_REPRESENTATION_CONTEXT ( 3 ) GLOBAL_UNCERTAINTY_ASSIGNED_CONTEXT ( ( #11163 ) ) GLOBAL_UNIT_ASSIGNED_CONTEXT ( ( #5242, #7523, #12036 ) ) REPRESENTATION_CONTEXT ( 'NONE', 'WORKASPACE' ) );
#139 = FACE_OUTER_BOUND ( 'NONE', #10837, .T. ) ;
#140 = EDGE_CURVE ( 'NONE', #9866, #8689, #4110, .T. ) ;
#141 = STYLED_ITEM ( 'NONE', ( #655 ), #9011 ) ;
#142 = EDGE_CURVE ( 'NONE', #2099, #4732, #11833, .T. ) ;
#143 = FACE_OUTER_BOUND ( 'NONE', #2407, .T. ) ;
#144 = ORIENTED_EDGE ( 'NONE', *, *, #3128, .T. ) ;
#145 = ORIENTED_EDGE ( 'NONE', *, *, #4629, .T. ) ;
#146 = PRESENTATION_STYLE_ASSIGNMENT (( #9666 ) ) ;
#147 = PRESENTATION_STYLE_ASSIGNMENT (( #5980 ) ) ;
#148 = SURFACE_STYLE_USAGE ( .BOTH. , #333 ) ;
#149 = AXIS2_PLACEMENT_3D ( 'NONE', #7439, #909, #8459 ) ;
#150 =( GEOMETRIC_REPRESENTATION_CONTEXT ( 3 ) GLOBAL_UNCERTAINTY_ASSIGNED_CONTEXT ( ( #366 ) ) GLOBAL_UNIT_ASSIGNED_CONTEXT ( ( #10702, #10446, #9537 ) ) REPRESENTATION_CONTEXT ( 'NONE', 'WORKASPACE' ) );
#151 = SURFACE_STYLE_USAGE ( .BOTH. , #3789 ) ;
#152 = ORIENTED_EDGE ( 'NONE', *, *, #1213, .F. ) ;
#153 = SURFACE_SIDE_STYLE ('',( #218 ) ) ;
#154 = PLANE ( 'NONE',  #11193 ) ;
#155 = ORIENTED_EDGE ( 'NONE', *, *, #3384, .T. ) ;
#156 = MECHANICAL_DESIGN_GEOMETRIC_PRESENTATION_REPRESENTATION (  '', ( #2763 ), #7392 ) ;
#157 = ORIENTED_EDGE ( 'NONE', *, *, #8144, .T. ) ;
#158 = PRESENTATION_LAYER_ASSIGNMENT (  '', '', ( #6178 ) ) ;
#159 = MECHANICAL_DESIGN_GEOMETRIC_PRESENTATION_REPRESENTATION (  '', ( #11975 ), #2360 ) ;
#160 = CARTESIAN_POINT ( 'NONE',  ( -61.40857864376269504, -10.44999999999999396, 3.574264068712112774 ) ) ;
#161 = LINE ( 'NONE', #3971, #7164 ) ;
#162 = LINE ( 'NONE', #11839, #8894 ) ;
#163 = FILL_AREA_STYLE ('',( #5941 ) ) ;
#164 = VECTOR ( 'NONE', #8551, 1000.000000000000000 ) ;
#165 =( GEOMETRIC_REPRESENTATION_CONTEXT ( 3 ) GLOBAL_UNCERTAINTY_ASSIGNED_CONTEXT ( ( #5828 ) ) GLOBAL_UNIT_ASSIGNED_CONTEXT ( ( #11945, #10087, #9911 ) ) REPRESENTATION_CONTEXT ( 'NONE', 'WORKASPACE' ) );
#166 = ORIENTED_EDGE ( 'NONE', *, *, #7066, .F. ) ;
#167 = FACE_OUTER_BOUND ( 'NONE', #1575, .T. ) ;
#168 = CIRCLE ( 'NONE', #4769, 0.2000000000000057288 ) ;
#169 = VERTEX_POINT ( 'NONE', #4283 ) ;
#170 = ORIENTED_EDGE ( 'NONE', *, *, #11653, .T. ) ;
#171 =( LENGTH_UNIT ( ) NAMED_UNIT ( * ) SI_UNIT ( .MILLI., .METRE. ) );
#172 = CARTESIAN_POINT ( 'NONE',  ( -70.54999999999998295, -10.45000000000000284, 3.299999999999846612 ) ) ;
#173 = EDGE_CURVE ( 'NONE', #9229, #1805, #7968, .T. ) ;
#174 = STYLED_ITEM ( 'NONE', ( #12134 ), #6442 ) ;
#175 = LINE ( 'NONE', #6011, #6054 ) ;
#176 = EDGE_CURVE ( 'NONE', #4677, #204, #9580, .T. ) ;
#177 = AXIS2_PLACEMENT_3D ( 'NONE', #979, #3028, #3891 ) ;
#178 = LINE ( 'NONE', #9762, #1383 ) ;
#179 = FACE_OUTER_BOUND ( 'NONE', #4855, .T. ) ;
#180 = CYLINDRICAL_SURFACE ( 'NONE', #2846, 0.2000000000000005107 ) ;
#181 = CARTESIAN_POINT ( 'NONE',  ( -66.43999999999995509, -9.259094657478639689, 2.299999999999998490 ) ) ;
#182 = PRESENTATION_LAYER_ASSIGNMENT (  '', '', ( #11619 ) ) ;
#183 =( GEOMETRIC_REPRESENTATION_CONTEXT ( 3 ) GLOBAL_UNCERTAINTY_ASSIGNED_CONTEXT ( ( #7099 ) ) GLOBAL_UNIT_ASSIGNED_CONTEXT ( ( #1880, #2823, #9636 ) ) REPRESENTATION_CONTEXT ( 'NONE', 'WORKASPACE' ) );
#184 = PRESENTATION_LAYER_ASSIGNMENT (  '', '', ( #5586 ) ) ;
#185 = ORIENTED_EDGE ( 'NONE', *, *, #1726, .T. ) ;
#186 = ORIENTED_EDGE ( 'NONE', *, *, #3470, .T. ) ;
#187 = EDGE_LOOP ( 'NONE', ( #5660, #8870, #4166, #8374 ) ) ;
#188 = DIRECTION ( 'NONE',  ( -3.700000000000000011E-14, 0.000000000000000000, 1.000000000000000000 ) ) ;
#189 =( LENGTH_UNIT ( ) NAMED_UNIT ( * ) SI_UNIT ( .MILLI., .METRE. ) );
#190 = VERTEX_POINT ( 'NONE', #10910 ) ;
#191 = ADVANCED_FACE ( 'NONE', ( #342 ), #5041, .T. ) ;
#192 =( NAMED_UNIT ( * ) SI_UNIT ( $, .STERADIAN. ) SOLID_ANGLE_UNIT ( ) );
#193 =( GEOMETRIC_REPRESENTATION_CONTEXT ( 3 ) GLOBAL_UNCERTAINTY_ASSIGNED_CONTEXT ( ( #5942 ) ) GLOBAL_UNIT_ASSIGNED_CONTEXT ( ( #11471, #7593, #8415 ) ) REPRESENTATION_CONTEXT ( 'NONE', 'WORKASPACE' ) );
#194 = CYLINDRICAL_SURFACE ( 'NONE', #9711, 0.08500000000000174083 ) ;
#195 = VECTOR ( 'NONE', #3407, 1000.000000000000000 ) ;
#196 =( NAMED_UNIT ( * ) PLANE_ANGLE_UNIT ( ) SI_UNIT ( $, .RADIAN. ) );
#197 = ORIENTED_EDGE ( 'NONE', *, *, #11862, .T. ) ;
#198 = CARTESIAN_POINT ( 'NONE',  ( -66.16043361310818227, -5.716237437971248170, 2.310000000000008935 ) ) ;
#199 = VECTOR ( 'NONE', #5729, 1000.000000000000000 ) ;
#200 = COLOUR_RGB ( '',0.6274509803921568540, 0.6274509803921568540, 0.6274509803921568540 ) ;
#201 =( NAMED_UNIT ( * ) SI_UNIT ( $, .STERADIAN. ) SOLID_ANGLE_UNIT ( ) );
#202 = VERTEX_POINT ( 'NONE', #11716 ) ;
#203 = EDGE_CURVE ( 'NONE', #7668, #10307, #5111, .T. ) ;
#204 = VERTEX_POINT ( 'NONE', #5470 ) ;
#205 = FACE_OUTER_BOUND ( 'NONE', #1347, .T. ) ;
#206 = ADVANCED_FACE ( 'NONE', ( #6257 ), #12210, .T. ) ;
#207 =( NAMED_UNIT ( * ) SI_UNIT ( $, .STERADIAN. ) SOLID_ANGLE_UNIT ( ) );
#208 = DIRECTION ( 'NONE',  ( 1.000000000000000078E-15, -1.000000000000000000, 0.000000000000000000 ) ) ;
#209 = FACE_OUTER_BOUND ( 'NONE', #114, .T. ) ;
#210 = PRESENTATION_STYLE_ASSIGNMENT (( #6712 ) ) ;
#211 =( GEOMETRIC_REPRESENTATION_CONTEXT ( 3 ) GLOBAL_UNCERTAINTY_ASSIGNED_CONTEXT ( ( #5417 ) ) GLOBAL_UNIT_ASSIGNED_CONTEXT ( ( #3032, #4782, #10761 ) ) REPRESENTATION_CONTEXT ( 'NONE', 'WORKASPACE' ) );
#212 = SURFACE_STYLE_USAGE ( .BOTH. , #2147 ) ;
#213 = DIRECTION ( 'NONE',  ( 1.000000000000000078E-15, -1.000000000000000000, 0.000000000000000000 ) ) ;
#214 = AXIS2_PLACEMENT_3D ( 'NONE', #9058, #1451, #9124 ) ;
#215 = MECHANICAL_DESIGN_GEOMETRIC_PRESENTATION_REPRESENTATION (  '', ( #7663 ), #10450 ) ;
#216 = CARTESIAN_POINT ( 'NONE',  ( -62.09999999999998721, -10.44999999999999574, 3.300000000000159250 ) ) ;
#217 = VECTOR ( 'NONE', #1612, 1000.000000000000000 ) ;
#218 = SURFACE_STYLE_FILL_AREA ( #7782 ) ;
#219 = DIRECTION ( 'NONE',  ( -1.000000000000000000, -1.000000000000000078E-15, -3.394253790593256761E-14 ) ) ;
#220 = ORIENTED_EDGE ( 'NONE', *, *, #8204, .T. ) ;
#221 = VERTEX_POINT ( 'NONE', #1673 ) ;
#222 = DIRECTION ( 'NONE',  ( -1.000000000000000000, -1.000000000000000078E-15, -3.700000000000000011E-14 ) ) ;
#223 = CARTESIAN_POINT ( 'NONE',  ( -66.63910820442964678, -5.199123611138539047, 2.299999999999991385 ) ) ;
#224 = VECTOR ( 'NONE', #4858, 1000.000000000000000 ) ;
#225 = VECTOR ( 'NONE', #2579, 1000.000000000000000 ) ;
#226 =( GEOMETRIC_REPRESENTATION_CONTEXT ( 3 ) GLOBAL_UNCERTAINTY_ASSIGNED_CONTEXT ( ( #6040 ) ) GLOBAL_UNIT_ASSIGNED_CONTEXT ( ( #3273, #6352, #7181 ) ) REPRESENTATION_CONTEXT ( 'NONE', 'WORKASPACE' ) );
#227 = SURFACE_STYLE_USAGE ( .BOTH. , #8738 ) ;
#228 = SURFACE_SIDE_STYLE ('',( #1253 ) ) ;
#229 =( NAMED_UNIT ( * ) SI_UNIT ( $, .STERADIAN. ) SOLID_ANGLE_UNIT ( ) );
#230 =( NAMED_UNIT ( * ) SI_UNIT ( $, .STERADIAN. ) SOLID_ANGLE_UNIT ( ) );
#231 = EDGE_LOOP ( 'NONE', ( #603, #3438, #5893, #6890 ) ) ;
#232 = PRESENTATION_LAYER_ASSIGNMENT (  '', '', ( #8889 ) ) ;
#233 = AXIS2_PLACEMENT_3D ( 'NONE', #11473, #3791, #8603 ) ;
#234 = AXIS2_PLACEMENT_3D ( 'NONE', #2460, #8458, #12258 ) ;
#235 = ORIENTED_EDGE ( 'NONE', *, *, #2165, .T. ) ;
#236 = ORIENTED_EDGE ( 'NONE', *, *, #9076, .F. ) ;
#237 = VECTOR ( 'NONE', #12357, 1000.000000000000000 ) ;
#238 = LINE ( 'NONE', #4054, #8093 ) ;
#239 = AXIS2_PLACEMENT_3D ( 'NONE', #11720, #9044, #6963 ) ;
#240 = VECTOR ( 'NONE', #11117, 1000.000000000000000 ) ;
#241 =( LENGTH_UNIT ( ) NAMED_UNIT ( * ) SI_UNIT ( .MILLI., .METRE. ) );
#242 = CARTESIAN_POINT ( 'NONE',  ( -61.15000000000001279, -10.44999999999999396, 3.715685424949433546 ) ) ;
#243 = LINE ( 'NONE', #2244, #11487 ) ;
#244 = LINE ( 'NONE', #3258, #2778 ) ;
#245 = COLOUR_RGB ( '',0.6274509803921568540, 0.6274509803921568540, 0.6274509803921568540 ) ;
#246 = MECHANICAL_DESIGN_GEOMETRIC_PRESENTATION_REPRESENTATION (  '', ( #10877 ), #8697 ) ;
#247 = SURFACE_STYLE_USAGE ( .BOTH. , #7931 ) ;
#248 = LINE ( 'NONE', #3077, #11215 ) ;
#249 = SURFACE_SIDE_STYLE ('',( #9650 ) ) ;
#250 = FACE_OUTER_BOUND ( 'NONE', #4015, .T. ) ;
#251 = CARTESIAN_POINT ( 'NONE',  ( -66.30000000000114824, 1.100000000000000311, 4.150000000000011902 ) ) ;
#252 = ADVANCED_FACE ( 'NONE', ( #727 ), #2667, .F. ) ;
#253 = ORIENTED_EDGE ( 'NONE', *, *, #10040, .F. ) ;
#254 = VERTEX_POINT ( 'NONE', #9415 ) ;
#255 = EDGE_LOOP ( 'NONE', ( #11925, #1033, #9352, #10909 ) ) ;
#256 = VECTOR ( 'NONE', #8213, 1000.000000000000000 ) ;
#257 = EDGE_CURVE ( 'NONE', #4282, #1854, #5404, .T. ) ;
#258 =( LENGTH_UNIT ( ) NAMED_UNIT ( * ) SI_UNIT ( .MILLI., .METRE. ) );
#259 = ORIENTED_EDGE ( 'NONE', *, *, #11707, .T. ) ;
#260 = PLANE ( 'NONE',  #10592 ) ;
#261 = DIRECTION ( 'NONE',  ( 1.000000000000000000, 1.000000000000000078E-15, 3.695877884809559986E-14 ) ) ;
#262 = EDGE_CURVE ( 'NONE', #5278, #11368, #664, .T. ) ;
#263 = FILL_AREA_STYLE_COLOUR ( '', #3090 ) ;
#264 = STYLED_ITEM ( 'NONE', ( #5251 ), #5148 ) ;
#265 = LINE ( 'NONE', #2387, #10983 ) ;
#266 = EDGE_LOOP ( 'NONE', ( #10275, #4834, #12175, #919 ) ) ;
#267 = VECTOR ( 'NONE', #9441, 1000.000000000000000 ) ;
#268 =( NAMED_UNIT ( * ) SI_UNIT ( $, .STERADIAN. ) SOLID_ANGLE_UNIT ( ) );
#269 = SURFACE_SIDE_STYLE ('',( #8958 ) ) ;
#270 = ORIENTED_EDGE ( 'NONE', *, *, #8744, .F. ) ;
#271 = VERTEX_POINT ( 'NONE', #9291 ) ;
#272 = UNCERTAINTY_MEASURE_WITH_UNIT (LENGTH_MEASURE( 1.000000000000000082E-05 ), #3156, 'distance_accuracy_value', 'NONE');
#273 = SURFACE_STYLE_FILL_AREA ( #1302 ) ;
#274 = CARTESIAN_POINT ( 'NONE',  ( -69.76111111111110574, -10.45000000000000284, 3.299999999999875921 ) ) ;
#275 = CARTESIAN_POINT ( 'NONE',  ( -71.45000000000004547, -10.45000000000000462, 4.799999999999813305 ) ) ;
#276 = DIRECTION ( 'NONE',  ( -3.700000000000000011E-14, 0.000000000000000000, 1.000000000000000000 ) ) ;
#277 = EDGE_CURVE ( 'NONE', #6140, #9442, #7270, .T. ) ;
#278 = FACE_BOUND ( 'NONE', #7173, .T. ) ;
#279 =( NAMED_UNIT ( * ) SI_UNIT ( $, .STERADIAN. ) SOLID_ANGLE_UNIT ( ) );
#280 = PRESENTATION_STYLE_ASSIGNMENT (( #1170 ) ) ;
#281 = FACE_OUTER_BOUND ( 'NONE', #10378, .T. ) ;
#282 = SURFACE_STYLE_USAGE ( .BOTH. , #8917 ) ;
#283 = EDGE_CURVE ( 'NONE', #11800, #8954, #4340, .T. ) ;
#284 =( GEOMETRIC_REPRESENTATION_CONTEXT ( 3 ) GLOBAL_UNCERTAINTY_ASSIGNED_CONTEXT ( ( #790 ) ) GLOBAL_UNIT_ASSIGNED_CONTEXT ( ( #3144, #10813, #11469 ) ) REPRESENTATION_CONTEXT ( 'NONE', 'WORKASPACE' ) );
#285 = ORIENTED_EDGE ( 'NONE', *, *, #7980, .F. ) ;
#286 = VERTEX_POINT ( 'NONE', #6314 ) ;
#287 = VECTOR ( 'NONE', #11732, 1000.000000000000000 ) ;
#288 = VERTEX_POINT ( 'NONE', #4468 ) ;
#289 = FACE_OUTER_BOUND ( 'NONE', #255, .T. ) ;
#290 = DIRECTION ( 'NONE',  ( -1.000000000000000078E-15, 1.000000000000000000, 0.000000000000000000 ) ) ;
#291 = EDGE_CURVE ( 'NONE', #12141, #8818, #8592, .T. ) ;
#292 = SURFACE_SIDE_STYLE ('',( #3004 ) ) ;
#293 = DIRECTION ( 'NONE',  ( -0.03909037293414738268, -0.9992356792788522624, 0.000000000000000000 ) ) ;
#294 = DIRECTION ( 'NONE',  ( 1.000000000000000000, 1.000000000000000078E-15, 3.754653881869017213E-14 ) ) ;
#295 = DIRECTION ( 'NONE',  ( -1.000000000000000078E-15, 1.000000000000000000, 0.000000000000000000 ) ) ;
#296 = ORIENTED_EDGE ( 'NONE', *, *, #5963, .T. ) ;
#297 = CARTESIAN_POINT ( 'NONE',  ( -66.32499999999997442, -10.44999999999999929, 3.000000000000003109 ) ) ;
#298 = EDGE_CURVE ( 'NONE', #254, #1882, #6566, .T. ) ;
#299 = ORIENTED_EDGE ( 'NONE', *, *, #3287, .T. ) ;
#300 = ORIENTED_EDGE ( 'NONE', *, *, #9755, .F. ) ;
#301 = DIRECTION ( 'NONE',  ( -1.000000000000000078E-15, 1.000000000000000000, 0.000000000000000000 ) ) ;
#302 = DIRECTION ( 'NONE',  ( -1.000000000000000000, -1.000000000000000078E-15, -3.700000000000000011E-14 ) ) ;
#303 = SURFACE_SIDE_STYLE ('',( #825 ) ) ;
#304 = CARTESIAN_POINT ( 'NONE',  ( -66.89876734635691946, -5.820804194777459806, 2.309999999999981846 ) ) ;
#305 = LINE ( 'NONE', #1513, #11294 ) ;
#306 = UNCERTAINTY_MEASURE_WITH_UNIT (LENGTH_MEASURE( 1.000000000000000082E-05 ), #10185, 'distance_accuracy_value', 'NONE');
#307 = CARTESIAN_POINT ( 'NONE',  ( -70.23431457505073183, -3.469446951953614189E-15, 2.699999999999858513 ) ) ;
#308 = PLANE ( 'NONE',  #8072 ) ;
#309 = SURFACE_STYLE_FILL_AREA ( #11737 ) ;
#310 =( NAMED_UNIT ( * ) PLANE_ANGLE_UNIT ( ) SI_UNIT ( $, .RADIAN. ) );
#311 = VERTEX_POINT ( 'NONE', #10390 ) ;
#312 = ORIENTED_EDGE ( 'NONE', *, *, #3030, .T. ) ;
#313 = ORIENTED_EDGE ( 'NONE', *, *, #4695, .F. ) ;
#314 = STYLED_ITEM ( 'NONE', ( #908 ), #1517 ) ;
#315 = PLANE ( 'NONE',  #8296 ) ;
#316 = ORIENTED_EDGE ( 'NONE', *, *, #9348, .T. ) ;
#317 = AXIS2_PLACEMENT_3D ( 'NONE', #5817, #9680, #532 ) ;
#318 = CARTESIAN_POINT ( 'NONE',  ( -62.55000000000003268, -8.299999999999995381, 4.600000000000141753 ) ) ;
#319 = CARTESIAN_POINT ( 'NONE',  ( -65.85555555555554008, -10.44999999999999929, 3.000000000000020428 ) ) ;
#320 = SURFACE_SIDE_STYLE ('',( #3274 ) ) ;
#321 = EDGE_LOOP ( 'NONE', ( #11896, #2424, #3082, #7712 ) ) ;
#322 = CARTESIAN_POINT ( 'NONE',  ( -67.20277777777893391, 1.100000000000000311, 4.249999999999970690 ) ) ;
#323 = AXIS2_PLACEMENT_3D ( 'NONE', #6465, #1929, #10299 ) ;
#324 = PRESENTATION_STYLE_ASSIGNMENT (( #8079 ) ) ;
#325 = ORIENTED_EDGE ( 'NONE', *, *, #4892, .T. ) ;
#326 = ORIENTED_EDGE ( 'NONE', *, *, #6991, .F. ) ;
#327 = SURFACE_STYLE_FILL_AREA ( #4082 ) ;
#328 = LINE ( 'NONE', #8017, #5238 ) ;
#329 = CARTESIAN_POINT ( 'NONE',  ( -66.79444444444445139, -3.949999999999999734, 3.299999999999985612 ) ) ;
#330 = CARTESIAN_POINT ( 'NONE',  ( -66.30000000000114824, 1.100000000000000311, 4.150000000000011902 ) ) ;
#331 = EDGE_CURVE ( 'NONE', #9033, #5845, #4659, .T. ) ;
#332 = EDGE_CURVE ( 'NONE', #11639, #4196, #8656, .T. ) ;
#333 = SURFACE_SIDE_STYLE ('',( #10770 ) ) ;
#334 = LINE ( 'NONE', #2464, #9821 ) ;
#335 =( LENGTH_UNIT ( ) NAMED_UNIT ( * ) SI_UNIT ( .MILLI., .METRE. ) );
#336 = PRESENTATION_LAYER_ASSIGNMENT (  '', '', ( #4939 ) ) ;
#337 = CARTESIAN_POINT ( 'NONE',  ( -64.59722222222220012, -10.44999999999999751, 3.000000000000067057 ) ) ;
#338 = CARTESIAN_POINT ( 'NONE',  ( -65.11666666666781111, 3.550000074505801795, 4.050000000000047784 ) ) ;
#339 = PRESENTATION_STYLE_ASSIGNMENT (( #7903 ) ) ;
#340 = EDGE_LOOP ( 'NONE', ( #7548, #6721, #630, #10678 ) ) ;
#341 = ORIENTED_EDGE ( 'NONE', *, *, #1834, .F. ) ;
#342 = FACE_OUTER_BOUND ( 'NONE', #10026, .T. ) ;
#343 = PRESENTATION_STYLE_ASSIGNMENT (( #2158 ) ) ;
#344 = DIRECTION ( 'NONE',  ( -3.700000000000000011E-14, 6.360191048344410484E-30, 1.000000000000000000 ) ) ;
#345 =( GEOMETRIC_REPRESENTATION_CONTEXT ( 3 ) GLOBAL_UNCERTAINTY_ASSIGNED_CONTEXT ( ( #2070 ) ) GLOBAL_UNIT_ASSIGNED_CONTEXT ( ( #12327, #12131, #3700 ) ) REPRESENTATION_CONTEXT ( 'NONE', 'WORKASPACE' ) );
#346 = AXIS2_PLACEMENT_3D ( 'NONE', #11631, #11391, #1045 ) ;
#347 = DIRECTION ( 'NONE',  ( -1.000000000000000078E-15, 1.000000000000000000, 0.000000000000000000 ) ) ;
#348 = CARTESIAN_POINT ( 'NONE',  ( -65.06666666666666288, -10.44999999999999751, 3.300000000000049560 ) ) ;
#349 = EDGE_CURVE ( 'NONE', #3036, #807, #4604, .T. ) ;
#350 = DIRECTION ( 'NONE',  ( -1.000000000000000000, -1.000000000000000078E-15, -3.700000000000000011E-14 ) ) ;
#351 = FILL_AREA_STYLE ('',( #7791 ) ) ;
#352 = VERTEX_POINT ( 'NONE', #2860 ) ;
#353 = ADVANCED_FACE ( 'NONE', ( #11400 ), #11586, .T. ) ;
#354 =( LENGTH_UNIT ( ) NAMED_UNIT ( * ) SI_UNIT ( .MILLI., .METRE. ) );
#355 = VECTOR ( 'NONE', #4116, 1000.000000000000000 ) ;
#356 = AXIS2_PLACEMENT_3D ( 'NONE', #7627, #3755, #1713 ) ;
#357 = PRESENTATION_LAYER_ASSIGNMENT (  '', '', ( #11975 ) ) ;
#358 = VERTEX_POINT ( 'NONE', #2917 ) ;
#359 = ORIENTED_EDGE ( 'NONE', *, *, #1468, .T. ) ;
#360 = CARTESIAN_POINT ( 'NONE',  ( -69.14166666666665151, -10.45000000000000284, 2.999999999999898748 ) ) ;
#361 = CARTESIAN_POINT ( 'NONE',  ( -61.35000000000001563, -2.449999999999993960, 3.715685424949425997 ) ) ;
#362 = EDGE_CURVE ( 'NONE', #7892, #390, #7827, .T. ) ;
#363 = FILL_AREA_STYLE ('',( #7043 ) ) ;
#364 = EDGE_CURVE ( 'NONE', #7681, #202, #2980, .T. ) ;
#365 = CARTESIAN_POINT ( 'NONE',  ( -68.65000000000004832, -8.100000000000001421, 4.799999999999917222 ) ) ;
#366 = UNCERTAINTY_MEASURE_WITH_UNIT (LENGTH_MEASURE( 1.000000000000000082E-05 ), #10702, 'distance_accuracy_value', 'NONE');
#367 = CARTESIAN_POINT ( 'NONE',  ( -62.09999999999998721, -10.44999999999999574, 3.300000000000159250 ) ) ;
#368 = FACE_OUTER_BOUND ( 'NONE', #10208, .T. ) ;
#369 = VECTOR ( 'NONE', #10095, 1000.000000000000000 ) ;
#370 = EDGE_CURVE ( 'NONE', #9638, #1292, #2032, .T. ) ;
#371 = SURFACE_STYLE_FILL_AREA ( #9815 ) ;
#372 = EDGE_CURVE ( 'NONE', #4768, #1424, #8538, .T. ) ;
#373 = LINE ( 'NONE', #2311, #2599 ) ;
#374 = LINE ( 'NONE', #1458, #8319 ) ;
#375 = MECHANICAL_DESIGN_GEOMETRIC_PRESENTATION_REPRESENTATION (  '', ( #5792 ), #10622 ) ;
#376 = ORIENTED_EDGE ( 'NONE', *, *, #10303, .F. ) ;
#377 = ORIENTED_EDGE ( 'NONE', *, *, #7431, .T. ) ;
#378 = CIRCLE ( 'NONE', #9242, 0.1099999999999990846 ) ;
#379 = COLOUR_RGB ( '',0.007843137254901960675, 0.007843137254901960675, 0.007843137254901960675 ) ;
#380 =( NAMED_UNIT ( * ) PLANE_ANGLE_UNIT ( ) SI_UNIT ( $, .RADIAN. ) );
#381 = ORIENTED_EDGE ( 'NONE', *, *, #7994, .T. ) ;
#382 = FACE_OUTER_BOUND ( 'NONE', #10246, .T. ) ;
#383 = COLOUR_RGB ( '',0.9529411764705881804, 0.7960784313725489669, 0.4862745098039215619 ) ;
#384 = PRESENTATION_LAYER_ASSIGNMENT (  '', '', ( #5805 ) ) ;
#385 = DIRECTION ( 'NONE',  ( -1.000000000000000078E-15, 1.000000000000000000, 0.000000000000000000 ) ) ;
#386 = DIRECTION ( 'NONE',  ( 3.700000000000000011E-14, -0.000000000000000000, -1.000000000000000000 ) ) ;
#387 = ORIENTED_EDGE ( 'NONE', *, *, #7185, .T. ) ;
#388 = COLOUR_RGB ( '',0.007843137254901960675, 0.007843137254901960675, 0.007843137254901960675 ) ;
#389 = CARTESIAN_POINT ( 'NONE',  ( -65.11666666666781111, 1.100000000000002087, 4.100000000000047606 ) ) ;
#390 = VERTEX_POINT ( 'NONE', #12338 ) ;
#391 = FILL_AREA_STYLE ('',( #9023 ) ) ;
#392 = VECTOR ( 'NONE', #11032, 1000.000000000000000 ) ;
#393 = PRESENTATION_LAYER_ASSIGNMENT (  '', '', ( #8042 ) ) ;
#394 = ADVANCED_FACE ( 'NONE', ( #3712 ), #6769, .F. ) ;
#395 = FACE_OUTER_BOUND ( 'NONE', #5040, .T. ) ;
#396 = FILL_AREA_STYLE ('',( #1483 ) ) ;
#397 = CARTESIAN_POINT ( 'NONE',  ( -64.59444444444558542, 1.100000000000002087, 4.250000000000067502 ) ) ;
#398 =( NAMED_UNIT ( * ) PLANE_ANGLE_UNIT ( ) SI_UNIT ( $, .RADIAN. ) );
#399 = CARTESIAN_POINT ( 'NONE',  ( -67.37638888888886868, -3.950000000000000178, 2.999999999999964029 ) ) ;
#400 = FILL_AREA_STYLE_COLOUR ( '', #1258 ) ;
#401 = FILL_AREA_STYLE_COLOUR ( '', #2615 ) ;
#402 = CARTESIAN_POINT ( 'NONE',  ( -70.23431457505073183, 1.549999999999997602, 2.299999999999858602 ) ) ;
#403 = FACE_OUTER_BOUND ( 'NONE', #3694, .T. ) ;
#404 = CARTESIAN_POINT ( 'NONE',  ( -66.56111111111226819, -0.4499999999999990119, 4.249999999999994671 ) ) ;
#405 = VECTOR ( 'NONE', #10737, 1000.000000000000000 ) ;
#406 = EDGE_CURVE ( 'NONE', #8235, #3524, #8836, .T. ) ;
#407 = EDGE_LOOP ( 'NONE', ( #8944, #8424, #76, #4839 ) ) ;
#408 = ORIENTED_EDGE ( 'NONE', *, *, #10965, .F. ) ;
#409 = CARTESIAN_POINT ( 'NONE',  ( -66.35000000000059117, 1.100000000000000311, 4.050000000000002487 ) ) ;
#410 =( NAMED_UNIT ( * ) PLANE_ANGLE_UNIT ( ) SI_UNIT ( $, .RADIAN. ) );
#411 = EDGE_CURVE ( 'NONE', #10974, #3776, #8906, .T. ) ;
#412 = SURFACE_SIDE_STYLE ('',( #6129 ) ) ;
#413 = CARTESIAN_POINT ( 'NONE',  ( -67.26388888888888573, -10.44999999999999929, 3.299999999999968292 ) ) ;
#414 = MECHANICAL_DESIGN_GEOMETRIC_PRESENTATION_REPRESENTATION (  '', ( #8058 ), #3991 ) ;
#415 = DIRECTION ( 'NONE',  ( 1.000000000000000000, 0.000000000000000000, 3.903127820947704260E-14 ) ) ;
#416 = AXIS2_PLACEMENT_3D ( 'NONE', #942, #3800, #4606 ) ;
#417 = AXIS2_PLACEMENT_3D ( 'NONE', #489, #1379, #2228 ) ;
#418 = CARTESIAN_POINT ( 'NONE',  ( -67.41388888888887720, -10.45000000000000107, 2.999999999999962697 ) ) ;
#419 = SURFACE_STYLE_USAGE ( .BOTH. , #6382 ) ;
#420 =( NAMED_UNIT ( * ) SI_UNIT ( $, .STERADIAN. ) SOLID_ANGLE_UNIT ( ) );
#421 = DIRECTION ( 'NONE',  ( -3.700000000000000011E-14, 0.000000000000000000, 1.000000000000000000 ) ) ;
#422 = UNCERTAINTY_MEASURE_WITH_UNIT (LENGTH_MEASURE( 1.000000000000000082E-05 ), #4163, 'distance_accuracy_value', 'NONE');
#423 = FILL_AREA_STYLE_COLOUR ( '', #7026 ) ;
#424 = DIRECTION ( 'NONE',  ( -3.700000000000000011E-14, 0.000000000000000000, 1.000000000000000000 ) ) ;
#425 = EDGE_CURVE ( 'NONE', #3083, #2887, #10895, .T. ) ;
#426 = CIRCLE ( 'NONE', #10258, 0.09999999999999939493 ) ;
#427 = ORIENTED_EDGE ( 'NONE', *, *, #9450, .T. ) ;
#428 = CARTESIAN_POINT ( 'NONE',  ( -66.90715378721645834, -8.232011866121927923, 2.299999999999981171 ) ) ;
#429 = STYLED_ITEM ( 'NONE', ( #5936 ), #11801 ) ;
#430 = ORIENTED_EDGE ( 'NONE', *, *, #9571, .F. ) ;
#431 = ORIENTED_EDGE ( 'NONE', *, *, #5561, .F. ) ;
#432 = VECTOR ( 'NONE', #7670, 1000.000000000000000 ) ;
#433 = PLANE ( 'NONE',  #12281 ) ;
#434 = CARTESIAN_POINT ( 'NONE',  ( -61.55000000000001137, 5.204170427930421283E-15, 3.715685424949415783 ) ) ;
#435 = PLANE ( 'NONE',  #1315 ) ;
#436 = SURFACE_SIDE_STYLE ('',( #10050 ) ) ;
#437 = SURFACE_STYLE_FILL_AREA ( #3545 ) ;
#438 = DIRECTION ( 'NONE',  ( -1.000000000000000000, -1.000000000000000078E-15, -3.700000000000000011E-14 ) ) ;
#439 = CARTESIAN_POINT ( 'NONE',  ( -62.09999999999998721, -3.949999999999995293, 3.000000000000159428 ) ) ;
#440 = FILL_AREA_STYLE_COLOUR ( '', #1487 ) ;
#441 = DIRECTION ( 'NONE',  ( -3.700000000000000011E-14, 0.000000000000000000, 1.000000000000000000 ) ) ;
#442 = DIRECTION ( 'NONE',  ( -0.3017120651457809721, 0.9533990925868705002, -8.673617379883857189E-15 ) ) ;
#443 = COLOUR_RGB ( '',0.9529411764705881804, 0.7960784313725489669, 0.4862745098039215619 ) ;
#444 = PLANE ( 'NONE',  #9018 ) ;
#445 = COLOUR_RGB ( '',0.9529411764705881804, 0.7960784313725489669, 0.4862745098039215619 ) ;
#446 = ORIENTED_EDGE ( 'NONE', *, *, #1749, .F. ) ;
#447 = ORIENTED_EDGE ( 'NONE', *, *, #1192, .F. ) ;
#448 = CARTESIAN_POINT ( 'NONE',  ( -62.66249999999996589, 3.469446951953614189E-15, 2.320342712474758429 ) ) ;
#449 = FACE_OUTER_BOUND ( 'NONE', #266, .T. ) ;
#450 = LINE ( 'NONE', #11985, #2856 ) ;
#451 = VECTOR ( 'NONE', #11912, 1000.000000000000000 ) ;
#452 = VERTEX_POINT ( 'NONE', #7004 ) ;
#453 =( NAMED_UNIT ( * ) SI_UNIT ( $, .STERADIAN. ) SOLID_ANGLE_UNIT ( ) );
#454 = STYLED_ITEM ( 'NONE', ( #2907 ), #9870 ) ;
#455 = VECTOR ( 'NONE', #2277, 1000.000000000000000 ) ;
#456 = STYLED_ITEM ( 'NONE', ( #7959 ), #2363 ) ;
#457 = CARTESIAN_POINT ( 'NONE',  ( -66.89876734635691946, -8.135402097388729103, 2.299999999999981615 ) ) ;
#458 = ADVANCED_FACE ( 'NONE', ( #4961 ), #10766, .T. ) ;
#459 = DIRECTION ( 'NONE',  ( -1.000000000000000078E-15, 1.000000000000000000, 0.000000000000000000 ) ) ;
#460 = ORIENTED_EDGE ( 'NONE', *, *, #10422, .T. ) ;
#461 = PLANE ( 'NONE',  #5203 ) ;
#462 = AXIS2_PLACEMENT_3D ( 'NONE', #8024, #2335, #6051 ) ;
#463 = CARTESIAN_POINT ( 'NONE',  ( -64.44722222222220864, -10.44999999999999751, 3.300000000000072209 ) ) ;
#464 = VECTOR ( 'NONE', #5570, 1000.000000000000000 ) ;
#465 = FILL_AREA_STYLE_COLOUR ( '', #3812 ) ;
#466 = DIRECTION ( 'NONE',  ( -1.000000000000000000, -1.000000000000000078E-15, -3.695877884809559986E-14 ) ) ;
#467 = SURFACE_STYLE_FILL_AREA ( #7256 ) ;
#468 =( LENGTH_UNIT ( ) NAMED_UNIT ( * ) SI_UNIT ( .MILLI., .METRE. ) );
#469 = PRESENTATION_LAYER_ASSIGNMENT (  '', '', ( #264 ) ) ;
#470 = FILL_AREA_STYLE_COLOUR ( '', #1274 ) ;
#471 = VECTOR ( 'NONE', #5489, 1000.000000000000000 ) ;
#472 = EDGE_CURVE ( 'NONE', #2698, #12025, #10709, .T. ) ;
#473 =( LENGTH_UNIT ( ) NAMED_UNIT ( * ) SI_UNIT ( .MILLI., .METRE. ) );
#474 = SURFACE_STYLE_USAGE ( .BOTH. , #9096 ) ;
#475 = CARTESIAN_POINT ( 'NONE',  ( -71.45000000000005969, 1.549999999999995826, 4.599999999999813127 ) ) ;
#476 =( LENGTH_UNIT ( ) NAMED_UNIT ( * ) SI_UNIT ( .MILLI., .METRE. ) );
#477 = LINE ( 'NONE', #11898, #369 ) ;
#478 = ORIENTED_EDGE ( 'NONE', *, *, #3181, .F. ) ;
#479 = ORIENTED_EDGE ( 'NONE', *, *, #6839, .F. ) ;
#480 = DIRECTION ( 'NONE',  ( -1.000000000000000078E-15, 1.000000000000000000, 0.000000000000000000 ) ) ;
#481 =( NAMED_UNIT ( * ) PLANE_ANGLE_UNIT ( ) SI_UNIT ( $, .RADIAN. ) );
#482 = LINE ( 'NONE', #4285, #6426 ) ;
#483 = MECHANICAL_DESIGN_GEOMETRIC_PRESENTATION_REPRESENTATION (  '', ( #8532 ), #896 ) ;
#484 = LINE ( 'NONE', #2413, #9176 ) ;
#485 = EDGE_CURVE ( 'NONE', #204, #9819, #2270, .T. ) ;
#486 = DIRECTION ( 'NONE',  ( 3.699999999999998749E-14, -9.860761315263910926E-32, -1.000000000000000000 ) ) ;
#487 = DIRECTION ( 'NONE',  ( 1.000000000000000078E-15, -1.000000000000000000, 0.000000000000000000 ) ) ;
#488 = CARTESIAN_POINT ( 'NONE',  ( -63.87222222222337109, -0.4499999999999972911, 4.250000000000094147 ) ) ;
#489 = CARTESIAN_POINT ( 'NONE',  ( -69.65000000000114255, -0.4500000000000025091, 4.249999999999880096 ) ) ;
#490 = PRESENTATION_LAYER_ASSIGNMENT (  '', '', ( #10713 ) ) ;
#491 = EDGE_LOOP ( 'NONE', ( #4352, #3854, #6584, #1773 ) ) ;
#492 = MECHANICAL_DESIGN_GEOMETRIC_PRESENTATION_REPRESENTATION (  '', ( #9140 ), #10928 ) ;
#493 = VERTEX_POINT ( 'NONE', #10824 ) ;
#494 = ORIENTED_EDGE ( 'NONE', *, *, #6558, .T. ) ;
#495 = DIRECTION ( 'NONE',  ( 1.000000000000000000, 8.450624072831980773E-16, 3.700000000000000011E-14 ) ) ;
#496 = CARTESIAN_POINT ( 'NONE',  ( -62.71944444444444144, -10.44999999999999574, 3.300000000000136158 ) ) ;
#497 = SURFACE_SIDE_STYLE ('',( #864 ) ) ;
#498 =( NAMED_UNIT ( * ) SI_UNIT ( $, .STERADIAN. ) SOLID_ANGLE_UNIT ( ) );
#499 = UNCERTAINTY_MEASURE_WITH_UNIT (LENGTH_MEASURE( 1.000000000000000082E-05 ), #1250, 'distance_accuracy_value', 'NONE');
#500 = ADVANCED_FACE ( 'NONE', ( #205 ), #5979, .T. ) ;
#501 = PLANE ( 'NONE',  #9891 ) ;
#502 =( LENGTH_UNIT ( ) NAMED_UNIT ( * ) SI_UNIT ( .MILLI., .METRE. ) );
#503 = DIRECTION ( 'NONE',  ( -3.700000000000000011E-14, 0.000000000000000000, 1.000000000000000000 ) ) ;
#504 =( NAMED_UNIT ( * ) PLANE_ANGLE_UNIT ( ) SI_UNIT ( $, .RADIAN. ) );
#505 = DIRECTION ( 'NONE',  ( -1.000000000000000000, -1.000000000000000078E-15, -3.700000000000000011E-14 ) ) ;
#506 = VERTEX_POINT ( 'NONE', #7372 ) ;
#507 = ORIENTED_EDGE ( 'NONE', *, *, #6554, .F. ) ;
#508 =( LENGTH_UNIT ( ) NAMED_UNIT ( * ) SI_UNIT ( .MILLI., .METRE. ) );
#509 = VECTOR ( 'NONE', #11447, 1000.000000000000000 ) ;
#510 = DIRECTION ( 'NONE',  ( -1.000000000000000000, -1.000000000000000078E-15, -3.700000000000000011E-14 ) ) ;
#511 = VERTEX_POINT ( 'NONE', #10195 ) ;
#512 =( NAMED_UNIT ( * ) PLANE_ANGLE_UNIT ( ) SI_UNIT ( $, .RADIAN. ) );
#513 = PLANE ( 'NONE',  #1251 ) ;
#514 = VECTOR ( 'NONE', #7337, 1000.000000000000000 ) ;
#515 = EDGE_CURVE ( 'NONE', #10720, #5482, #7189, .T. ) ;
#516 = DIRECTION ( 'NONE',  ( -3.700000000000000011E-14, 0.000000000000000000, 1.000000000000000000 ) ) ;
#517 = FILL_AREA_STYLE ('',( #465 ) ) ;
#518 = CARTESIAN_POINT ( 'NONE',  ( -62.56568542494920848, -10.44999999999999574, 2.700000000000142286 ) ) ;
#519 = VECTOR ( 'NONE', #5551, 1000.000000000000000 ) ;
#520 = CARTESIAN_POINT ( 'NONE',  ( -71.25000000000001421, -10.45000000000000462, 3.715685424949058735 ) ) ;
#521 = FILL_AREA_STYLE_COLOUR ( '', #6972 ) ;
#522 = UNCERTAINTY_MEASURE_WITH_UNIT (LENGTH_MEASURE( 1.000000000000000082E-05 ), #7406, 'distance_accuracy_value', 'NONE');
#523 = EDGE_CURVE ( 'NONE', #5930, #6689, #3455, .T. ) ;
#524 = STYLED_ITEM ( 'NONE', ( #5823 ), #1743 ) ;
#525 = DIRECTION ( 'NONE',  ( -3.574453836231137303E-14, 1.255461637688630224E-30, 1.000000000000000000 ) ) ;
#526 = EDGE_CURVE ( 'NONE', #2710, #3571, #7433, .T. ) ;
#527 = DIRECTION ( 'NONE',  ( -3.700000000000000011E-14, 0.000000000000000000, 1.000000000000000000 ) ) ;
#528 = CARTESIAN_POINT ( 'NONE',  ( -66.82574011479525211, -8.177675969015290036, 2.299999999999984279 ) ) ;
#529 =( NAMED_UNIT ( * ) SI_UNIT ( $, .STERADIAN. ) SOLID_ANGLE_UNIT ( ) );
#530 = EDGE_CURVE ( 'NONE', #6564, #7964, #5512, .T. ) ;
#531 = FILL_AREA_STYLE_COLOUR ( '', #1203 ) ;
#532 = DIRECTION ( 'NONE',  ( 6.938893903907119830E-14, 3.851859888774411450E-30, -1.000000000000000000 ) ) ;
#533 = SURFACE_STYLE_FILL_AREA ( #5215 ) ;
#534 = COLOUR_RGB ( '',0.9529411764705881804, 0.7960784313725489669, 0.4862745098039215619 ) ;
#535 = ORIENTED_EDGE ( 'NONE', *, *, #6393, .T. ) ;
#536 = ORIENTED_EDGE ( 'NONE', *, *, #10635, .T. ) ;
#537 = DIRECTION ( 'NONE',  ( -3.700000000000000011E-14, 0.000000000000000000, 1.000000000000000000 ) ) ;
#538 = FILL_AREA_STYLE ('',( #10962 ) ) ;
#539 = CARTESIAN_POINT ( 'NONE',  ( -62.56568542494919427, -2.399999617645516281, 2.300000000000142375 ) ) ;
#540 =( NAMED_UNIT ( * ) PLANE_ANGLE_UNIT ( ) SI_UNIT ( $, .RADIAN. ) );
#541 = CARTESIAN_POINT ( 'NONE',  ( -68.67222222222221717, -3.950000000000001954, 3.299999999999916334 ) ) ;
#542 = CARTESIAN_POINT ( 'NONE',  ( -71.45000000000004547, -10.45000000000000462, 4.599999999999813127 ) ) ;
#543 = DIRECTION ( 'NONE',  ( 3.700000000000000011E-14, -0.000000000000000000, -1.000000000000000000 ) ) ;
#544 = CARTESIAN_POINT ( 'NONE',  ( -66.41371940829354514, -10.44999999999999929, 2.309999999999999609 ) ) ;
#545 = UNCERTAINTY_MEASURE_WITH_UNIT (LENGTH_MEASURE( 1.000000000000000082E-05 ), #10337, 'distance_accuracy_value', 'NONE');
#546 = DIRECTION ( 'NONE',  ( -0.9915896977177649507, 0.1294212941520502536, -3.571489509363875098E-14 ) ) ;
#547 = VERTEX_POINT ( 'NONE', #11244 ) ;
#548 =( LENGTH_UNIT ( ) NAMED_UNIT ( * ) SI_UNIT ( .MILLI., .METRE. ) );
#549 = AXIS2_PLACEMENT_3D ( 'NONE', #2803, #8782, #2089 ) ;
#550 = COLOUR_RGB ( '',0.007843137254901960675, 0.007843137254901960675, 0.007843137254901960675 ) ;
#551 = VERTEX_POINT ( 'NONE', #5267 ) ;
#552 = ORIENTED_EDGE ( 'NONE', *, *, #11760, .T. ) ;
#553 = ORIENTED_EDGE ( 'NONE', *, *, #7219, .T. ) ;
#554 = FILL_AREA_STYLE_COLOUR ( '', #11484 ) ;
#555 = DIRECTION ( 'NONE',  ( -1.000000000000000000, -1.000000000000000078E-15, -3.700000000000000011E-14 ) ) ;
#556 = DIRECTION ( 'NONE',  ( -1.000000000000000000, -1.000000000000000078E-15, -3.645695612925943688E-14 ) ) ;
#557 = EDGE_CURVE ( 'NONE', #803, #6585, #11006, .T. ) ;
#558 = DIRECTION ( 'NONE',  ( -3.700000000000000011E-14, 0.000000000000000000, 1.000000000000000000 ) ) ;
#559 = CARTESIAN_POINT ( 'NONE',  ( -61.54999999999997584, 1.550000000000006262, 2.500000000000179856 ) ) ;
#560 = LINE ( 'NONE', #6337, #2854 ) ;
#561 = SURFACE_STYLE_FILL_AREA ( #11791 ) ;
#562 = LINE ( 'NONE', #7234, #3780 ) ;
#563 = STYLED_ITEM ( 'NONE', ( #10682 ), #9312 ) ;
#564 =( NAMED_UNIT ( * ) SI_UNIT ( $, .STERADIAN. ) SOLID_ANGLE_UNIT ( ) );
#565 = DIRECTION ( 'NONE',  ( 3.700000000000000011E-14, -0.000000000000000000, -1.000000000000000000 ) ) ;
#566 = DIRECTION ( 'NONE',  ( -1.000000000000000000, -1.000000000000000472E-15, -3.699999999999998749E-14 ) ) ;
#567 = ADVANCED_FACE ( 'NONE', ( #8146 ), #10319, .T. ) ;
#568 = ORIENTED_EDGE ( 'NONE', *, *, #6991, .T. ) ;
#569 = ORIENTED_EDGE ( 'NONE', *, *, #11979, .F. ) ;
#570 = FILL_AREA_STYLE_COLOUR ( '', #4430 ) ;
#571 = LINE ( 'NONE', #3320, #7436 ) ;
#572 =( NAMED_UNIT ( * ) PLANE_ANGLE_UNIT ( ) SI_UNIT ( $, .RADIAN. ) );
#573 = VECTOR ( 'NONE', #6985, 1000.000000000000000 ) ;
#574 = ORIENTED_EDGE ( 'NONE', *, *, #11691, .F. ) ;
#575 = COLOUR_RGB ( '',0.9529411764705881804, 0.7960784313725489669, 0.4862745098039215619 ) ;
#576 = SURFACE_SIDE_STYLE ('',( #1408 ) ) ;
#577 = SURFACE_STYLE_USAGE ( .BOTH. , #8197 ) ;
#578 =( NAMED_UNIT ( * ) SI_UNIT ( $, .STERADIAN. ) SOLID_ANGLE_UNIT ( ) );
#579 = FILL_AREA_STYLE_COLOUR ( '', #4603 ) ;
#580 = AXIS2_PLACEMENT_3D ( 'NONE', #198, #2026, #7946 ) ;
#581 = PRESENTATION_LAYER_ASSIGNMENT (  '', '', ( #4364 ) ) ;
#582 = LINE ( 'NONE', #11882, #2184 ) ;
#583 = MECHANICAL_DESIGN_GEOMETRIC_PRESENTATION_REPRESENTATION (  '', ( #782 ), #10617 ) ;
#584 = LINE ( 'NONE', #7188, #8063 ) ;
#585 = CYLINDRICAL_SURFACE ( 'NONE', #5491, 0.09999999999999939493 ) ;
#586 = ORIENTED_EDGE ( 'NONE', *, *, #10017, .F. ) ;
#587 = SURFACE_STYLE_FILL_AREA ( #11247 ) ;
#588 = CARTESIAN_POINT ( 'NONE',  ( -63.97777777777776009, -10.44999999999999751, 3.000000000000089706 ) ) ;
#589 = DIRECTION ( 'NONE',  ( -1.000000000000000000, 0.000000000000000000, -3.252606517456419901E-14 ) ) ;
#590 = AXIS2_PLACEMENT_3D ( 'NONE', #7645, #8957, #9835 ) ;
#591 = CARTESIAN_POINT ( 'NONE',  ( -70.54999999999999716, -3.950000000000003730, 3.299999999999846612 ) ) ;
#592 = COLOUR_RGB ( '',0.05882352941176470507, 0.3921568627450980338, 0.7019607843137254388 ) ;
#593 = CARTESIAN_POINT ( 'NONE',  ( -70.54999999999999716, -3.950000000000003730, 3.299999999999846612 ) ) ;
#594 = FACE_OUTER_BOUND ( 'NONE', #10540, .T. ) ;
#595 = SURFACE_STYLE_FILL_AREA ( #10148 ) ;
#596 =( NAMED_UNIT ( * ) PLANE_ANGLE_UNIT ( ) SI_UNIT ( $, .RADIAN. ) );
#597 = SURFACE_STYLE_USAGE ( .BOTH. , #8025 ) ;
#598 = VECTOR ( 'NONE', #10954, 1000.000000000000000 ) ;
#599 = LINE ( 'NONE', #853, #1136 ) ;
#600 = LINE ( 'NONE', #4215, #12405 ) ;
#601 = EDGE_CURVE ( 'NONE', #4821, #7300, #9367, .T. ) ;
#602 = ORIENTED_EDGE ( 'NONE', *, *, #9287, .F. ) ;
#603 = ORIENTED_EDGE ( 'NONE', *, *, #11429, .T. ) ;
#604 =( NAMED_UNIT ( * ) PLANE_ANGLE_UNIT ( ) SI_UNIT ( $, .RADIAN. ) );
#605 = PRESENTATION_STYLE_ASSIGNMENT (( #3233 ) ) ;
#606 =( LENGTH_UNIT ( ) NAMED_UNIT ( * ) SI_UNIT ( .MILLI., .METRE. ) );
#607 = CARTESIAN_POINT ( 'NONE',  ( -63.03888888888887720, -10.44999999999999574, 3.300000000000124611 ) ) ;
#608 = FILL_AREA_STYLE_COLOUR ( '', #11257 ) ;
#609 = CARTESIAN_POINT ( 'NONE',  ( -65.98103322277067662, -8.259685468350888016, 2.310000000000015596 ) ) ;
#610 = VECTOR ( 'NONE', #3194, 1000.000000000000000 ) ;
#611 = DIRECTION ( 'NONE',  ( 3.700000000000000011E-14, -0.000000000000000000, -1.000000000000000000 ) ) ;
#612 = LINE ( 'NONE', #1556, #2439 ) ;
#613 = ORIENTED_EDGE ( 'NONE', *, *, #8539, .T. ) ;
#614 = ORIENTED_EDGE ( 'NONE', *, *, #2117, .F. ) ;
#615 = VERTEX_POINT ( 'NONE', #11128 ) ;
#616 = AXIS2_PLACEMENT_3D ( 'NONE', #3146, #3834, #3894 ) ;
#617 = SURFACE_STYLE_FILL_AREA ( #5241 ) ;
#618 =( GEOMETRIC_REPRESENTATION_CONTEXT ( 3 ) GLOBAL_UNCERTAINTY_ASSIGNED_CONTEXT ( ( #10823 ) ) GLOBAL_UNIT_ASSIGNED_CONTEXT ( ( #9201, #7357, #12177 ) ) REPRESENTATION_CONTEXT ( 'NONE', 'WORKASPACE' ) );
#619 = FACE_OUTER_BOUND ( 'NONE', #7105, .T. ) ;
#620 =( GEOMETRIC_REPRESENTATION_CONTEXT ( 3 ) GLOBAL_UNCERTAINTY_ASSIGNED_CONTEXT ( ( #6908 ) ) GLOBAL_UNIT_ASSIGNED_CONTEXT ( ( #11637, #7947, #5976 ) ) REPRESENTATION_CONTEXT ( 'NONE', 'WORKASPACE' ) );
#621 = CYLINDRICAL_SURFACE ( 'NONE', #4792, 0.4000000000000024092 ) ;
#622 = LINE ( 'NONE', #9063, #5365 ) ;
#623 = FACE_OUTER_BOUND ( 'NONE', #5781, .T. ) ;
#624 = LINE ( 'NONE', #10354, #267 ) ;
#625 = CARTESIAN_POINT ( 'NONE',  ( -68.00555555555669685, -0.4499998509884007847, 3.799999999999940758 ) ) ;
#626 = DIRECTION ( 'NONE',  ( -1.000000000000000078E-15, 1.000000000000000000, 0.000000000000000000 ) ) ;
#627 = CIRCLE ( 'NONE', #2017, 0.2000000000000000944 ) ;
#628 = VECTOR ( 'NONE', #8043, 1000.000000000000000 ) ;
#629 = VECTOR ( 'NONE', #9039, 1000.000000000000000 ) ;
#630 = ORIENTED_EDGE ( 'NONE', *, *, #2764, .T. ) ;
#631 = VERTEX_POINT ( 'NONE', #9150 ) ;
#632 =( NAMED_UNIT ( * ) SI_UNIT ( $, .STERADIAN. ) SOLID_ANGLE_UNIT ( ) );
#633 =( NAMED_UNIT ( * ) SI_UNIT ( $, .STERADIAN. ) SOLID_ANGLE_UNIT ( ) );
#634 = PRESENTATION_STYLE_ASSIGNMENT (( #3442 ) ) ;
#635 = ORIENTED_EDGE ( 'NONE', *, *, #7494, .F. ) ;
#636 = LINE ( 'NONE', #7495, #6583 ) ;
#637 = COLOUR_RGB ( '',0.007843137254901960675, 0.007843137254901960675, 0.007843137254901960675 ) ;
#638 = VECTOR ( 'NONE', #3669, 1000.000000000000000 ) ;
#639 = SURFACE_STYLE_FILL_AREA ( #897 ) ;
#640 = STYLED_ITEM ( 'NONE', ( #3992 ), #10901 ) ;
#641 = EDGE_CURVE ( 'NONE', #1657, #3697, #3496, .T. ) ;
#642 = DIRECTION ( 'NONE',  ( -1.000000000000000078E-15, 1.000000000000000000, 0.000000000000000000 ) ) ;
#643 = SURFACE_STYLE_FILL_AREA ( #5382 ) ;
#644 = LINE ( 'NONE', #4445, #8211 ) ;
#645 = ADVANCED_FACE ( 'NONE', ( #2519 ), #585, .F. ) ;
#646 = LINE ( 'NONE', #11815, #5583 ) ;
#647 = VECTOR ( 'NONE', #9257, 1000.000000000000000 ) ;
#648 = COLOUR_RGB ( '',0.9529411764705881804, 0.7960784313725489669, 0.4862745098039215619 ) ;
#649 = SURFACE_STYLE_USAGE ( .BOTH. , #12125 ) ;
#650 = PRESENTATION_LAYER_ASSIGNMENT (  '', '', ( #4850 ) ) ;
#651 =( GEOMETRIC_REPRESENTATION_CONTEXT ( 3 ) GLOBAL_UNCERTAINTY_ASSIGNED_CONTEXT ( ( #2496 ) ) GLOBAL_UNIT_ASSIGNED_CONTEXT ( ( #4326, #777, #11073 ) ) REPRESENTATION_CONTEXT ( 'NONE', 'WORKASPACE' ) );
#652 = AXIS2_PLACEMENT_3D ( 'NONE', #10328, #8462, #4517 ) ;
#653 = ORIENTED_EDGE ( 'NONE', *, *, #11656, .T. ) ;
#654 = DIRECTION ( 'NONE',  ( -0.7071067811865290320, 0.000000000000000000, -0.7071067811865660024 ) ) ;
#655 = PRESENTATION_STYLE_ASSIGNMENT (( #4646 ) ) ;
#656 = UNCERTAINTY_MEASURE_WITH_UNIT (LENGTH_MEASURE( 1.000000000000000082E-05 ), #7648, 'distance_accuracy_value', 'NONE');
#657 = CARTESIAN_POINT ( 'NONE',  ( -69.13431457505072331, -9.950000000000002842, 2.299999999999899014 ) ) ;
#658 = CARTESIAN_POINT ( 'NONE',  ( -66.47499999999998010, -10.44999999999999929, 2.999999999999997335 ) ) ;
#659 = CARTESIAN_POINT ( 'NONE',  ( -65.06666666666666288, -10.44999999999999751, 3.300000000000049560 ) ) ;
#660 = AXIS2_PLACEMENT_3D ( 'NONE', #2468, #9157, #1544 ) ;
#661 = CARTESIAN_POINT ( 'NONE',  ( -63.97777777777777430, -10.44999999999999751, 3.300000000000089972 ) ) ;
#662 = ORIENTED_EDGE ( 'NONE', *, *, #485, .T. ) ;
#663 = ORIENTED_EDGE ( 'NONE', *, *, #10245, .F. ) ;
#664 = LINE ( 'NONE', #11330, #6239 ) ;
#665 = COLOUR_RGB ( '',0.007843137254901960675, 0.007843137254901960675, 0.007843137254901960675 ) ;
#666 = DIRECTION ( 'NONE',  ( -3.700000000000000011E-14, 0.000000000000000000, 1.000000000000000000 ) ) ;
#667 = CIRCLE ( 'NONE', #11694, 0.3786990843377562865 ) ;
#668 = EDGE_CURVE ( 'NONE', #11449, #5672, #8708, .T. ) ;
#669 = DIRECTION ( 'NONE',  ( -3.421580731527764731E-14, 2.784192684722350676E-30, 1.000000000000000000 ) ) ;
#670 = LINE ( 'NONE', #2178, #6594 ) ;
#671 = FACE_OUTER_BOUND ( 'NONE', #5096, .T. ) ;
#672 =( LENGTH_UNIT ( ) NAMED_UNIT ( * ) SI_UNIT ( .MILLI., .METRE. ) );
#673 = EDGE_CURVE ( 'NONE', #4976, #760, #10377, .T. ) ;
#674 = SURFACE_SIDE_STYLE ('',( #3668 ) ) ;
#675 = PRESENTATION_STYLE_ASSIGNMENT (( #3299 ) ) ;
#676 = LINE ( 'NONE', #4670, #7069 ) ;
#677 = ORIENTED_EDGE ( 'NONE', *, *, #6353, .F. ) ;
#678 = COLOUR_RGB ( '',0.007843137254901960675, 0.007843137254901960675, 0.007843137254901960675 ) ;
#679 = FILL_AREA_STYLE ('',( #4535 ) ) ;
#680 = PRESENTATION_LAYER_ASSIGNMENT (  '', '', ( #10705 ) ) ;
#681 = ORIENTED_EDGE ( 'NONE', *, *, #1474, .F. ) ;
#682 = VERTEX_POINT ( 'NONE', #5720 ) ;
#683 = CARTESIAN_POINT ( 'NONE',  ( -66.29609096270655755, -2.054065133228777817, 2.500000000000003997 ) ) ;
#684 = EDGE_CURVE ( 'NONE', #4959, #8590, #4706, .T. ) ;
#685 = CARTESIAN_POINT ( 'NONE',  ( -62.56568542494920848, -2.399999617645516281, 2.500000000000141664 ) ) ;
#686 = CARTESIAN_POINT ( 'NONE',  ( -65.46111111111110858, -3.949999999999998845, 3.150000000000034550 ) ) ;
#687 = AXIS2_PLACEMENT_3D ( 'NONE', #8352, #12151, #10339 ) ;
#688 = DIRECTION ( 'NONE',  ( -1.000000000000000000, -1.000000000000000472E-15, -3.700000000000000011E-14 ) ) ;
#689 = FILL_AREA_STYLE ('',( #8184 ) ) ;
#690 = EDGE_CURVE ( 'NONE', #1279, #977, #5849, .T. ) ;
#691 = UNCERTAINTY_MEASURE_WITH_UNIT (LENGTH_MEASURE( 1.000000000000000082E-05 ), #6831, 'distance_accuracy_value', 'NONE');
#692 = CARTESIAN_POINT ( 'NONE',  ( -67.73333333333330586, -3.950000000000001066, 2.999999999999950706 ) ) ;
#693 = EDGE_CURVE ( 'NONE', #5702, #9033, #5580, .T. ) ;
#694 = FILL_AREA_STYLE_COLOUR ( '', #1021 ) ;
#695 = VERTEX_POINT ( 'NONE', #3696 ) ;
#696 = FILL_AREA_STYLE ('',( #2762 ) ) ;
#697 = ORIENTED_EDGE ( 'NONE', *, *, #3395, .T. ) ;
#698 = EDGE_LOOP ( 'NONE', ( #5595, #1911, #2388, #3140 ) ) ;
#699 = LINE ( 'NONE', #9200, #6260 ) ;
#700 = MECHANICAL_DESIGN_GEOMETRIC_PRESENTATION_REPRESENTATION (  '', ( #3681 ), #10526 ) ;
#701 = PLANE ( 'NONE',  #1030 ) ;
#702 =( NAMED_UNIT ( * ) SI_UNIT ( $, .STERADIAN. ) SOLID_ANGLE_UNIT ( ) );
#703 = DIRECTION ( 'NONE',  ( 3.448907672462272700E-14, 1.035256561856238804E-17, -1.000000000000000000 ) ) ;
#704 = SURFACE_SIDE_STYLE ('',( #9333 ) ) ;
#705 = UNCERTAINTY_MEASURE_WITH_UNIT (LENGTH_MEASURE( 1.000000000000000082E-05 ), #5133, 'distance_accuracy_value', 'NONE');
#706 = FACE_OUTER_BOUND ( 'NONE', #8104, .T. ) ;
#707 = SURFACE_STYLE_USAGE ( .BOTH. , #8447 ) ;
#708 =( LENGTH_UNIT ( ) NAMED_UNIT ( * ) SI_UNIT ( .MILLI., .METRE. ) );
#709 = CARTESIAN_POINT ( 'NONE',  ( -70.08055555555556282, -3.950000000000002842, 3.299999999999863931 ) ) ;
#710 = SURFACE_SIDE_STYLE ('',( #7311 ) ) ;
#711 = STYLED_ITEM ( 'NONE', ( #634 ), #844 ) ;
#712 = EDGE_LOOP ( 'NONE', ( #8425, #2566, #3711, #5403 ) ) ;
#713 = FILL_AREA_STYLE ('',( #9341 ) ) ;
#714 = DIRECTION ( 'NONE',  ( 1.000000000000000000, 1.000000000000000078E-15, 3.700000000000000011E-14 ) ) ;
#715 = FILL_AREA_STYLE_COLOUR ( '', #379 ) ;
#716 = FACE_OUTER_BOUND ( 'NONE', #3145, .T. ) ;
#718 = VECTOR ( 'NONE', #8205, 1000.000000000000000 ) ;
#717 = COLOUR_RGB ( '',0.9529411764705881804, 0.7960784313725489669, 0.4862745098039215619 ) ;
#719 = CARTESIAN_POINT ( 'NONE',  ( -64.46568542494919996, -7.949999999999996625, 2.300000000000071765 ) ) ;
#720 = CYLINDRICAL_SURFACE ( 'NONE', #9210, 0.3586990843377555471 ) ;
#721 = CARTESIAN_POINT ( 'NONE',  ( -68.33431457505071194, -9.950000000000001066, 2.299999999999928768 ) ) ;
#722 = CARTESIAN_POINT ( 'NONE',  ( -63.97777777777777430, -3.949999999999997069, 3.000000000000089706 ) ) ;
#723 = LINE ( 'NONE', #11254, #2574 ) ;
#724 = VECTOR ( 'NONE', #11651, 1000.000000000000000 ) ;
#725 = EDGE_LOOP ( 'NONE', ( #1209, #8318, #1635, #9757 ) ) ;
#726 = ORIENTED_EDGE ( 'NONE', *, *, #2062, .T. ) ;
#728 = EDGE_CURVE ( 'NONE', #4358, #11368, #12380, .T. ) ;
#727 = FACE_OUTER_BOUND ( 'NONE', #3685, .T. ) ;
#729 = SURFACE_STYLE_FILL_AREA ( #9546 ) ;
#730 = EDGE_CURVE ( 'NONE', #10548, #12, #78, .T. ) ;
#731 =( GEOMETRIC_REPRESENTATION_CONTEXT ( 3 ) GLOBAL_UNCERTAINTY_ASSIGNED_CONTEXT ( ( #1748 ) ) GLOBAL_UNIT_ASSIGNED_CONTEXT ( ( #7228, #4242, #498 ) ) REPRESENTATION_CONTEXT ( 'NONE', 'WORKASPACE' ) );
#732 = FILL_AREA_STYLE_COLOUR ( '', #3171 ) ;
#733 = SURFACE_SIDE_STYLE ('',( #1735 ) ) ;
#734 = PLANE ( 'NONE',  #12164 ) ;
#735 = DIRECTION ( 'NONE',  ( -1.000000000000000000, -1.000000000000000078E-15, -3.700000000000000011E-14 ) ) ;
#736 = LINE ( 'NONE', #4726, #1000 ) ;
#737 = PRESENTATION_LAYER_ASSIGNMENT (  '', '', ( #6546 ) ) ;
#738 = DIRECTION ( 'NONE',  ( 0.07035951977531848534, -0.9975216979980869869, 2.551296930355269448E-15 ) ) ;
#739 = LINE ( 'NONE', #2677, #3248 ) ;
#740 = CARTESIAN_POINT ( 'NONE',  ( -68.65000000000004832, -8.300000000000002487, 4.799999999999917222 ) ) ;
#741 = ORIENTED_EDGE ( 'NONE', *, *, #4570, .F. ) ;
#742 = CIRCLE ( 'NONE', #10563, 0.1000000000000028644 ) ;
#743 = VERTEX_POINT ( 'NONE', #11314 ) ;
#744 = EDGE_LOOP ( 'NONE', ( #9508, #8636, #8160, #2962 ) ) ;
#745 = EDGE_LOOP ( 'NONE', ( #11981, #8236, #9412, #10893 ) ) ;
#746 =( NAMED_UNIT ( * ) PLANE_ANGLE_UNIT ( ) SI_UNIT ( $, .RADIAN. ) );
#747 = VECTOR ( 'NONE', #4611, 1000.000000000000000 ) ;
#748 = EDGE_CURVE ( 'NONE', #1065, #3036, #3762, .T. ) ;
#749 = FACE_OUTER_BOUND ( 'NONE', #11697, .T. ) ;
#750 = FILL_AREA_STYLE ('',( #944 ) ) ;
#751 = ADVANCED_FACE ( 'NONE', ( #8578 ), #2783, .F. ) ;
#752 = SURFACE_STYLE_USAGE ( .BOTH. , #6532 ) ;
#753 = VECTOR ( 'NONE', #11641, 1000.000000000000000 ) ;
#754 = DIRECTION ( 'NONE',  ( 1.000000000000000000, 1.000000000000000078E-15, 3.700000000000000011E-14 ) ) ;
#755 = ORIENTED_EDGE ( 'NONE', *, *, #10207, .F. ) ;
#756 = LINE ( 'NONE', #7547, #10505 ) ;
#757 = VECTOR ( 'NONE', #5922, 1000.000000000000000 ) ;
#758 = EDGE_CURVE ( 'NONE', #5732, #7535, #8765, .T. ) ;
#759 = ORIENTED_EDGE ( 'NONE', *, *, #10391, .T. ) ;
#760 = VERTEX_POINT ( 'NONE', #1285 ) ;
#761 = ADVANCED_FACE ( 'NONE', ( #3269 ), #10695, .T. ) ;
#762 = DIRECTION ( 'NONE',  ( -3.700000000000000011E-14, 0.000000000000000000, 1.000000000000000000 ) ) ;
#763 = PRESENTATION_STYLE_ASSIGNMENT (( #7491 ) ) ;
#764 = CARTESIAN_POINT ( 'NONE',  ( -65.85555555555554008, -10.44999999999999929, 3.000000000000020428 ) ) ;
#765 = FILL_AREA_STYLE_COLOUR ( '', #11393 ) ;
#766 =( GEOMETRIC_REPRESENTATION_CONTEXT ( 3 ) GLOBAL_UNCERTAINTY_ASSIGNED_CONTEXT ( ( #4937 ) ) GLOBAL_UNIT_ASSIGNED_CONTEXT ( ( #4005, #11689, #5724 ) ) REPRESENTATION_CONTEXT ( 'NONE', 'WORKASPACE' ) );
#767 = ADVANCED_FACE ( 'NONE', ( #8947 ), #4898, .F. ) ;
#768 = AXIS2_PLACEMENT_3D ( 'NONE', #7364, #9147, #5315 ) ;
#769 = DIRECTION ( 'NONE',  ( -3.700000000000000011E-14, 0.000000000000000000, 1.000000000000000000 ) ) ;
#770 = DIRECTION ( 'NONE',  ( -1.000000000000000000, -1.000000000000000078E-15, -3.700000000000000011E-14 ) ) ;
#771 = SURFACE_SIDE_STYLE ('',( #4318 ) ) ;
#772 = DIRECTION ( 'NONE',  ( -1.000000000000000000, -1.000000000000000078E-15, -3.645695612925943688E-14 ) ) ;
#773 = VECTOR ( 'NONE', #6013, 1000.000000000000000 ) ;
#774 = STYLED_ITEM ( 'NONE', ( #3995 ), #7764 ) ;
#775 = EDGE_LOOP ( 'NONE', ( #10764, #155, #8607, #3052 ) ) ;
#776 = FACE_OUTER_BOUND ( 'NONE', #8549, .T. ) ;
#777 =( NAMED_UNIT ( * ) PLANE_ANGLE_UNIT ( ) SI_UNIT ( $, .RADIAN. ) );
#778 = CARTESIAN_POINT ( 'NONE',  ( -70.23431457505071762, -10.45000000000000284, 2.299999999999858602 ) ) ;
#779 = MECHANICAL_DESIGN_GEOMETRIC_PRESENTATION_REPRESENTATION (  '', ( #3167 ), #9217 ) ;
#780 =( GEOMETRIC_REPRESENTATION_CONTEXT ( 3 ) GLOBAL_UNCERTAINTY_ASSIGNED_CONTEXT ( ( #8229 ) ) GLOBAL_UNIT_ASSIGNED_CONTEXT ( ( #2924, #9614, #3159 ) ) REPRESENTATION_CONTEXT ( 'NONE', 'WORKASPACE' ) );
#781 = PRESENTATION_STYLE_ASSIGNMENT (( #9407 ) ) ;
#782 = STYLED_ITEM ( 'NONE', ( #5471 ), #11920 ) ;
#783 = DIRECTION ( 'NONE',  ( -3.422444243843710876E-14, 2.775557561562890384E-30, 1.000000000000000000 ) ) ;
#784 = DIRECTION ( 'NONE',  ( -0.03909037293414653613, 0.9992356792788522624, 0.000000000000000000 ) ) ;
#785 = SURFACE_STYLE_FILL_AREA ( #9410 ) ;
#786 = ORIENTED_EDGE ( 'NONE', *, *, #1605, .F. ) ;
#787 = EDGE_LOOP ( 'NONE', ( #9243, #11739, #3552, #4357 ) ) ;
#788 = PRESENTATION_LAYER_ASSIGNMENT (  '', '', ( #6202 ) ) ;
#789 = ORIENTED_EDGE ( 'NONE', *, *, #2317, .T. ) ;
#790 = UNCERTAINTY_MEASURE_WITH_UNIT (LENGTH_MEASURE( 1.000000000000000082E-05 ), #3144, 'distance_accuracy_value', 'NONE');
#791 = CARTESIAN_POINT ( 'NONE',  ( -61.26715728752537160, -10.44999999999999396, 3.432842712474807989 ) ) ;
#792 = VECTOR ( 'NONE', #7573, 1000.000000000000000 ) ;
#793 = AXIS2_PLACEMENT_3D ( 'NONE', #8582, #11386, #7568 ) ;
#794 = PLANE ( 'NONE',  #4183 ) ;
#795 = CARTESIAN_POINT ( 'NONE',  ( -63.97777777777777430, -3.949999999999997069, 3.300000000000089972 ) ) ;
#796 = CARTESIAN_POINT ( 'NONE',  ( -66.35000000000059117, 1.100000000000000311, 4.050000000000002487 ) ) ;
#797 = DIRECTION ( 'NONE',  ( -1.000000000000000078E-15, 1.000000000000000000, 0.000000000000000000 ) ) ;
#798 = LINE ( 'NONE', #10284, #7917 ) ;
#799 = LINE ( 'NONE', #1683, #1687 ) ;
#800 = FILL_AREA_STYLE ('',( #8667 ) ) ;
#801 = ADVANCED_FACE ( 'NONE', ( #7938 ), #315, .T. ) ;
#802 = VECTOR ( 'NONE', #5049, 1000.000000000000000 ) ;
#803 = VERTEX_POINT ( 'NONE', #1523 ) ;
#804 = PRESENTATION_STYLE_ASSIGNMENT (( #12291 ) ) ;
#805 = DIRECTION ( 'NONE',  ( -1.000000000000000078E-15, 1.000000000000000000, 0.000000000000000000 ) ) ;
#806 = EDGE_CURVE ( 'NONE', #12348, #11129, #9259, .T. ) ;
#807 = VERTEX_POINT ( 'NONE', #2446 ) ;
#808 = VERTEX_POINT ( 'NONE', #11234 ) ;
#809 = ORIENTED_EDGE ( 'NONE', *, *, #8680, .F. ) ;
#810 = FACE_OUTER_BOUND ( 'NONE', #4080, .T. ) ;
#811 = DIRECTION ( 'NONE',  ( 3.700000000000000011E-14, -0.000000000000000000, -1.000000000000000000 ) ) ;
#812 = STYLED_ITEM ( 'NONE', ( #10287 ), #6912 ) ;
#813 = MECHANICAL_DESIGN_GEOMETRIC_PRESENTATION_REPRESENTATION (  '', ( #8449 ), #9849 ) ;
#814 = CARTESIAN_POINT ( 'NONE',  ( -65.53611111111109722, -10.44999999999999929, 3.300000000000032241 ) ) ;
#815 = EDGE_CURVE ( 'NONE', #87, #7901, #1578, .T. ) ;
#816 = SURFACE_STYLE_USAGE ( .BOTH. , #3679 ) ;
#817 = FILL_AREA_STYLE_COLOUR ( '', #3792 ) ;
#818 = CYLINDRICAL_SURFACE ( 'NONE', #4583, 0.05000000000000102973 ) ;
#819 = EDGE_LOOP ( 'NONE', ( #8256, #9569, #4048, #7838 ) ) ;
#820 =( NAMED_UNIT ( * ) PLANE_ANGLE_UNIT ( ) SI_UNIT ( $, .RADIAN. ) );
#821 = AXIS2_PLACEMENT_3D ( 'NONE', #851, #10517, #3580 ) ;
#822 = ORIENTED_EDGE ( 'NONE', *, *, #5548, .F. ) ;
#823 = VERTEX_POINT ( 'NONE', #11930 ) ;
#824 = CARTESIAN_POINT ( 'NONE',  ( -64.59444444444558542, -0.4499999999999972911, 4.250000000000067502 ) ) ;
#825 = SURFACE_STYLE_FILL_AREA ( #5639 ) ;
#826 = DIRECTION ( 'NONE',  ( 3.421580731527764731E-14, -2.726414786390735703E-30, -1.000000000000000000 ) ) ;
#827 = EDGE_CURVE ( 'NONE', #5734, #6974, #450, .T. ) ;
#828 = VECTOR ( 'NONE', #9207, 1000.000000000000000 ) ;
#829 = AXIS2_PLACEMENT_3D ( 'NONE', #11143, #2534, #3405 ) ;
#830 = CIRCLE ( 'NONE', #11849, 0.2000000000000057288 ) ;
#831 = STYLED_ITEM ( 'NONE', ( #324 ), #4416 ) ;
#832 = CARTESIAN_POINT ( 'NONE',  ( -68.33431457505072615, -9.950000000000001066, 2.499999999999928502 ) ) ;
#833 = MECHANICAL_DESIGN_GEOMETRIC_PRESENTATION_REPRESENTATION (  '', ( #6244 ), #9276 ) ;
#834 = EDGE_CURVE ( 'NONE', #11528, #7809, #5373, .T. ) ;
#835 = CARTESIAN_POINT ( 'NONE',  ( -66.38999999999995794, -4.915476664617918878, 2.310000000000000497 ) ) ;
#836 = LINE ( 'NONE', #4636, #9651 ) ;
#837 = ORIENTED_EDGE ( 'NONE', *, *, #7869, .F. ) ;
#838 = ORIENTED_EDGE ( 'NONE', *, *, #5743, .F. ) ;
#839 = PRESENTATION_STYLE_ASSIGNMENT (( #5786 ) ) ;
#840 = PRESENTATION_LAYER_ASSIGNMENT (  '', '', ( #9689 ) ) ;
#841 = MECHANICAL_DESIGN_GEOMETRIC_PRESENTATION_REPRESENTATION (  '', ( #4619 ), #1832 ) ;
#842 = EDGE_LOOP ( 'NONE', ( #2998, #8933, #4884, #4678 ) ) ;
#843 = CARTESIAN_POINT ( 'NONE',  ( -63.65833333333331723, -10.44999999999999574, 3.300000000000101519 ) ) ;
#844 = ADVANCED_FACE ( 'NONE', ( #1467 ), #10249, .T. ) ;
#845 = DIRECTION ( 'NONE',  ( 1.000000000000000000, 1.000000000000000078E-15, 3.700000000000000011E-14 ) ) ;
#846 = DIRECTION ( 'NONE',  ( 3.700000000000000011E-14, -0.000000000000000000, -1.000000000000000000 ) ) ;
#847 = PRESENTATION_LAYER_ASSIGNMENT (  '', '', ( #11250 ) ) ;
#848 = LINE ( 'NONE', #11454, #8096 ) ;
#849 = DIRECTION ( 'NONE',  ( -1.000000000000000078E-15, 1.000000000000000000, 0.000000000000000000 ) ) ;
#850 =( NAMED_UNIT ( * ) SI_UNIT ( $, .STERADIAN. ) SOLID_ANGLE_UNIT ( ) );
#851 = CARTESIAN_POINT ( 'NONE',  ( -62.56568542494919427, -10.44999999999999574, 2.300000000000142375 ) ) ;
#852 = EDGE_CURVE ( 'NONE', #506, #4451, #7176, .T. ) ;
#853 = CARTESIAN_POINT ( 'NONE',  ( -70.65000000000003411, -2.450000000000002398, 4.074999999999854516 ) ) ;
#854 = DIRECTION ( 'NONE',  ( -3.699999999999998749E-14, 9.860761315263910926E-32, 1.000000000000000000 ) ) ;
#855 = AXIS2_PLACEMENT_3D ( 'NONE', #4448, #5706, #3509 ) ;
#856 = COLOUR_RGB ( '',0.007843137254901960675, 0.007843137254901960675, 0.007843137254901960675 ) ;
#857 =( GEOMETRIC_REPRESENTATION_CONTEXT ( 3 ) GLOBAL_UNCERTAINTY_ASSIGNED_CONTEXT ( ( #2753 ) ) GLOBAL_UNIT_ASSIGNED_CONTEXT ( ( #5745, #2925, #2736 ) ) REPRESENTATION_CONTEXT ( 'NONE', 'WORKASPACE' ) );
#858 =( GEOMETRIC_REPRESENTATION_CONTEXT ( 3 ) GLOBAL_UNCERTAINTY_ASSIGNED_CONTEXT ( ( #3130 ) ) GLOBAL_UNIT_ASSIGNED_CONTEXT ( ( #9075, #7423, #702 ) ) REPRESENTATION_CONTEXT ( 'NONE', 'WORKASPACE' ) );
#859 = CARTESIAN_POINT ( 'NONE',  ( -67.28333333333446831, 1.099999999999998535, 4.049999999999967848 ) ) ;
#860 = ORIENTED_EDGE ( 'NONE', *, *, #1095, .F. ) ;
#861 = ORIENTED_EDGE ( 'NONE', *, *, #7608, .T. ) ;
#862 = DIRECTION ( 'NONE',  ( -1.000000000000000078E-15, 1.000000000000000000, 0.000000000000000000 ) ) ;
#863 = FACE_OUTER_BOUND ( 'NONE', #10920, .T. ) ;
#864 = SURFACE_STYLE_FILL_AREA ( #1790 ) ;
#865 = EDGE_CURVE ( 'NONE', #9664, #6616, #8756, .T. ) ;
#866 = DIRECTION ( 'NONE',  ( 0.7071067811865207053, 7.071067811865469417E-16, 0.7071067811865742181 ) ) ;
#867 = CIRCLE ( 'NONE', #6049, 3.056972644202584188 ) ;
#868 = STYLED_ITEM ( 'NONE', ( #1265 ), #3492 ) ;
#869 = DIRECTION ( 'NONE',  ( -1.000000000000000000, -1.000000000000000472E-15, -3.700000000000000011E-14 ) ) ;
#870 = PLANE ( 'NONE',  #10803 ) ;
#871 = VECTOR ( 'NONE', #2659, 1000.000000000000000 ) ;
#872 = CARTESIAN_POINT ( 'NONE',  ( -66.00555555555554577, -10.44999999999999929, 3.000000000000014655 ) ) ;
#873 = VERTEX_POINT ( 'NONE', #5259 ) ;
#874 = CIRCLE ( 'NONE', #7700, 0.2000000000000005107 ) ;
#875 = ORIENTED_EDGE ( 'NONE', *, *, #7987, .F. ) ;
#876 = CIRCLE ( 'NONE', #7104, 0.2000000000000057288 ) ;
#877 = VERTEX_POINT ( 'NONE', #4312 ) ;
#878 = ORIENTED_EDGE ( 'NONE', *, *, #1388, .T. ) ;
#879 = UNCERTAINTY_MEASURE_WITH_UNIT (LENGTH_MEASURE( 1.000000000000000082E-05 ), #5552, 'distance_accuracy_value', 'NONE');
#880 = DIRECTION ( 'NONE',  ( -3.700000000000000011E-14, 0.000000000000000000, 1.000000000000000000 ) ) ;
#881 = DIRECTION ( 'NONE',  ( -1.000000000000000078E-15, 1.000000000000000000, 0.000000000000000000 ) ) ;
#882 = CARTESIAN_POINT ( 'NONE',  ( -68.65000000000004832, -8.100000000000001421, 4.599999999999917044 ) ) ;
#883 =( GEOMETRIC_REPRESENTATION_CONTEXT ( 3 ) GLOBAL_UNCERTAINTY_ASSIGNED_CONTEXT ( ( #11453 ) ) GLOBAL_UNIT_ASSIGNED_CONTEXT ( ( #8436, #1883, #6792 ) ) REPRESENTATION_CONTEXT ( 'NONE', 'WORKASPACE' ) );
#884 = DIRECTION ( 'NONE',  ( -1.000000000000000000, -1.000000000000000078E-15, -3.700000000000000011E-14 ) ) ;
#885 = PLANE ( 'NONE',  #10825 ) ;
#886 =( LENGTH_UNIT ( ) NAMED_UNIT ( * ) SI_UNIT ( .MILLI., .METRE. ) );
#887 = ORIENTED_EDGE ( 'NONE', *, *, #8386, .F. ) ;
#888 = ORIENTED_EDGE ( 'NONE', *, *, #9503, .F. ) ;
#889 = ORIENTED_EDGE ( 'NONE', *, *, #4552, .T. ) ;
#890 = PRESENTATION_STYLE_ASSIGNMENT (( #7796 ) ) ;
#891 = PRESENTATION_STYLE_ASSIGNMENT (( #8441 ) ) ;
#892 = CIRCLE ( 'NONE', #1700, 2.549767123345839881 ) ;
#893 = PLANE ( 'NONE',  #4685 ) ;
#894 = EDGE_CURVE ( 'NONE', #3554, #5925, #8193, .T. ) ;
#895 = FILL_AREA_STYLE_COLOUR ( '', #8196 ) ;
#896 =( GEOMETRIC_REPRESENTATION_CONTEXT ( 3 ) GLOBAL_UNCERTAINTY_ASSIGNED_CONTEXT ( ( #5771 ) ) GLOBAL_UNIT_ASSIGNED_CONTEXT ( ( #89, #8780, #4789 ) ) REPRESENTATION_CONTEXT ( 'NONE', 'WORKASPACE' ) );
#897 = FILL_AREA_STYLE ('',( #12119 ) ) ;
#898 = CARTESIAN_POINT ( 'NONE',  ( -67.88333333333332575, -3.950000000000001066, 3.224999999999945466 ) ) ;
#899 = SURFACE_STYLE_FILL_AREA ( #8631 ) ;
#900 = CARTESIAN_POINT ( 'NONE',  ( -66.84166666666780543, 1.100000000000000311, 4.249999999999984013 ) ) ;
#901 = SURFACE_STYLE_USAGE ( .BOTH. , #6356 ) ;
#902 = DIRECTION ( 'NONE',  ( -1.000000000000000000, -9.999999999999923863E-16, -3.700000000000000011E-14 ) ) ;
#903 = VERTEX_POINT ( 'NONE', #12431 ) ;
#904 = ORIENTED_EDGE ( 'NONE', *, *, #8071, .T. ) ;
#905 =( LENGTH_UNIT ( ) NAMED_UNIT ( * ) SI_UNIT ( .MILLI., .METRE. ) );
#906 =( NAMED_UNIT ( * ) SI_UNIT ( $, .STERADIAN. ) SOLID_ANGLE_UNIT ( ) );
#907 = ORIENTED_EDGE ( 'NONE', *, *, #11940, .T. ) ;
#908 = PRESENTATION_STYLE_ASSIGNMENT (( #7927 ) ) ;
#909 = DIRECTION ( 'NONE',  ( 1.000000000000000000, 1.000000000000000078E-15, 3.700000000000000011E-14 ) ) ;
#910 = UNCERTAINTY_MEASURE_WITH_UNIT (LENGTH_MEASURE( 1.000000000000000082E-05 ), #11977, 'distance_accuracy_value', 'NONE');
#911 = SURFACE_SIDE_STYLE ('',( #12197 ) ) ;
#912 = DIRECTION ( 'NONE',  ( 3.700000000000000011E-14, -0.000000000000000000, -1.000000000000000000 ) ) ;
#914 = EDGE_CURVE ( 'NONE', #6372, #5969, #8442, .T. ) ;
#913 = LINE ( 'NONE', #9772, #7995 ) ;
#915 = LINE ( 'NONE', #1907, #9671 ) ;
#916 = DIRECTION ( 'NONE',  ( -1.000000000000000000, -1.000000000000000078E-15, -3.727326940934508612E-14 ) ) ;
#917 = CARTESIAN_POINT ( 'NONE',  ( -68.72777777777892538, 3.550000074505798242, 4.049999999999913669 ) ) ;
#918 = EDGE_LOOP ( 'NONE', ( #8884, #7546, #3890, #6291 ) ) ;
#919 = ORIENTED_EDGE ( 'NONE', *, *, #5681, .T. ) ;
#920 = UNCERTAINTY_MEASURE_WITH_UNIT (LENGTH_MEASURE( 1.000000000000000082E-05 ), #8812, 'distance_accuracy_value', 'NONE');
#921 = DIRECTION ( 'NONE',  ( -1.000000000000000000, -1.000000000000000078E-15, -3.700000000000000011E-14 ) ) ;
#922 = ADVANCED_FACE ( 'NONE', ( #12243 ), #4624, .T. ) ;
#923 = CARTESIAN_POINT ( 'NONE',  ( -61.14999999999997726, -2.449999999999993960, 2.700000000000194245 ) ) ;
#924 = PLANE ( 'NONE',  #9432 ) ;
#925 =( NAMED_UNIT ( * ) PLANE_ANGLE_UNIT ( ) SI_UNIT ( $, .RADIAN. ) );
#926 = EDGE_CURVE ( 'NONE', #10602, #5907, #11436, .T. ) ;
#927 = DIRECTION ( 'NONE',  ( 1.000000000000000078E-15, -1.000000000000000000, 0.000000000000000000 ) ) ;
#928 = ADVANCED_FACE ( 'NONE', ( #10366 ), #3622, .T. ) ;
#929 = DIRECTION ( 'NONE',  ( -1.000000000000000000, -1.000000000000000078E-15, -3.700000000000000011E-14 ) ) ;
#930 = CARTESIAN_POINT ( 'NONE',  ( -62.35000000000004405, -9.499999999999994671, 4.600000000000149747 ) ) ;
#931 = PRESENTATION_STYLE_ASSIGNMENT (( #9554 ) ) ;
#932 = CARTESIAN_POINT ( 'NONE',  ( -66.56111111111226819, -0.4499999999999990119, 4.249999999999994671 ) ) ;
#933 = CARTESIAN_POINT ( 'NONE',  ( -61.35000000000000853, -10.44999999999999396, 3.715685424949425997 ) ) ;
#934 = LINE ( 'NONE', #10288, #8494 ) ;
#935 = ORIENTED_EDGE ( 'NONE', *, *, #1803, .F. ) ;
#936 = COLOUR_RGB ( '',0.007843137254901960675, 0.007843137254901960675, 0.007843137254901960675 ) ;
#937 = FILL_AREA_STYLE_COLOUR ( '', #2985 ) ;
#938 = ORIENTED_EDGE ( 'NONE', *, *, #6393, .F. ) ;
#939 = ORIENTED_EDGE ( 'NONE', *, *, #926, .T. ) ;
#940 = ORIENTED_EDGE ( 'NONE', *, *, #2341, .F. ) ;
#941 = CARTESIAN_POINT ( 'NONE',  ( -64.46568542494921417, -8.049999999999998934, 2.500000000000071498 ) ) ;
#942 = CARTESIAN_POINT ( 'NONE',  ( -63.87589120702013901, -8.627649221922066403, 2.310000000000093756 ) ) ;
#943 = VECTOR ( 'NONE', #11902, 1000.000000000000000 ) ;
#944 = FILL_AREA_STYLE_COLOUR ( '', #10760 ) ;
#945 = VECTOR ( 'NONE', #5689, 1000.000000000000000 ) ;
#946 = CARTESIAN_POINT ( 'NONE',  ( -70.65000000000006253, 1.549999999999997602, 4.799999999999842615 ) ) ;
#947 = FILL_AREA_STYLE_COLOUR ( '', #2116 ) ;
#948 = CARTESIAN_POINT ( 'NONE',  ( -62.56568542494920848, 1.550000000000004485, 2.500000000000141664 ) ) ;
#949 =( GEOMETRIC_REPRESENTATION_CONTEXT ( 3 ) GLOBAL_UNCERTAINTY_ASSIGNED_CONTEXT ( ( #499 ) ) GLOBAL_UNIT_ASSIGNED_CONTEXT ( ( #1250, #6907, #3173 ) ) REPRESENTATION_CONTEXT ( 'NONE', 'WORKASPACE' ) );
#950 = DIRECTION ( 'NONE',  ( -3.422444243843710876E-14, 3.122224951552592838E-30, 1.000000000000000000 ) ) ;
#951 = CARTESIAN_POINT ( 'NONE',  ( -66.38999999999997215, -10.44999999999999929, 2.925000000000000711 ) ) ;
#952 = ORIENTED_EDGE ( 'NONE', *, *, #2313, .F. ) ;
#953 = CARTESIAN_POINT ( 'NONE',  ( -61.90000000000003411, -10.44999999999999396, 4.300000000000166800 ) ) ;
#954 = AXIS2_PLACEMENT_3D ( 'NONE', #3349, #7094, #9112 ) ;
#955 = EDGE_CURVE ( 'NONE', #977, #12208, #5503, .T. ) ;
#956 = EDGE_LOOP ( 'NONE', ( #4871, #10143, #9572, #5614 ) ) ;
#957 = VERTEX_POINT ( 'NONE', #1760 ) ;
#958 = SURFACE_SIDE_STYLE ('',( #9706 ) ) ;
#959 = VECTOR ( 'NONE', #10441, 1000.000000000000000 ) ;
#960 = SURFACE_SIDE_STYLE ('',( #9643 ) ) ;
#961 = SURFACE_STYLE_FILL_AREA ( #7745 ) ;
#962 = DIRECTION ( 'NONE',  ( -1.000000000000000000, 0.000000000000000000, -3.903127820947704260E-14 ) ) ;
#963 = UNCERTAINTY_MEASURE_WITH_UNIT (LENGTH_MEASURE( 1.000000000000000082E-05 ), #123, 'distance_accuracy_value', 'NONE');
#964 = AXIS2_PLACEMENT_3D ( 'NONE', #11191, #846, #1839 ) ;
#965 = DIRECTION ( 'NONE',  ( 1.000000000000000078E-15, -1.000000000000000000, 0.000000000000000000 ) ) ;
#966 =( NAMED_UNIT ( * ) SI_UNIT ( $, .STERADIAN. ) SOLID_ANGLE_UNIT ( ) );
#967 = DIRECTION ( 'NONE',  ( -3.700000000000000011E-14, 0.000000000000000000, 1.000000000000000000 ) ) ;
#968 = SURFACE_SIDE_STYLE ('',( #9585 ) ) ;
#969 = ADVANCED_FACE ( 'NONE', ( #5566 ), #893, .F. ) ;
#970 = ORIENTED_EDGE ( 'NONE', *, *, #7813, .T. ) ;
#971 = ORIENTED_EDGE ( 'NONE', *, *, #5816, .F. ) ;
#972 = ORIENTED_EDGE ( 'NONE', *, *, #8305, .T. ) ;
#973 = EDGE_CURVE ( 'NONE', #6342, #6956, #1198, .T. ) ;
#974 = CIRCLE ( 'NONE', #7382, 0.2000000000000012046 ) ;
#975 =( LENGTH_UNIT ( ) NAMED_UNIT ( * ) SI_UNIT ( .MILLI., .METRE. ) );
#976 = STYLED_ITEM ( 'NONE', ( #5137 ), #2981 ) ;
#977 = VERTEX_POINT ( 'NONE', #6078 ) ;
#978 = FILL_AREA_STYLE_COLOUR ( '', #5728 ) ;
#979 = CARTESIAN_POINT ( 'NONE',  ( -71.45000000000000284, 1.549999999999995826, 3.049999999999827072 ) ) ;
#980 = EDGE_CURVE ( 'NONE', #7901, #3008, #4993, .T. ) ;
#981 = VECTOR ( 'NONE', #1270, 1000.000000000000000 ) ;
#982 = VECTOR ( 'NONE', #1948, 1000.000000000000000 ) ;
#983 = VECTOR ( 'NONE', #4380, 1000.000000000000000 ) ;
#984 = DIRECTION ( 'NONE',  ( -1.000000000000000078E-15, 1.000000000000000000, 0.000000000000000000 ) ) ;
#985 = FILL_AREA_STYLE ('',( #9474 ) ) ;
#986 = ORIENTED_EDGE ( 'NONE', *, *, #10178, .F. ) ;
#987 = ORIENTED_EDGE ( 'NONE', *, *, #10141, .T. ) ;
#988 = PRESENTATION_STYLE_ASSIGNMENT (( #1913 ) ) ;
#989 = DIRECTION ( 'NONE',  ( -1.000000000000000078E-15, 1.000000000000000000, 0.000000000000000000 ) ) ;
#990 = MECHANICAL_DESIGN_GEOMETRIC_PRESENTATION_REPRESENTATION (  '', ( #12198 ), #11412 ) ;
#991 =( LENGTH_UNIT ( ) NAMED_UNIT ( * ) SI_UNIT ( .MILLI., .METRE. ) );
#992 = VECTOR ( 'NONE', #10589, 1000.000000000000000 ) ;
#993 = LINE ( 'NONE', #6574, #10849 ) ;
#994 = CARTESIAN_POINT ( 'NONE',  ( -66.94444444444442865, -10.44999999999999929, 3.299999999999979838 ) ) ;
#995 = SURFACE_SIDE_STYLE ('',( #1797 ) ) ;
#996 = ORIENTED_EDGE ( 'NONE', *, *, #5476, .F. ) ;
#997 = EDGE_CURVE ( 'NONE', #760, #2945, #3011, .T. ) ;
#998 = CARTESIAN_POINT ( 'NONE',  ( -66.91876734635691548, -5.820804194777459806, 2.309999999999980957 ) ) ;
#999 = STYLED_ITEM ( 'NONE', ( #11199 ), #8110 ) ;
#1000 = VECTOR ( 'NONE', #6573, 1000.000000000000000 ) ;
#1001 = EDGE_LOOP ( 'NONE', ( #8745, #1228, #9202, #11500 ) ) ;
#1002 = ORIENTED_EDGE ( 'NONE', *, *, #8064, .F. ) ;
#1003 = ORIENTED_EDGE ( 'NONE', *, *, #2954, .F. ) ;
#1004 = CARTESIAN_POINT ( 'NONE',  ( -63.97777777777777430, -3.949999999999997069, 3.075000000000089884 ) ) ;
#1005 =( LENGTH_UNIT ( ) NAMED_UNIT ( * ) SI_UNIT ( .MILLI., .METRE. ) );
#1006 = UNCERTAINTY_MEASURE_WITH_UNIT (LENGTH_MEASURE( 1.000000000000000082E-05 ), #2518, 'distance_accuracy_value', 'NONE');
#1007 = CARTESIAN_POINT ( 'NONE',  ( -61.55000000000000426, -10.44999999999999396, 3.715685424949418891 ) ) ;
#1008 = VECTOR ( 'NONE', #688, 1000.000000000000000 ) ;
#1009 = CIRCLE ( 'NONE', #1788, 0.05000000000000102973 ) ;
#1010 = FACE_OUTER_BOUND ( 'NONE', #8791, .T. ) ;
#1011 = FILL_AREA_STYLE_COLOUR ( '', #8083 ) ;
#1012 =( NAMED_UNIT ( * ) PLANE_ANGLE_UNIT ( ) SI_UNIT ( $, .RADIAN. ) );
#1013 = COLOUR_RGB ( '',0.007843137254901960675, 0.007843137254901960675, 0.007843137254901960675 ) ;
#1014 = ORIENTED_EDGE ( 'NONE', *, *, #11188, .F. ) ;
#1015 = SURFACE_STYLE_USAGE ( .BOTH. , #9754 ) ;
#1016 = CLOSED_SHELL ( 'NONE', ( #2204, #8942, #6742, #10732, #4869, #6883, #12072, #4558, #7487, #10518, #10593, #8883, #2694, #12185, #922, #4172, #10425, #8510, #2894, #11848, #5265, #11876, #3945, #4861, #761, #11801, #2415, #8840, #1935, #10101, #5901, #6165, #11325, #6806, #11608, #2981, #3881, #4036, #9521, #8966, #6243, #7764 ) ) ;
#1017 = ORIENTED_EDGE ( 'NONE', *, *, #6509, .T. ) ;
#1018 = ORIENTED_EDGE ( 'NONE', *, *, #4610, .F. ) ;
#1019 = AXIS2_PLACEMENT_3D ( 'NONE', #4047, #10674, #5105 ) ;
#1020 = LINE ( 'NONE', #7985, #6677 ) ;
#1021 = COLOUR_RGB ( '',0.9529411764705881804, 0.7960784313725489669, 0.4862745098039215619 ) ;
#1022 = FILL_AREA_STYLE_COLOUR ( '', #12267 ) ;
#1023 = PRESENTATION_STYLE_ASSIGNMENT (( #7175 ) ) ;
#1024 = DIRECTION ( 'NONE',  ( -1.000000000000000000, -1.000000000000000078E-15, -3.700000000000000011E-14 ) ) ;
#1025 = UNCERTAINTY_MEASURE_WITH_UNIT (LENGTH_MEASURE( 1.000000000000000082E-05 ), #1301, 'distance_accuracy_value', 'NONE');
#1026 = EDGE_CURVE ( 'NONE', #311, #77, #11788, .T. ) ;
#1027 = CARTESIAN_POINT ( 'NONE',  ( -71.24999999999997158, -2.450000000000004174, 2.499999999999821032 ) ) ;
#1028 = CARTESIAN_POINT ( 'NONE',  ( -62.56944444444442865, -10.44999999999999574, 3.300000000000141931 ) ) ;
#1029 =( GEOMETRIC_REPRESENTATION_CONTEXT ( 3 ) GLOBAL_UNCERTAINTY_ASSIGNED_CONTEXT ( ( #1185 ) ) GLOBAL_UNIT_ASSIGNED_CONTEXT ( ( #7780, #10658, #11591 ) ) REPRESENTATION_CONTEXT ( 'NONE', 'WORKASPACE' ) );
#1030 = AXIS2_PLACEMENT_3D ( 'NONE', #4497, #1466, #8322 ) ;
#1031 =( LENGTH_UNIT ( ) NAMED_UNIT ( * ) SI_UNIT ( .MILLI., .METRE. ) );
#1032 = ORIENTED_EDGE ( 'NONE', *, *, #11347, .F. ) ;
#1033 = ORIENTED_EDGE ( 'NONE', *, *, #7819, .T. ) ;
#1034 = ORIENTED_EDGE ( 'NONE', *, *, #7141, .T. ) ;
#1035 = CARTESIAN_POINT ( 'NONE',  ( -68.82222222222219443, -10.45000000000000107, 2.999999999999910738 ) ) ;
#1036 = CARTESIAN_POINT ( 'NONE',  ( -70.69999999999998863, -10.45000000000000284, 3.299999979883273316 ) ) ;
#1037 = VECTOR ( 'NONE', #783, 1000.000000000000000 ) ;
#1038 = EDGE_LOOP ( 'NONE', ( #8761, #9325, #3541, #11460 ) ) ;
#1039 = COLOUR_RGB ( '',0.05882352941176470507, 0.3921568627450980338, 0.7019607843137254388 ) ;
#1040 = SURFACE_STYLE_USAGE ( .BOTH. , #9657 ) ;
#1041 = EDGE_CURVE ( 'NONE', #1657, #5402, #7926, .T. ) ;
#1042 = UNCERTAINTY_MEASURE_WITH_UNIT (LENGTH_MEASURE( 1.000000000000000082E-05 ), #2608, 'distance_accuracy_value', 'NONE');
#1043 = FILL_AREA_STYLE_COLOUR ( '', #1473 ) ;
#1044 =( GEOMETRIC_REPRESENTATION_CONTEXT ( 3 ) GLOBAL_UNCERTAINTY_ASSIGNED_CONTEXT ( ( #3737 ) ) GLOBAL_UNIT_ASSIGNED_CONTEXT ( ( #9912, #7900, #1235 ) ) REPRESENTATION_CONTEXT ( 'NONE', 'WORKASPACE' ) );
#1045 = DIRECTION ( 'NONE',  ( -1.000000000000000000, -1.000000000000000078E-15, -3.700000000000000011E-14 ) ) ;
#1046 = EDGE_CURVE ( 'NONE', #2905, #9838, #2174, .T. ) ;
#1047 = LINE ( 'NONE', #5973, #4998 ) ;
#1048 =( GEOMETRIC_REPRESENTATION_CONTEXT ( 3 ) GLOBAL_UNCERTAINTY_ASSIGNED_CONTEXT ( ( #11462 ) ) GLOBAL_UNIT_ASSIGNED_CONTEXT ( ( #3172, #8793, #11600 ) ) REPRESENTATION_CONTEXT ( 'NONE', 'WORKASPACE' ) );
#1049 = COLOUR_RGB ( '',0.9529411764705881804, 0.7960784313725489669, 0.4862745098039215619 ) ;
#1050 = CIRCLE ( 'NONE', #7859, 0.09999999999999939493 ) ;
#1051 = ORIENTED_EDGE ( 'NONE', *, *, #834, .T. ) ;
#1052 = MECHANICAL_DESIGN_GEOMETRIC_PRESENTATION_REPRESENTATION (  '', ( #1452 ), #10670 ) ;
#1053 = ORIENTED_EDGE ( 'NONE', *, *, #2870, .T. ) ;
#1054 = UNCERTAINTY_MEASURE_WITH_UNIT (LENGTH_MEASURE( 1.000000000000000082E-05 ), #8364, 'distance_accuracy_value', 'NONE');
#1055 = DIRECTION ( 'NONE',  ( 1.000000000000000000, 1.000000000000000078E-15, 3.700000000000000011E-14 ) ) ;
#1056 = DIRECTION ( 'NONE',  ( 3.700000000000000011E-14, -0.000000000000000000, -1.000000000000000000 ) ) ;
#1057 = CARTESIAN_POINT ( 'NONE',  ( -71.24999999999997158, -2.450000000000004174, 2.499999999999821032 ) ) ;
#1058 = PLANE ( 'NONE',  #11375 ) ;
#1059 =( NAMED_UNIT ( * ) SI_UNIT ( $, .STERADIAN. ) SOLID_ANGLE_UNIT ( ) );
#1060 =( LENGTH_UNIT ( ) NAMED_UNIT ( * ) SI_UNIT ( .MILLI., .METRE. ) );
#1061 = VECTOR ( 'NONE', #7466, 1000.000000000000000 ) ;
#1062 = PLANE ( 'NONE',  #3391 ) ;
#1063 = VECTOR ( 'NONE', #10086, 1000.000000000000000 ) ;
#1064 = VECTOR ( 'NONE', #9321, 1000.000000000000227 ) ;
#1065 = VERTEX_POINT ( 'NONE', #5115 ) ;
#1066 = SURFACE_STYLE_FILL_AREA ( #6118 ) ;
#1067 = VERTEX_POINT ( 'NONE', #5836 ) ;
#1068 = STYLED_ITEM ( 'NONE', ( #10451 ), #4383 ) ;
#1069 = ORIENTED_EDGE ( 'NONE', *, *, #10200, .T. ) ;
#1070 = MECHANICAL_DESIGN_GEOMETRIC_PRESENTATION_REPRESENTATION (  '', ( #3059 ), #4639 ) ;
#1071 = FILL_AREA_STYLE ('',( #2818 ) ) ;
#1072 = FILL_AREA_STYLE ('',( #1984 ) ) ;
#1073 = VECTOR ( 'NONE', #7437, 1000.000000000000000 ) ;
#1074 = VECTOR ( 'NONE', #11166, 1000.000000000000000 ) ;
#1075 = FACE_OUTER_BOUND ( 'NONE', #8068, .T. ) ;
#1076 = VECTOR ( 'NONE', #4474, 1000.000000000000000 ) ;
#1077 = EDGE_CURVE ( 'NONE', #2155, #9260, #3074, .T. ) ;
#1078 = LINE ( 'NONE', #3237, #7250 ) ;
#1079 = DIRECTION ( 'NONE',  ( 3.700000000000000011E-14, -0.000000000000000000, -1.000000000000000000 ) ) ;
#1080 = FACE_OUTER_BOUND ( 'NONE', #12067, .T. ) ;
#1081 = SURFACE_STYLE_FILL_AREA ( #6662 ) ;
#1082 = CARTESIAN_POINT ( 'NONE',  ( -66.84270045686480444, -8.240424250241819237, 2.299999999999983391 ) ) ;
#1083 = ORIENTED_EDGE ( 'NONE', *, *, #8363, .T. ) ;
#1084 = STYLED_ITEM ( 'NONE', ( #5912 ), #9873 ) ;
#1085 = ORIENTED_EDGE ( 'NONE', *, *, #3030, .F. ) ;
#1086 = ORIENTED_EDGE ( 'NONE', *, *, #8750, .F. ) ;
#1087 = LINE ( 'NONE', #2950, #5633 ) ;
#1088 = AXIS2_PLACEMENT_3D ( 'NONE', #1163, #8962, #1229 ) ;
#1089 = CARTESIAN_POINT ( 'NONE',  ( -68.20555555555668548, -0.4499998509884007847, 3.799999999999933653 ) ) ;
#1090 = MECHANICAL_DESIGN_GEOMETRIC_PRESENTATION_REPRESENTATION (  '', ( #264 ), #5256 ) ;
#1091 = ADVANCED_FACE ( 'NONE', ( #1138 ), #3127, .F. ) ;
#1092 = CARTESIAN_POINT ( 'NONE',  ( -68.23431457505071762, -9.850000000000001421, 2.299999999999932321 ) ) ;
#1093 = EDGE_CURVE ( 'NONE', #3672, #5348, #5295, .T. ) ;
#1094 = DIRECTION ( 'NONE',  ( -1.000000000000000000, -1.000000000000000078E-15, -3.700000000000000011E-14 ) ) ;
#1095 = EDGE_CURVE ( 'NONE', #10184, #8115, #7227, .T. ) ;
#1096 =( NAMED_UNIT ( * ) SI_UNIT ( $, .STERADIAN. ) SOLID_ANGLE_UNIT ( ) );
#1097 = FILL_AREA_STYLE ('',( #2128 ) ) ;
#1098 = AXIS2_PLACEMENT_3D ( 'NONE', #2556, #7346, #5429 ) ;
#1099 = ORIENTED_EDGE ( 'NONE', *, *, #283, .F. ) ;
#1100 = ORIENTED_EDGE ( 'NONE', *, *, #7331, .F. ) ;
#1101 = VERTEX_POINT ( 'NONE', #8178 ) ;
#1102 = DIRECTION ( 'NONE',  ( -1.000000000000000000, -1.000000000000000078E-15, -3.700000000000000011E-14 ) ) ;
#1103 = ORIENTED_EDGE ( 'NONE', *, *, #11208, .F. ) ;
#1104 = CARTESIAN_POINT ( 'NONE',  ( -63.18888888888887578, -10.44999999999999574, 3.300000000000118838 ) ) ;
#1105 = CARTESIAN_POINT ( 'NONE',  ( -71.45000000000005969, -5.204170427930421283E-15, 4.599999999999813127 ) ) ;
#1106 = PRESENTATION_LAYER_ASSIGNMENT (  '', '', ( #11704 ) ) ;
#1107 = LINE ( 'NONE', #4845, #3811 ) ;
#1108 = SURFACE_STYLE_USAGE ( .BOTH. , #3950 ) ;
#1109 = ORIENTED_EDGE ( 'NONE', *, *, #6036, .T. ) ;
#1110 = ORIENTED_EDGE ( 'NONE', *, *, #7441, .F. ) ;
#1111 = DIRECTION ( 'NONE',  ( -1.000000000000000000, -1.084202172485510942E-15, -3.361026734705083940E-14 ) ) ;
#1112 = CARTESIAN_POINT ( 'NONE',  ( -66.42743881658715566, -6.449999999999999289, 2.309999999999999165 ) ) ;
#1113 = CARTESIAN_POINT ( 'NONE',  ( -66.40000000000001990, -2.449999999999998845, 3.550000000000000711 ) ) ;
#1114 = FILL_AREA_STYLE ('',( #7957 ) ) ;
#1115 = SURFACE_STYLE_FILL_AREA ( #9787 ) ;
#1116 = SURFACE_SIDE_STYLE ('',( #5874 ) ) ;
#1117 = ORIENTED_EDGE ( 'NONE', *, *, #3128, .F. ) ;
#1118 = FILL_AREA_STYLE ('',( #11593 ) ) ;
#1119 = EDGE_CURVE ( 'NONE', #8117, #3674, #5599, .T. ) ;
#1120 = ADVANCED_FACE ( 'NONE', ( #3361 ), #435, .T. ) ;
#1121 = ORIENTED_EDGE ( 'NONE', *, *, #6486, .F. ) ;
#1122 = ORIENTED_EDGE ( 'NONE', *, *, #11622, .T. ) ;
#1123 = PRESENTATION_LAYER_ASSIGNMENT (  '', '', ( #8151 ) ) ;
#1124 = ORIENTED_EDGE ( 'NONE', *, *, #2576, .F. ) ;
#1125 = SURFACE_STYLE_FILL_AREA ( #9748 ) ;
#1126 = DIRECTION ( 'NONE',  ( -3.421580731527764731E-14, 2.899748481385584827E-30, 1.000000000000000000 ) ) ;
#1127 = UNCERTAINTY_MEASURE_WITH_UNIT (LENGTH_MEASURE( 1.000000000000000082E-05 ), #905, 'distance_accuracy_value', 'NONE');
#1128 = DIRECTION ( 'NONE',  ( 3.700000000000000011E-14, -0.000000000000000000, -1.000000000000000000 ) ) ;
#1129 = PLANE ( 'NONE',  #3053 ) ;
#1130 = DIRECTION ( 'NONE',  ( -3.700000000000000011E-14, 0.000000000000000000, 1.000000000000000000 ) ) ;
#1131 = ORIENTED_EDGE ( 'NONE', *, *, #11760, .F. ) ;
#1132 = ADVANCED_FACE ( 'NONE', ( #8241 ), #2494, .F. ) ;
#1133 = ORIENTED_EDGE ( 'NONE', *, *, #12268, .F. ) ;
#1134 = ORIENTED_EDGE ( 'NONE', *, *, #2356, .F. ) ;
#1135 =( NAMED_UNIT ( * ) PLANE_ANGLE_UNIT ( ) SI_UNIT ( $, .RADIAN. ) );
#1136 = VECTOR ( 'NONE', #5398, 1000.000000000000000 ) ;
#1137 = PRESENTATION_STYLE_ASSIGNMENT (( #8872 ) ) ;
#1138 = FACE_OUTER_BOUND ( 'NONE', #3967, .T. ) ;
#1139 = ADVANCED_FACE ( 'NONE', ( #6569 ), #9125, .T. ) ;
#1140 = CARTESIAN_POINT ( 'NONE',  ( -66.90715378721645834, -8.232011866121927923, 2.309999999999981402 ) ) ;
#1141 = DIRECTION ( 'NONE',  ( 3.700000000000000011E-14, -0.000000000000000000, -1.000000000000000000 ) ) ;
#1142 = PRESENTATION_STYLE_ASSIGNMENT (( #1947 ) ) ;
#1143 =( GEOMETRIC_REPRESENTATION_CONTEXT ( 3 ) GLOBAL_UNCERTAINTY_ASSIGNED_CONTEXT ( ( #5288 ) ) GLOBAL_UNIT_ASSIGNED_CONTEXT ( ( #7789, #6789, #2226 ) ) REPRESENTATION_CONTEXT ( 'NONE', 'WORKASPACE' ) );
#1144 = FILL_AREA_STYLE ('',( #4832 ) ) ;
#1145 = EDGE_CURVE ( 'NONE', #9850, #10802, #6634, .T. ) ;
#1146 = EDGE_CURVE ( 'NONE', #10750, #9106, #5129, .T. ) ;
#1147 = VECTOR ( 'NONE', #5224, 1000.000000000000000 ) ;
#1148 = EDGE_LOOP ( 'NONE', ( #12409, #10921, #5389, #3275 ) ) ;
#1149 = ORIENTED_EDGE ( 'NONE', *, *, #9855, .T. ) ;
#1150 = ORIENTED_EDGE ( 'NONE', *, *, #85, .T. ) ;
#1151 = SURFACE_STYLE_FILL_AREA ( #1346 ) ;
#1152 = MECHANICAL_DESIGN_GEOMETRIC_PRESENTATION_REPRESENTATION (  '', ( #131 ), #5521 ) ;
#1153 = VERTEX_POINT ( 'NONE', #11465 ) ;
#1154 = CARTESIAN_POINT ( 'NONE',  ( -68.67222222222220296, -10.45000000000000107, 2.999999999999916067 ) ) ;
#1155 =( LENGTH_UNIT ( ) NAMED_UNIT ( * ) SI_UNIT ( .MILLI., .METRE. ) );
#1157 = VERTEX_POINT ( 'NONE', #4859 ) ;
#1156 = COLOUR_RGB ( '',0.007843137254901960675, 0.007843137254901960675, 0.007843137254901960675 ) ;
#1158 = DIRECTION ( 'NONE',  ( -1.000000000000000078E-15, 1.000000000000000000, 0.000000000000000000 ) ) ;
#1159 = VECTOR ( 'NONE', #2508, 1000.000000000000000 ) ;
#1160 = VERTEX_POINT ( 'NONE', #6708 ) ;
#1161 = ORIENTED_EDGE ( 'NONE', *, *, #5947, .T. ) ;
#1162 = UNCERTAINTY_MEASURE_WITH_UNIT (LENGTH_MEASURE( 1.000000000000000082E-05 ), #10031, 'distance_accuracy_value', 'NONE');
#1163 = CARTESIAN_POINT ( 'NONE',  ( -66.56330944475864442, -8.869441321329929906, 2.309999999999994280 ) ) ;
#1164 = DIRECTION ( 'NONE',  ( -1.000000000000000078E-15, 1.000000000000000000, 0.000000000000000000 ) ) ;
#1165 = DIRECTION ( 'NONE',  ( -3.700000000000000011E-14, 0.000000000000000000, 1.000000000000000000 ) ) ;
#1166 = DIRECTION ( 'NONE',  ( 9.821109781064282613E-16, -1.000000000000000000, -6.618938100621565234E-31 ) ) ;
#1167 = VECTOR ( 'NONE', #4651, 1000.000000000000000 ) ;
#1168 = CARTESIAN_POINT ( 'NONE',  ( -68.33431457505072615, -8.050000000000000711, 2.299999999999928768 ) ) ;
#1169 = FACE_OUTER_BOUND ( 'NONE', #9528, .T. ) ;
#1170 = SURFACE_STYLE_USAGE ( .BOTH. , #9789 ) ;
#1171 = ORIENTED_EDGE ( 'NONE', *, *, #9268, .F. ) ;
#1172 = LINE ( 'NONE', #4913, #6122 ) ;
#1173 = DIRECTION ( 'NONE',  ( 3.700000000000000011E-14, 1.085805705615509827E-16, -1.000000000000000000 ) ) ;
#1174 = ORIENTED_EDGE ( 'NONE', *, *, #1350, .T. ) ;
#1175 = ORIENTED_EDGE ( 'NONE', *, *, #3347, .T. ) ;
#1176 = VECTOR ( 'NONE', #3191, 1000.000000000000000 ) ;
#1177 = EDGE_LOOP ( 'NONE', ( #10619, #10696, #12391, #9665 ) ) ;
#1178 = MECHANICAL_DESIGN_GEOMETRIC_PRESENTATION_REPRESENTATION (  '', ( #8011 ), #1958 ) ;
#1179 = SURFACE_STYLE_USAGE ( .BOTH. , #4876 ) ;
#1180 = LINE ( 'NONE', #10914, #1445 ) ;
#1181 = ADVANCED_FACE ( 'NONE', ( #8658 ), #3953, .T. ) ;
#1182 = CARTESIAN_POINT ( 'NONE',  ( -68.65000000000004832, -9.700000000000002842, 4.599999999999917044 ) ) ;
#1183 = LINE ( 'NONE', #10916, #8295 ) ;
#1184 = DIRECTION ( 'NONE',  ( 0.7071067811865732189, 7.071067811865471389E-16, -0.7071067811865218156 ) ) ;
#1185 = UNCERTAINTY_MEASURE_WITH_UNIT (LENGTH_MEASURE( 1.000000000000000082E-05 ), #7780, 'distance_accuracy_value', 'NONE');
#1186 =( NAMED_UNIT ( * ) PLANE_ANGLE_UNIT ( ) SI_UNIT ( $, .RADIAN. ) );
#1187 =( GEOMETRIC_REPRESENTATION_CONTEXT ( 3 ) GLOBAL_UNCERTAINTY_ASSIGNED_CONTEXT ( ( #7749 ) ) GLOBAL_UNIT_ASSIGNED_CONTEXT ( ( #7997, #7171, #2183 ) ) REPRESENTATION_CONTEXT ( 'NONE', 'WORKASPACE' ) );
#1188 = LINE ( 'NONE', #2164, #5151 ) ;
#1189 = VECTOR ( 'NONE', #8090, 1000.000000000000000 ) ;
#1190 = ORIENTED_EDGE ( 'NONE', *, *, #6155, .F. ) ;
#1191 = CARTESIAN_POINT ( 'NONE',  ( -66.89876734635691946, -4.925102411596889773, 2.299999999999981615 ) ) ;
#1192 = EDGE_CURVE ( 'NONE', #286, #8576, #4793, .T. ) ;
#1193 = STYLED_ITEM ( 'NONE', ( #8346 ), #11878 ) ;
#1194 = VERTEX_POINT ( 'NONE', #7830 ) ;
#1195 = ORIENTED_EDGE ( 'NONE', *, *, #10202, .T. ) ;
#1196 = LINE ( 'NONE', #172, #9675 ) ;
#1197 = VECTOR ( 'NONE', #984, 1000.000000000000000 ) ;
#1198 = LINE ( 'NONE', #117, #9548 ) ;
#1199 = AXIS2_PLACEMENT_3D ( 'NONE', #4711, #7378, #12264 ) ;
#1200 = EDGE_CURVE ( 'NONE', #11296, #12273, #7715, .T. ) ;
#1201 = CARTESIAN_POINT ( 'NONE',  ( -61.15000000000004832, 1.550000000000006262, 4.600000000000194156 ) ) ;
#1202 = SURFACE_SIDE_STYLE ('',( #371 ) ) ;
#1203 = COLOUR_RGB ( '',0.9529411764705881804, 0.7960784313725489669, 0.4862745098039215619 ) ;
#1204 = DIRECTION ( 'NONE',  ( 0.3017120651456969282, -0.9533990925868971456, 1.088134314073849653E-14 ) ) ;
#1205 = FACE_OUTER_BOUND ( 'NONE', #6734, .T. ) ;
#1206 = VECTOR ( 'NONE', #8145, 1000.000000000000000 ) ;
#1207 = PRESENTATION_LAYER_ASSIGNMENT (  '', '', ( #12415 ) ) ;
#1208 = VECTOR ( 'NONE', #8612, 1000.000000000000000 ) ;
#1209 = ORIENTED_EDGE ( 'NONE', *, *, #11088, .F. ) ;
#1210 = ORIENTED_EDGE ( 'NONE', *, *, #10360, .F. ) ;
#1211 = ORIENTED_EDGE ( 'NONE', *, *, #4647, .F. ) ;
#1212 = SURFACE_STYLE_FILL_AREA ( #4189 ) ;
#1213 = EDGE_CURVE ( 'NONE', #7470, #11573, #2033, .T. ) ;
#1214 =( NAMED_UNIT ( * ) SI_UNIT ( $, .STERADIAN. ) SOLID_ANGLE_UNIT ( ) );
#1215 = ORIENTED_EDGE ( 'NONE', *, *, #5433, .F. ) ;
#1216 = DIRECTION ( 'NONE',  ( -3.700000000000000011E-14, 0.000000000000000000, 1.000000000000000000 ) ) ;
#1217 = STYLED_ITEM ( 'NONE', ( #9306 ), #6902 ) ;
#1218 = EDGE_CURVE ( 'NONE', #803, #12365, #5867, .T. ) ;
#1219 = COLOUR_RGB ( '',0.9529411764705881804, 0.7960784313725489669, 0.4862745098039215619 ) ;
#1220 = DIRECTION ( 'NONE',  ( -1.000000000000000000, -1.000000000000000078E-15, -3.700000000000000011E-14 ) ) ;
#1221 = CARTESIAN_POINT ( 'NONE',  ( -65.90201378195156678, -9.312448062010529881, 2.300000000000018474 ) ) ;
#1222 = ORIENTED_EDGE ( 'NONE', *, *, #3661, .T. ) ;
#1223 = SURFACE_STYLE_FILL_AREA ( #2200 ) ;
#1224 = CARTESIAN_POINT ( 'NONE',  ( -62.56944444444444287, -3.949999999999996181, 3.300000000000141931 ) ) ;
#1225 = VECTOR ( 'NONE', #4903, 1000.000000000000000 ) ;
#1226 = FILL_AREA_STYLE_COLOUR ( '', #3409 ) ;
#1227 = VERTEX_POINT ( 'NONE', #8540 ) ;
#1228 = ORIENTED_EDGE ( 'NONE', *, *, #5667, .F. ) ;
#1229 = DIRECTION ( 'NONE',  ( 0.3017120651456969282, -0.9533990925868971456, 1.088134314073849653E-14 ) ) ;
#1230 = DIRECTION ( 'NONE',  ( 1.000000000000000000, 1.084202172485510942E-15, 3.794707603699288238E-14 ) ) ;
#1231 = CARTESIAN_POINT ( 'NONE',  ( -70.25000000000004263, -8.100000000000003197, 4.599999999999857536 ) ) ;
#1232 = FACE_OUTER_BOUND ( 'NONE', #7328, .T. ) ;
#1233 = CARTESIAN_POINT ( 'NONE',  ( -66.28508571451726539, -6.469648114959189122, 2.300000000000004263 ) ) ;
#1234 = EDGE_CURVE ( 'NONE', #3071, #2927, #12339, .T. ) ;
#1235 =( NAMED_UNIT ( * ) SI_UNIT ( $, .STERADIAN. ) SOLID_ANGLE_UNIT ( ) );
#1236 =( GEOMETRIC_REPRESENTATION_CONTEXT ( 3 ) GLOBAL_UNCERTAINTY_ASSIGNED_CONTEXT ( ( #6941 ) ) GLOBAL_UNIT_ASSIGNED_CONTEXT ( ( #10349, #2750, #11485 ) ) REPRESENTATION_CONTEXT ( 'NONE', 'WORKASPACE' ) );
#1237 = DIRECTION ( 'NONE',  ( -1.000000000000000000, -1.000000000000000078E-15, -3.448907672462272700E-14 ) ) ;
#1238 = DIRECTION ( 'NONE',  ( 1.000000000000000078E-15, -1.000000000000000000, 0.000000000000000000 ) ) ;
#1239 = VECTOR ( 'NONE', #9173, 1000.000000000000000 ) ;
#1240 = CARTESIAN_POINT ( 'NONE',  ( -69.45000000000115392, -0.4500000000000025091, 4.249999999999887201 ) ) ;
#1241 = VECTOR ( 'NONE', #4403, 1000.000000000000000 ) ;
#1242 = CARTESIAN_POINT ( 'NONE',  ( -62.56568542494919427, -2.449999999999995737, 2.300000000000142375 ) ) ;
#1243 = SURFACE_STYLE_FILL_AREA ( #9848 ) ;
#1244 = ORIENTED_EDGE ( 'NONE', *, *, #4124, .F. ) ;
#1245 = VERTEX_POINT ( 'NONE', #6245 ) ;
#1246 = ORIENTED_EDGE ( 'NONE', *, *, #4139, .F. ) ;
#1247 = DIRECTION ( 'NONE',  ( -1.000000000000000078E-15, 1.000000000000000000, 0.000000000000000000 ) ) ;
#1248 = SURFACE_STYLE_USAGE ( .BOTH. , #4919 ) ;
#1249 = MECHANICAL_DESIGN_GEOMETRIC_PRESENTATION_REPRESENTATION (  '', ( #3823 ), #11850 ) ;
#1250 =( LENGTH_UNIT ( ) NAMED_UNIT ( * ) SI_UNIT ( .MILLI., .METRE. ) );
#1251 = AXIS2_PLACEMENT_3D ( 'NONE', #4317, #7247, #6298 ) ;
#1252 = FILL_AREA_STYLE ('',( #5826 ) ) ;
#1253 = SURFACE_STYLE_FILL_AREA ( #5939 ) ;
#1254 = DIRECTION ( 'NONE',  ( -1.000000000000000078E-15, 1.000000000000000000, 0.000000000000000000 ) ) ;
#1255 = EDGE_LOOP ( 'NONE', ( #11784, #7733, #8834, #8080 ) ) ;
#1256 = DIRECTION ( 'NONE',  ( 3.825546163768862720E-14, 1.255461637688630224E-30, -1.000000000000000000 ) ) ;
#1257 = VECTOR ( 'NONE', #2726, 1000.000000000000000 ) ;
#1258 = COLOUR_RGB ( '',0.9529411764705881804, 0.7960784313725489669, 0.4862745098039215619 ) ;
#1259 = CIRCLE ( 'NONE', #2852, 0.3975056129180763453 ) ;
#1260 = AXIS2_PLACEMENT_3D ( 'NONE', #3044, #10715, #4086 ) ;
#1261 = VECTOR ( 'NONE', #8641, 1000.000000000000000 ) ;
#1262 = ORIENTED_EDGE ( 'NONE', *, *, #601, .T. ) ;
#1263 = ORIENTED_EDGE ( 'NONE', *, *, #11862, .F. ) ;
#1264 = COLOUR_RGB ( '',0.9529411764705881804, 0.7960784313725489669, 0.4862745098039215619 ) ;
#1265 = PRESENTATION_STYLE_ASSIGNMENT (( #8804 ) ) ;
#1266 = PRESENTATION_LAYER_ASSIGNMENT (  '', '', ( #7279 ) ) ;
#1267 = COLOUR_RGB ( '',0.9529411764705881804, 0.7960784313725489669, 0.4862745098039215619 ) ;
#1268 = CARTESIAN_POINT ( 'NONE',  ( -67.73333333333330586, -10.45000000000000107, 2.999999999999950706 ) ) ;
#1269 = DIRECTION ( 'NONE',  ( 3.700000000000000011E-14, -0.000000000000000000, -1.000000000000000000 ) ) ;
#1270 = DIRECTION ( 'NONE',  ( 3.699999999999998749E-14, -9.860761315263910926E-32, -1.000000000000000000 ) ) ;
#1271 = COLOUR_RGB ( '',0.007843137254901960675, 0.007843137254901960675, 0.007843137254901960675 ) ;
#1272 = FACE_OUTER_BOUND ( 'NONE', #7949, .T. ) ;
#1273 = LINE ( 'NONE', #6152, #3964 ) ;
#1274 = COLOUR_RGB ( '',0.007843137254901960675, 0.007843137254901960675, 0.007843137254901960675 ) ;
#1275 = DIRECTION ( 'NONE',  ( 3.700000000000000011E-14, -0.000000000000000000, -1.000000000000000000 ) ) ;
#1276 = LINE ( 'NONE', #3015, #9897 ) ;
#1277 = DIRECTION ( 'NONE',  ( 3.700000000000000011E-14, -0.000000000000000000, -1.000000000000000000 ) ) ;
#1278 = ADVANCED_FACE ( 'NONE', ( #2272 ), #6042, .T. ) ;
#1279 = VERTEX_POINT ( 'NONE', #9025 ) ;
#1280 = EDGE_LOOP ( 'NONE', ( #613, #11625, #9767, #7649 ) ) ;
#1281 = ORIENTED_EDGE ( 'NONE', *, *, #9791, .T. ) ;
#1282 =( GEOMETRIC_REPRESENTATION_CONTEXT ( 3 ) GLOBAL_UNCERTAINTY_ASSIGNED_CONTEXT ( ( #5663 ) ) GLOBAL_UNIT_ASSIGNED_CONTEXT ( ( #2896, #8632, #1600 ) ) REPRESENTATION_CONTEXT ( 'NONE', 'WORKASPACE' ) );
#1283 = ADVANCED_FACE ( 'NONE', ( #395 ), #11007, .F. ) ;
#1284 = VECTOR ( 'NONE', #6743, 1000.000000000000000 ) ;
#1285 = CARTESIAN_POINT ( 'NONE',  ( -62.56568542494920848, -2.399999617645516281, 2.500000000000141664 ) ) ;
#1286 = VERTEX_POINT ( 'NONE', #4018 ) ;
#1287 =( LENGTH_UNIT ( ) NAMED_UNIT ( * ) SI_UNIT ( .MILLI., .METRE. ) );
#1288 = FILL_AREA_STYLE ('',( #7815 ) ) ;
#1289 = SURFACE_STYLE_USAGE ( .BOTH. , #7722 ) ;
#1290 = VECTOR ( 'NONE', #7920, 1000.000000000000000 ) ;
#1291 = PLANE ( 'NONE',  #768 ) ;
#1292 = VERTEX_POINT ( 'NONE', #2209 ) ;
#1293 = FILL_AREA_STYLE_COLOUR ( '', #11048 ) ;
#1294 = VECTOR ( 'NONE', #7118, 1000.000000000000000 ) ;
#1295 = CARTESIAN_POINT ( 'NONE',  ( -68.45000000000004547, -8.300000000000002487, 4.599999999999924150 ) ) ;
#1296 = EDGE_CURVE ( 'NONE', #9573, #9606, #11701, .T. ) ;
#1297 = FACE_OUTER_BOUND ( 'NONE', #5783, .T. ) ;
#1298 = ORIENTED_EDGE ( 'NONE', *, *, #6898, .F. ) ;
#1299 = ORIENTED_EDGE ( 'NONE', *, *, #3536, .T. ) ;
#1300 = UNCERTAINTY_MEASURE_WITH_UNIT (LENGTH_MEASURE( 1.000000000000000082E-05 ), #5360, 'distance_accuracy_value', 'NONE');
#1301 =( LENGTH_UNIT ( ) NAMED_UNIT ( * ) SI_UNIT ( .MILLI., .METRE. ) );
#1302 = FILL_AREA_STYLE ('',( #10826 ) ) ;
#1303 = CARTESIAN_POINT ( 'NONE',  ( -62.28284271247457582, -10.44999999999999574, 2.417157287525532716 ) ) ;
#1304 = CARTESIAN_POINT ( 'NONE',  ( -68.72777777777891117, -0.4500000000000007327, 4.049999999999913669 ) ) ;
#1305 = COLOUR_RGB ( '',0.9529411764705881804, 0.7960784313725489669, 0.4862745098039215619 ) ;
#1306 = EDGE_CURVE ( 'NONE', #2236, #288, #328, .T. ) ;
#1307 = SURFACE_STYLE_USAGE ( .BOTH. , #4967 ) ;
#1308 = FACE_OUTER_BOUND ( 'NONE', #3540, .T. ) ;
#1309 = DIRECTION ( 'NONE',  ( 1.000000000000000000, 2.253215950407110108E-15, 3.700233906981714543E-14 ) ) ;
#1310 = DIRECTION ( 'NONE',  ( 0.9999999999999950040, 9.999999999999949501E-16, -1.005828006143814886E-07 ) ) ;
#1311 = SURFACE_SIDE_STYLE ('',( #5928 ) ) ;
#1312 = ADVANCED_FACE ( 'NONE', ( #3099, #6944 ), #2144, .T. ) ;
#1313 = EDGE_CURVE ( 'NONE', #1520, #5705, #8272, .T. ) ;
#1314 = ORIENTED_EDGE ( 'NONE', *, *, #11691, .T. ) ;
#1315 = AXIS2_PLACEMENT_3D ( 'NONE', #3657, #6277, #1389 ) ;
#1316 = ORIENTED_EDGE ( 'NONE', *, *, #1306, .F. ) ;
#1317 = EDGE_CURVE ( 'NONE', #10581, #3674, #9402, .T. ) ;
#1318 =( NAMED_UNIT ( * ) PLANE_ANGLE_UNIT ( ) SI_UNIT ( $, .RADIAN. ) );
#1319 = DIRECTION ( 'NONE',  ( -3.448907672462272700E-14, 2.510923275377270607E-30, 1.000000000000000000 ) ) ;
#1320 =( NAMED_UNIT ( * ) SI_UNIT ( $, .STERADIAN. ) SOLID_ANGLE_UNIT ( ) );
#1321 = FACE_OUTER_BOUND ( 'NONE', #8637, .T. ) ;
#1322 = UNCERTAINTY_MEASURE_WITH_UNIT (LENGTH_MEASURE( 1.000000000000000082E-05 ), #10467, 'distance_accuracy_value', 'NONE');
#1323 =( NAMED_UNIT ( * ) SI_UNIT ( $, .STERADIAN. ) SOLID_ANGLE_UNIT ( ) );
#1324 = ORIENTED_EDGE ( 'NONE', *, *, #1200, .T. ) ;
#1325 = SURFACE_STYLE_USAGE ( .BOTH. , #10970 ) ;
#1326 = VERTEX_POINT ( 'NONE', #3393 ) ;
#1327 = ORIENTED_EDGE ( 'NONE', *, *, #11504, .T. ) ;
#1328 = CARTESIAN_POINT ( 'NONE',  ( -65.90201378195158100, -5.807670578265017980, 2.300000000000018474 ) ) ;
#1329 =( GEOMETRIC_REPRESENTATION_CONTEXT ( 3 ) GLOBAL_UNCERTAINTY_ASSIGNED_CONTEXT ( ( #9331 ) ) GLOBAL_UNIT_ASSIGNED_CONTEXT ( ( #4756, #2769, #6672 ) ) REPRESENTATION_CONTEXT ( 'NONE', 'WORKASPACE' ) );
#1330 = SURFACE_STYLE_FILL_AREA ( #2120 ) ;
#1331 = VECTOR ( 'NONE', #12191, 1000.000000000000000 ) ;
#1332 = DIRECTION ( 'NONE',  ( 1.000000000000000078E-15, -1.000000000000000000, 0.000000000000000000 ) ) ;
#1333 = FILL_AREA_STYLE ('',( #2246 ) ) ;
#1334 = DIRECTION ( 'NONE',  ( 0.7071067811865732189, 7.071067811865470403E-16, -0.7071067811865218156 ) ) ;
#1335 = CARTESIAN_POINT ( 'NONE',  ( -62.71944444444444144, -3.949999999999996181, 3.225000000000136424 ) ) ;
#1336 = CARTESIAN_POINT ( 'NONE',  ( -68.67222222222220296, -3.950000000000001954, 2.999999999999916067 ) ) ;
#1337 =( NAMED_UNIT ( * ) PLANE_ANGLE_UNIT ( ) SI_UNIT ( $, .RADIAN. ) );
#1338 = CARTESIAN_POINT ( 'NONE',  ( -62.15000000000004832, -2.449999999999995737, 4.600000000000157740 ) ) ;
#1339 =( GEOMETRIC_REPRESENTATION_CONTEXT ( 3 ) GLOBAL_UNCERTAINTY_ASSIGNED_CONTEXT ( ( #10613 ) ) GLOBAL_UNIT_ASSIGNED_CONTEXT ( ( #7727, #2872, #7902 ) ) REPRESENTATION_CONTEXT ( 'NONE', 'WORKASPACE' ) );
#1340 = EDGE_CURVE ( 'NONE', #8823, #6412, #11248, .T. ) ;
#1341 = ORIENTED_EDGE ( 'NONE', *, *, #641, .F. ) ;
#1342 = VERTEX_POINT ( 'NONE', #10322 ) ;
#1343 = ORIENTED_EDGE ( 'NONE', *, *, #11309, .F. ) ;
#1344 = SURFACE_SIDE_STYLE ('',( #1212 ) ) ;
#1345 = PRESENTATION_LAYER_ASSIGNMENT (  '', '', ( #314 ) ) ;
#1346 = FILL_AREA_STYLE ('',( #4948 ) ) ;
#1347 = EDGE_LOOP ( 'NONE', ( #6022, #970, #2134, #786 ) ) ;
#1348 = AXIS2_PLACEMENT_3D ( 'NONE', #3231, #8105, #8980 ) ;
#1349 = CIRCLE ( 'NONE', #8376, 0.1000000000000022399 ) ;
#1350 = EDGE_CURVE ( 'NONE', #3861, #452, #4511, .T. ) ;
#1351 = FILL_AREA_STYLE_COLOUR ( '', #7071 ) ;
#1352 = ORIENTED_EDGE ( 'NONE', *, *, #9775, .T. ) ;
#1353 = DIRECTION ( 'NONE',  ( 0.000000000000000000, 1.000000000000000000, 0.000000000000000000 ) ) ;
#1354 = EDGE_CURVE ( 'NONE', #9369, #9819, #8700, .T. ) ;
#1355 = DIRECTION ( 'NONE',  ( 3.700000000000000011E-14, -0.000000000000000000, -1.000000000000000000 ) ) ;
#1356 = VECTOR ( 'NONE', #9170, 1000.000000000000000 ) ;
#1357 = CARTESIAN_POINT ( 'NONE',  ( -68.00555555555671106, -0.4500000000000007327, 4.249999999999940492 ) ) ;
#1358 = ORIENTED_EDGE ( 'NONE', *, *, #3647, .F. ) ;
#1359 = CARTESIAN_POINT ( 'NONE',  ( -63.66568542494920280, -9.849999999999996092, 2.300000000000101519 ) ) ;
#1360 = PLANE ( 'NONE',  #5993 ) ;
#1361 = EDGE_CURVE ( 'NONE', #10838, #2255, #6553, .T. ) ;
#1362 = PRESENTATION_LAYER_ASSIGNMENT (  '', '', ( #12168 ) ) ;
#1363 = LINE ( 'NONE', #1419, #4434 ) ;
#1364 = FILL_AREA_STYLE_COLOUR ( '', #2371 ) ;
#1365 = CARTESIAN_POINT ( 'NONE',  ( -68.23431457505071762, -10.15000000000000036, 2.499999999999932498 ) ) ;
#1366 = DIRECTION ( 'NONE',  ( -1.000000000000000078E-15, 1.000000000000000000, 0.000000000000000000 ) ) ;
#1367 = STYLED_ITEM ( 'NONE', ( #2274 ), #8998 ) ;
#1368 = CARTESIAN_POINT ( 'NONE',  ( -66.76111111111225682, 1.100000000000000311, 4.249999999999986677 ) ) ;
#1369 =( NAMED_UNIT ( * ) SI_UNIT ( $, .STERADIAN. ) SOLID_ANGLE_UNIT ( ) );
#1370 = ORIENTED_EDGE ( 'NONE', *, *, #4469, .T. ) ;
#1371 = ORIENTED_EDGE ( 'NONE', *, *, #4252, .F. ) ;
#1372 =( NAMED_UNIT ( * ) SI_UNIT ( $, .STERADIAN. ) SOLID_ANGLE_UNIT ( ) );
#1373 =( NAMED_UNIT ( * ) PLANE_ANGLE_UNIT ( ) SI_UNIT ( $, .RADIAN. ) );
#1374 = LINE ( 'NONE', #5408, #195 ) ;
#1375 = DIRECTION ( 'NONE',  ( 1.000000000000000078E-15, -1.000000000000000000, 0.000000000000000000 ) ) ;
#1376 = DIRECTION ( 'NONE',  ( -1.000000000000000078E-15, 1.000000000000000000, 0.000000000000000000 ) ) ;
#1377 = ADVANCED_FACE ( 'NONE', ( #8333 ), #12129, .T. ) ;
#1378 = FACE_OUTER_BOUND ( 'NONE', #5581, .T. ) ;
#1379 = DIRECTION ( 'NONE',  ( -1.000000000000000000, -2.253215950407110108E-15, -3.700000000000010109E-14 ) ) ;
#1380 = DIRECTION ( 'NONE',  ( -3.700000000000000011E-14, 0.000000000000000000, 1.000000000000000000 ) ) ;
#1381 = ORIENTED_EDGE ( 'NONE', *, *, #349, .T. ) ;
#1382 = MANIFOLD_SOLID_BREP ( 'Body2[3]', #10227 ) ;
#1383 = VECTOR ( 'NONE', #3989, 1000.000000000000000 ) ;
#1384 = COLOUR_RGB ( '',0.9529411764705881804, 0.7960784313725489669, 0.4862745098039215619 ) ;
#1385 = ORIENTED_EDGE ( 'NONE', *, *, #10996, .F. ) ;
#1386 = ORIENTED_EDGE ( 'NONE', *, *, #11227, .F. ) ;
#1387 = LINE ( 'NONE', #9868, #5655 ) ;
#1388 = EDGE_CURVE ( 'NONE', #190, #2698, #8581, .T. ) ;
#1389 = DIRECTION ( 'NONE',  ( -1.000000000000000000, -1.000000000000000078E-15, -3.700000000000000011E-14 ) ) ;
#1390 = CARTESIAN_POINT ( 'NONE',  ( -63.65833333333331723, -10.44999999999999574, 3.000000000000101696 ) ) ;
#1391 = UNCERTAINTY_MEASURE_WITH_UNIT (LENGTH_MEASURE( 1.000000000000000082E-05 ), #5152, 'distance_accuracy_value', 'NONE');
#1392 = FACE_OUTER_BOUND ( 'NONE', #231, .T. ) ;
#1393 = STYLED_ITEM ( 'NONE', ( #5984 ), #6169 ) ;
#1394 = CARTESIAN_POINT ( 'NONE',  ( -63.87222222222335688, 1.100000000000002087, 4.100000000000093792 ) ) ;
#1395 = CARTESIAN_POINT ( 'NONE',  ( -65.83888888889001123, -0.4499998509883990638, 3.800000000000020695 ) ) ;
#1396 =( GEOMETRIC_REPRESENTATION_CONTEXT ( 3 ) GLOBAL_UNCERTAINTY_ASSIGNED_CONTEXT ( ( #8721 ) ) GLOBAL_UNIT_ASSIGNED_CONTEXT ( ( #10030, #1373, #2479 ) ) REPRESENTATION_CONTEXT ( 'NONE', 'WORKASPACE' ) );
#1397 = DIRECTION ( 'NONE',  ( -0.3017120651457809721, 0.9533990925868705002, -8.673617379883857189E-15 ) ) ;
#1398 = CARTESIAN_POINT ( 'NONE',  ( -66.43999999999995509, -9.259094657478639689, 2.299999999999998490 ) ) ;
#1399 = SURFACE_SIDE_STYLE ('',( #7934 ) ) ;
#1400 = COLOUR_RGB ( '',0.007843137254901960675, 0.007843137254901960675, 0.007843137254901960675 ) ;
#1401 = ORIENTED_EDGE ( 'NONE', *, *, #5165, .F. ) ;
#1402 = EDGE_LOOP ( 'NONE', ( #341, #2843, #1371, #6209 ) ) ;
#1403 = STYLED_ITEM ( 'NONE', ( #6926 ), #6517 ) ;
#1404 = AXIS2_PLACEMENT_3D ( 'NONE', #4708, #845, #1838 ) ;
#1405 = LINE ( 'NONE', #8135, #12058 ) ;
#1406 = EDGE_CURVE ( 'NONE', #6342, #9795, #9934, .T. ) ;
#1407 = ORIENTED_EDGE ( 'NONE', *, *, #8530, .T. ) ;
#1408 = SURFACE_STYLE_FILL_AREA ( #11871 ) ;
#1409 =( NAMED_UNIT ( * ) SI_UNIT ( $, .STERADIAN. ) SOLID_ANGLE_UNIT ( ) );
#1410 = AXIS2_PLACEMENT_3D ( 'NONE', #3366, #11045, #2433 ) ;
#1411 = LINE ( 'NONE', #4262, #12317 ) ;
#1412 = CARTESIAN_POINT ( 'NONE',  ( -68.33431457505071194, -9.950000000000001066, 2.299999999999928768 ) ) ;
#1413 = VERTEX_POINT ( 'NONE', #2176 ) ;
#1414 = SURFACE_STYLE_USAGE ( .BOTH. , #4197 ) ;
#1415 = DIRECTION ( 'NONE',  ( -1.000000000000000000, -1.000000000000000078E-15, -3.645695612925943688E-14 ) ) ;
#1416 = DIRECTION ( 'NONE',  ( 3.700000000000000011E-14, -0.000000000000000000, -1.000000000000000000 ) ) ;
#1417 = EDGE_CURVE ( 'NONE', #5174, #2761, #6080, .T. ) ;
#1418 = DIRECTION ( 'NONE',  ( -1.000000000000000000, -2.253215950407110108E-15, -3.700000000000000011E-14 ) ) ;
#1419 = CARTESIAN_POINT ( 'NONE',  ( -64.44722222222220864, -3.949999999999997957, 3.075000000000072564 ) ) ;
#1420 = MANIFOLD_SOLID_BREP ( 'Body15[3]', #1016 ) ;
#1421 = CARTESIAN_POINT ( 'NONE',  ( -63.50833333333330444, -10.44999999999999574, 3.000000000000107025 ) ) ;
#1422 = SURFACE_SIDE_STYLE ('',( #8155 ) ) ;
#1423 = VECTOR ( 'NONE', #4713, 1000.000000000000000 ) ;
#1424 = VERTEX_POINT ( 'NONE', #10860 ) ;
#1425 = FILL_AREA_STYLE_COLOUR ( '', #8975 ) ;
#1426 = DIRECTION ( 'NONE',  ( 3.700000000000000011E-14, -0.000000000000000000, -1.000000000000000000 ) ) ;
#1427 = ORIENTED_EDGE ( 'NONE', *, *, #1361, .T. ) ;
#1428 = VERTEX_POINT ( 'NONE', #9000 ) ;
#1430 = EDGE_CURVE ( 'NONE', #6899, #4372, #243, .T. ) ;
#1429 = LINE ( 'NONE', #4096, #943 ) ;
#1431 = CARTESIAN_POINT ( 'NONE',  ( -68.00555555555671106, -0.4500000000000007327, 4.249999999999940492 ) ) ;
#1432 = SURFACE_STYLE_FILL_AREA ( #4343 ) ;
#1433 = AXIS2_PLACEMENT_3D ( 'NONE', #8009, #10076, #2266 ) ;
#1434 = VECTOR ( 'NONE', #12014, 1000.000000000000000 ) ;
#1435 = COLOUR_RGB ( '',0.007843137254901960675, 0.007843137254901960675, 0.007843137254901960675 ) ;
#1436 = LINE ( 'NONE', #4287, #1356 ) ;
#1437 = VECTOR ( 'NONE', #222, 1000.000000000000000 ) ;
#1438 = SURFACE_STYLE_FILL_AREA ( #5286 ) ;
#1439 = SURFACE_SIDE_STYLE ('',( #9047 ) ) ;
#1440 = DIRECTION ( 'NONE',  ( -1.000000000000000000, -9.999999999999923863E-16, -3.700000000000000011E-14 ) ) ;
#1441 = FACE_OUTER_BOUND ( 'NONE', #12101, .T. ) ;
#1442 = VECTOR ( 'NONE', #6048, 1000.000000000000114 ) ;
#1443 = EDGE_LOOP ( 'NONE', ( #10363, #1693, #7359, #12031 ) ) ;
#1444 = SURFACE_STYLE_USAGE ( .BOTH. , #10041 ) ;
#1445 = VECTOR ( 'NONE', #3114, 1000.000000000000000 ) ;
#1446 = AXIS2_PLACEMENT_3D ( 'NONE', #3202, #8946, #6093 ) ;
#1447 = ORIENTED_EDGE ( 'NONE', *, *, #3412, .T. ) ;
#1448 = ORIENTED_EDGE ( 'NONE', *, *, #9348, .F. ) ;
#1449 = VECTOR ( 'NONE', #989, 1000.000000000000000 ) ;
#1450 = CARTESIAN_POINT ( 'NONE',  ( -66.79444444444442297, -10.44999999999999929, 2.999999999999985345 ) ) ;
#1451 = DIRECTION ( 'NONE',  ( 0.7071067811865218156, 7.071067811865218953E-16, 0.7071067811865732189 ) ) ;
#1452 = STYLED_ITEM ( 'NONE', ( #8630 ), #10845 ) ;
#1453 = PRESENTATION_STYLE_ASSIGNMENT (( #7344 ) ) ;
#1454 = CARTESIAN_POINT ( 'NONE',  ( -61.15000000000003411, -4.449999999999993960, 4.250000000000194511 ) ) ;
#1455 = EDGE_CURVE ( 'NONE', #9463, #7177, #175, .T. ) ;
#1456 = FILL_AREA_STYLE_COLOUR ( '', #3868 ) ;
#1457 = FACE_OUTER_BOUND ( 'NONE', #11749, .T. ) ;
#1458 = CARTESIAN_POINT ( 'NONE',  ( -68.65000000000004832, -9.700000000000002842, 4.799999999999917222 ) ) ;
#1459 = MECHANICAL_DESIGN_GEOMETRIC_PRESENTATION_REPRESENTATION (  '', ( #4027 ), #8699 ) ;
#1460 = VECTOR ( 'NONE', #10300, 1000.000000000000000 ) ;
#1461 = VECTOR ( 'NONE', #9975, 1000.000000000000000 ) ;
#1462 = VERTEX_POINT ( 'NONE', #3189 ) ;
#1463 = ORIENTED_EDGE ( 'NONE', *, *, #8204, .F. ) ;
#1464 = EDGE_CURVE ( 'NONE', #7086, #4376, #11450, .T. ) ;
#1465 = CARTESIAN_POINT ( 'NONE',  ( -64.48284271247459287, 1.734723475976807094E-15, 2.500000000000071054 ) ) ;
#1466 = DIRECTION ( 'NONE',  ( -1.000000000000000000, -1.000000000000000078E-15, -3.700000000000000011E-14 ) ) ;
#1467 = FACE_OUTER_BOUND ( 'NONE', #6722, .T. ) ;
#1468 = EDGE_CURVE ( 'NONE', #6986, #8219, #9592, .T. ) ;
#1469 = MECHANICAL_DESIGN_GEOMETRIC_PRESENTATION_REPRESENTATION (  '', ( #11869 ), #9885 ) ;
#1470 = AXIS2_PLACEMENT_3D ( 'NONE', #8935, #9988, #4991 ) ;
#1471 = VERTEX_POINT ( 'NONE', #3764 ) ;
#1472 = DIRECTION ( 'NONE',  ( 1.000000000000000078E-15, -1.000000000000000000, 0.000000000000000000 ) ) ;
#1473 = COLOUR_RGB ( '',0.9529411764705881804, 0.7960784313725489669, 0.4862745098039215619 ) ;
#1474 = EDGE_CURVE ( 'NONE', #3006, #47, #2303, .T. ) ;
#1475 = VECTOR ( 'NONE', #965, 1000.000000000000000 ) ;
#1476 =( LENGTH_UNIT ( ) NAMED_UNIT ( * ) SI_UNIT ( .MILLI., .METRE. ) );
#1477 = DIRECTION ( 'NONE',  ( -3.701809683000205097E-14, -1.809683000205150379E-32, 1.000000000000000000 ) ) ;
#1478 = STYLED_ITEM ( 'NONE', ( #6748 ), #5067 ) ;
#1479 = LINE ( 'NONE', #4385, #11808 ) ;
#1480 = DIRECTION ( 'NONE',  ( -1.000000000000000000, -1.000000000000000078E-15, -3.695877884809559986E-14 ) ) ;
#1481 = DIRECTION ( 'NONE',  ( 3.701809683000205097E-14, 1.809683000204896941E-32, -1.000000000000000000 ) ) ;
#1482 = FILL_AREA_STYLE ('',( #2715 ) ) ;
#1483 = FILL_AREA_STYLE_COLOUR ( '', #1789 ) ;
#1484 = SURFACE_STYLE_USAGE ( .BOTH. , #7316 ) ;
#1485 = AXIS2_PLACEMENT_3D ( 'NONE', #10059, #9193, #9004 ) ;
#1486 = LINE ( 'NONE', #12075, #9889 ) ;
#1487 = COLOUR_RGB ( '',0.007843137254901960675, 0.007843137254901960675, 0.007843137254901960675 ) ;
#1488 = PLANE ( 'NONE',  #6603 ) ;
#1489 = PRESENTATION_STYLE_ASSIGNMENT (( #597 ) ) ;
#1490 = LINE ( 'NONE', #5153, #598 ) ;
#1491 = LINE ( 'NONE', #338, #7154 ) ;
#1492 = ORIENTED_EDGE ( 'NONE', *, *, #5681, .F. ) ;
#1493 = PRESENTATION_LAYER_ASSIGNMENT (  '', '', ( #6087 ) ) ;
#1494 = ORIENTED_EDGE ( 'NONE', *, *, #4404, .F. ) ;
#1495 =( NAMED_UNIT ( * ) SI_UNIT ( $, .STERADIAN. ) SOLID_ANGLE_UNIT ( ) );
#1496 = AXIS2_PLACEMENT_3D ( 'NONE', #11530, #1787, #1111 ) ;
#1497 = DIRECTION ( 'NONE',  ( 1.000000000000000000, 1.000000000000000078E-15, 3.700000000000000011E-14 ) ) ;
#1498 = DIRECTION ( 'NONE',  ( -3.700000000000000011E-14, 0.000000000000000000, 1.000000000000000000 ) ) ;
#1499 = LINE ( 'NONE', #544, #73 ) ;
#1500 =( NAMED_UNIT ( * ) SI_UNIT ( $, .STERADIAN. ) SOLID_ANGLE_UNIT ( ) );
#1501 = MECHANICAL_DESIGN_GEOMETRIC_PRESENTATION_REPRESENTATION (  '', ( #2485 ), #6305 ) ;
#1503 = EDGE_CURVE ( 'NONE', #7070, #1471, #5059, .T. ) ;
#1502 = SURFACE_STYLE_USAGE ( .BOTH. , #8299 ) ;
#1504 = EDGE_LOOP ( 'NONE', ( #5421, #10539, #1919, #8099 ) ) ;
#1505 = COLOUR_RGB ( '',0.9529411764705881804, 0.7960784313725489669, 0.4862745098039215619 ) ;
#1506 = ORIENTED_EDGE ( 'NONE', *, *, #9268, .T. ) ;
#1507 = ORIENTED_EDGE ( 'NONE', *, *, #11516, .F. ) ;
#1508 = CARTESIAN_POINT ( 'NONE',  ( -66.32499999999998863, -10.44999999999999929, 3.300000000000002931 ) ) ;
#1509 = DIRECTION ( 'NONE',  ( 0.000000000000000000, 0.000000000000000000, 1.000000000000000000 ) ) ;
#1510 = UNCERTAINTY_MEASURE_WITH_UNIT (LENGTH_MEASURE( 1.000000000000000082E-05 ), #2541, 'distance_accuracy_value', 'NONE');
#1511 =( NAMED_UNIT ( * ) PLANE_ANGLE_UNIT ( ) SI_UNIT ( $, .RADIAN. ) );
#1512 = DIRECTION ( 'NONE',  ( 0.07035951977532106660, -0.9975216979980867649, 2.571467142125442210E-15 ) ) ;
#1513 = CARTESIAN_POINT ( 'NONE',  ( -61.90000000000003411, -10.44999999999999396, 4.300000000000166800 ) ) ;
#1514 = CARTESIAN_POINT ( 'NONE',  ( -68.20555555555669969, -0.4499999258008001712, 4.049999999999934097 ) ) ;
#1515 = DIRECTION ( 'NONE',  ( 3.700000000000000011E-14, -6.360191048344410484E-30, -1.000000000000000000 ) ) ;
#1516 = FILL_AREA_STYLE_COLOUR ( '', #10496 ) ;
#1517 = ADVANCED_FACE ( 'NONE', ( #10925 ), #9531, .T. ) ;
#1518 = LINE ( 'NONE', #5305, #12189 ) ;
#1519 = ORIENTED_EDGE ( 'NONE', *, *, #5740, .F. ) ;
#1520 = VERTEX_POINT ( 'NONE', #9989 ) ;
#1521 = FILL_AREA_STYLE_COLOUR ( '', #10078 ) ;
#1522 = SURFACE_STYLE_FILL_AREA ( #6346 ) ;
#1523 = CARTESIAN_POINT ( 'NONE',  ( -70.65000000000006253, -2.450000000000002398, 4.799999999999842615 ) ) ;
#1524 = ORIENTED_EDGE ( 'NONE', *, *, #5177, .T. ) ;
#1525 = FACE_OUTER_BOUND ( 'NONE', #9943, .T. ) ;
#1526 = EDGE_CURVE ( 'NONE', #11812, #1101, #3486, .T. ) ;
#1527 =( LENGTH_UNIT ( ) NAMED_UNIT ( * ) SI_UNIT ( .MILLI., .METRE. ) );
#1528 = EDGE_CURVE ( 'NONE', #6205, #4821, #11222, .T. ) ;
#1529 = LINE ( 'NONE', #5507, #983 ) ;
#1530 = MECHANICAL_DESIGN_GEOMETRIC_PRESENTATION_REPRESENTATION (  '', ( #9162 ), #12140 ) ;
#1531 = CARTESIAN_POINT ( 'NONE',  ( -66.50390903729338277, -2.054065133228777817, 2.299999999999996270 ) ) ;
#1532 =( LENGTH_UNIT ( ) NAMED_UNIT ( * ) SI_UNIT ( .MILLI., .METRE. ) );
#1533 = CARTESIAN_POINT ( 'NONE',  ( -68.35277777777777430, -3.950000000000001066, 3.224999999999928146 ) ) ;
#1534 = CARTESIAN_POINT ( 'NONE',  ( -63.66568542494920280, -8.049999999999997158, 2.500000000000101696 ) ) ;
#1535 = VECTOR ( 'NONE', #8100, 1000.000000000000000 ) ;
#1536 = ORIENTED_EDGE ( 'NONE', *, *, #2282, .T. ) ;
#1537 = SURFACE_SIDE_STYLE ('',( #10144 ) ) ;
#1538 =( NAMED_UNIT ( * ) PLANE_ANGLE_UNIT ( ) SI_UNIT ( $, .RADIAN. ) );
#1539 = UNCERTAINTY_MEASURE_WITH_UNIT (LENGTH_MEASURE( 1.000000000000000082E-05 ), #10100, 'distance_accuracy_value', 'NONE');
#1540 = LINE ( 'NONE', #591, #8081 ) ;
#1541 = FILL_AREA_STYLE ('',( #1364 ) ) ;
#1542 = CARTESIAN_POINT ( 'NONE',  ( -64.35000000000005116, -9.974999999999997868, 4.800000000000076206 ) ) ;
#1543 = CARTESIAN_POINT ( 'NONE',  ( -66.56330944475864442, -8.869441321329929906, 2.299999999999994049 ) ) ;
#1544 = DIRECTION ( 'NONE',  ( 1.000000000000000000, 1.084202172485510942E-15, 4.770489558936248540E-14 ) ) ;
#1545 = DIRECTION ( 'NONE',  ( 3.699999999999998749E-14, -9.860761315263910926E-32, -1.000000000000000000 ) ) ;
#1546 = DIRECTION ( 'NONE',  ( -1.000000000000000078E-15, 1.000000000000000000, 0.000000000000000000 ) ) ;
#1547 = VECTOR ( 'NONE', #12019, 1000.000000000000000 ) ;
#1548 = VERTEX_POINT ( 'NONE', #9184 ) ;
#1549 = VERTEX_POINT ( 'NONE', #11043 ) ;
#1550 = CARTESIAN_POINT ( 'NONE',  ( -71.45000000000004547, -10.45000000000000462, 4.599999999999813127 ) ) ;
#1551 = SURFACE_SIDE_STYLE ('',( #11834 ) ) ;
#1552 =( NAMED_UNIT ( * ) PLANE_ANGLE_UNIT ( ) SI_UNIT ( $, .RADIAN. ) );
#1553 = PRESENTATION_LAYER_ASSIGNMENT (  '', '', ( #141 ) ) ;
#1554 = CYLINDRICAL_SURFACE ( 'NONE', #10368, 0.2000000000000000944 ) ;
#1555 = DIRECTION ( 'NONE',  ( -1.000000000000000078E-15, 1.000000000000000000, 0.000000000000000000 ) ) ;
#1556 = CARTESIAN_POINT ( 'NONE',  ( -69.45000000000115392, -0.4500000000000025091, 4.249999999999887201 ) ) ;
#1557 = VERTEX_POINT ( 'NONE', #7408 ) ;
#1558 =( GEOMETRIC_REPRESENTATION_CONTEXT ( 3 ) GLOBAL_UNCERTAINTY_ASSIGNED_CONTEXT ( ( #5355 ) ) GLOBAL_UNIT_ASSIGNED_CONTEXT ( ( #10769, #5083, #207 ) ) REPRESENTATION_CONTEXT ( 'NONE', 'WORKASPACE' ) );
#1559 = AXIS2_PLACEMENT_3D ( 'NONE', #10639, #10994, #7178 ) ;
#1560 = ORIENTED_EDGE ( 'NONE', *, *, #10285, .T. ) ;
#1561 = ORIENTED_EDGE ( 'NONE', *, *, #173, .T. ) ;
#1562 = DIRECTION ( 'NONE',  ( -1.000000000000000078E-15, 1.000000000000000000, 0.000000000000000000 ) ) ;
#1563 = DIRECTION ( 'NONE',  ( -2.253215950407097880E-15, 1.000000000000000000, -3.295974604355473475E-16 ) ) ;
#1564 = EDGE_CURVE ( 'NONE', #8342, #2698, #9774, .T. ) ;
#1565 = LINE ( 'NONE', #9250, #2389 ) ;
#1566 = LINE ( 'NONE', #12278, #4575 ) ;
#1567 = CARTESIAN_POINT ( 'NONE',  ( -65.90201378195156678, -8.174896124021048038, 2.300000000000018474 ) ) ;
#1568 = EDGE_CURVE ( 'NONE', #352, #11899, #7561, .T. ) ;
#1569 = DIRECTION ( 'NONE',  ( -1.000000000000000000, -1.000000000000000078E-15, -3.700000000000000011E-14 ) ) ;
#1570 = CARTESIAN_POINT ( 'NONE',  ( -66.01201378195158043, -5.807670578265018868, 2.300000000000014921 ) ) ;
#1571 = STYLED_ITEM ( 'NONE', ( #4460 ), #2830 ) ;
#1572 = SURFACE_SIDE_STYLE ('',( #11923 ) ) ;
#1573 = CYLINDRICAL_SURFACE ( 'NONE', #1485, 0.3999999999999975797 ) ;
#1574 = ORIENTED_EDGE ( 'NONE', *, *, #5816, .T. ) ;
#1575 = EDGE_LOOP ( 'NONE', ( #5671, #4707, #8575, #8891 ) ) ;
#1576 = APPLICATION_CONTEXT ( 'automotive_design' ) ;
#1577 = CARTESIAN_POINT ( 'NONE',  ( -62.95000000000114682, 1.100000000000003642, 4.050000000000127720 ) ) ;
#1578 = LINE ( 'NONE', #10068, #8895 ) ;
#1579 = PRESENTATION_LAYER_ASSIGNMENT (  '', '', ( #2780 ) ) ;
#1580 = VERTEX_POINT ( 'NONE', #8307 ) ;
#1581 = VECTOR ( 'NONE', #12340, 1000.000000000000000 ) ;
#1582 =( NAMED_UNIT ( * ) SI_UNIT ( $, .STERADIAN. ) SOLID_ANGLE_UNIT ( ) );
#1583 =( NAMED_UNIT ( * ) SI_UNIT ( $, .STERADIAN. ) SOLID_ANGLE_UNIT ( ) );
#1584 = LINE ( 'NONE', #11178, #2148 ) ;
#1585 = VECTOR ( 'NONE', #7139, 1000.000000000000000 ) ;
#1586 = CYLINDRICAL_SURFACE ( 'NONE', #1988, 0.1000000000000028644 ) ;
#1587 = EDGE_CURVE ( 'NONE', #3291, #7336, #3426, .T. ) ;
#1588 = DIRECTION ( 'NONE',  ( 3.700000000000000011E-14, -6.360191048344410484E-30, -1.000000000000000000 ) ) ;
#1589 = CARTESIAN_POINT ( 'NONE',  ( -71.39142135623731633, -10.45000000000000462, 3.574264068711742848 ) ) ;
#1590 = VERTEX_POINT ( 'NONE', #11916 ) ;
#1591 = EDGE_CURVE ( 'NONE', #4372, #957, #2552, .T. ) ;
#1592 = CARTESIAN_POINT ( 'NONE',  ( -62.56568542494919427, -10.44999999999999574, 2.300000000000142375 ) ) ;
#1593 = STYLED_ITEM ( 'NONE', ( #7310 ), #8421 ) ;
#1594 = CIRCLE ( 'NONE', #6204, 0.06499999999999561684 ) ;
#1595 = DIRECTION ( 'NONE',  ( -3.448907672462272700E-14, 2.510923275377270607E-30, 1.000000000000000000 ) ) ;
#1596 = CIRCLE ( 'NONE', #12012, 0.2000000000000005107 ) ;
#1597 = LINE ( 'NONE', #11195, #8429 ) ;
#1598 = DIRECTION ( 'NONE',  ( -1.000000000000000000, -1.000000000000000078E-15, -3.700000000000000011E-14 ) ) ;
#1599 = SURFACE_STYLE_USAGE ( .BOTH. , #8401 ) ;
#1600 =( NAMED_UNIT ( * ) SI_UNIT ( $, .STERADIAN. ) SOLID_ANGLE_UNIT ( ) );
#1601 = CARTESIAN_POINT ( 'NONE',  ( -69.61111111111110006, -10.45000000000000284, 2.999999999999881428 ) ) ;
#1602 = VECTOR ( 'NONE', #8158, 1000.000000000000000 ) ;
#1603 =( NAMED_UNIT ( * ) PLANE_ANGLE_UNIT ( ) SI_UNIT ( $, .RADIAN. ) );
#1604 = DIRECTION ( 'NONE',  ( -1.000000000000000078E-15, 1.000000000000000000, 0.000000000000000000 ) ) ;
#1605 = EDGE_CURVE ( 'NONE', #5482, #3482, #6214, .T. ) ;
#1606 = STYLED_ITEM ( 'NONE', ( #6571 ), #8840 ) ;
#1607 = MECHANICAL_DESIGN_GEOMETRIC_PRESENTATION_REPRESENTATION (  '', ( #10630 ), #183 ) ;
#1608 = ORIENTED_EDGE ( 'NONE', *, *, #8477, .T. ) ;
#1609 = PRESENTATION_LAYER_ASSIGNMENT (  '', '', ( #11823 ) ) ;
#1610 = ORIENTED_EDGE ( 'NONE', *, *, #262, .F. ) ;
#1611 = ADVANCED_FACE ( 'NONE', ( #3544 ), #4361, .T. ) ;
#1612 = DIRECTION ( 'NONE',  ( -1.000000000000000078E-15, 1.000000000000000000, 0.000000000000000000 ) ) ;
#1613 = EDGE_CURVE ( 'NONE', #3933, #506, #5296, .T. ) ;
#1614 = CARTESIAN_POINT ( 'NONE',  ( -64.39444444444558258, -0.4499999999999972911, 4.250000000000073719 ) ) ;
#1615 = CARTESIAN_POINT ( 'NONE',  ( -70.23431457505074604, 1.549999999999997602, 2.499999999999858336 ) ) ;
#1616 = SURFACE_STYLE_FILL_AREA ( #10106 ) ;
#1617 = VECTOR ( 'NONE', #4755, 1000.000000000000000 ) ;
#1618 = FILL_AREA_STYLE ('',( #3413 ) ) ;
#1619 = SURFACE_STYLE_USAGE ( .BOTH. , #9979 ) ;
#1620 = ORIENTED_EDGE ( 'NONE', *, *, #4021, .F. ) ;
#1621 =( NAMED_UNIT ( * ) PLANE_ANGLE_UNIT ( ) SI_UNIT ( $, .RADIAN. ) );
#1622 = EDGE_LOOP ( 'NONE', ( #3058, #3653, #8378, #1981 ) ) ;
#1623 = ORIENTED_EDGE ( 'NONE', *, *, #3877, .F. ) ;
#1624 = MECHANICAL_DESIGN_GEOMETRIC_PRESENTATION_REPRESENTATION (  '', ( #10842 ), #211 ) ;
#1625 =( GEOMETRIC_REPRESENTATION_CONTEXT ( 3 ) GLOBAL_UNCERTAINTY_ASSIGNED_CONTEXT ( ( #8835 ) ) GLOBAL_UNIT_ASSIGNED_CONTEXT ( ( #7552, #6671, #11372 ) ) REPRESENTATION_CONTEXT ( 'NONE', 'WORKASPACE' ) );
#1626 = CARTESIAN_POINT ( 'NONE',  ( -71.45000000000003126, -4.450000000000004619, 4.249999999999827693 ) ) ;
#1627 = PRESENTATION_LAYER_ASSIGNMENT (  '', '', ( #1822 ) ) ;
#1628 = DIRECTION ( 'NONE',  ( 1.000000000000000078E-15, -1.000000000000000000, 0.000000000000000000 ) ) ;
#1629 = UNCERTAINTY_MEASURE_WITH_UNIT (LENGTH_MEASURE( 1.000000000000000082E-05 ), #7862, 'distance_accuracy_value', 'NONE');
#1630 = DIRECTION ( 'NONE',  ( 3.700000000000000011E-14, -0.000000000000000000, -1.000000000000000000 ) ) ;
#1631 = LINE ( 'NONE', #8127, #12414 ) ;
#1632 = DIRECTION ( 'NONE',  ( -1.000000000000000078E-15, 1.000000000000000000, 0.000000000000000000 ) ) ;
#1633 = CARTESIAN_POINT ( 'NONE',  ( -69.72361111111109722, -3.950000000000002842, 2.999999999999877431 ) ) ;
#1634 = CARTESIAN_POINT ( 'NONE',  ( -68.35277777777776009, -10.45000000000000107, 2.999999999999928058 ) ) ;
#1635 = ORIENTED_EDGE ( 'NONE', *, *, #6567, .T. ) ;
#1636 = PRESENTATION_LAYER_ASSIGNMENT (  '', '', ( #8867 ) ) ;
#1637 = AXIS2_PLACEMENT_3D ( 'NONE', #7089, #3111, #1247 ) ;
#1638 = VERTEX_POINT ( 'NONE', #8498 ) ;
#1639 = ORIENTED_EDGE ( 'NONE', *, *, #9834, .T. ) ;
#1640 = DIRECTION ( 'NONE',  ( -0.7071067811865207053, -7.071067811865469417E-16, -0.7071067811865742181 ) ) ;
#1641 = ORIENTED_EDGE ( 'NONE', *, *, #11915, .F. ) ;
#1642 = DIRECTION ( 'NONE',  ( -3.700000000000000011E-14, 0.000000000000000000, 1.000000000000000000 ) ) ;
#1643 = VECTOR ( 'NONE', #6601, 1000.000000000000000 ) ;
#1644 = VECTOR ( 'NONE', #7531, 1000.000000000000000 ) ;
#1645 = FACE_OUTER_BOUND ( 'NONE', #12321, .T. ) ;
#1646 = COLOUR_RGB ( '',0.007843137254901960675, 0.007843137254901960675, 0.007843137254901960675 ) ;
#1647 = LINE ( 'NONE', #5573, #2558 ) ;
#1648 = ADVANCED_FACE ( 'NONE', ( #9374 ), #5549, .T. ) ;
#1649 = EDGE_CURVE ( 'NONE', #3920, #103, #7674, .T. ) ;
#1650 =( LENGTH_UNIT ( ) NAMED_UNIT ( * ) SI_UNIT ( .MILLI., .METRE. ) );
#1651 =( GEOMETRIC_REPRESENTATION_CONTEXT ( 3 ) GLOBAL_UNCERTAINTY_ASSIGNED_CONTEXT ( ( #6428 ) ) GLOBAL_UNIT_ASSIGNED_CONTEXT ( ( #86, #7579, #7518 ) ) REPRESENTATION_CONTEXT ( 'NONE', 'WORKASPACE' ) );
#1652 = AXIS2_PLACEMENT_3D ( 'NONE', #6643, #6778, #3960 ) ;
#1653 = VECTOR ( 'NONE', #8362, 1000.000000000000000 ) ;
#1654 =( GEOMETRIC_REPRESENTATION_CONTEXT ( 3 ) GLOBAL_UNCERTAINTY_ASSIGNED_CONTEXT ( ( #3548 ) ) GLOBAL_UNIT_ASSIGNED_CONTEXT ( ( #5027, #3957, #7008 ) ) REPRESENTATION_CONTEXT ( 'NONE', 'WORKASPACE' ) );
#1655 = VECTOR ( 'NONE', #2844, 1000.000000000000000 ) ;
#1656 =( GEOMETRIC_REPRESENTATION_CONTEXT ( 3 ) GLOBAL_UNCERTAINTY_ASSIGNED_CONTEXT ( ( #1873 ) ) GLOBAL_UNIT_ASSIGNED_CONTEXT ( ( #8339, #11078, #850 ) ) REPRESENTATION_CONTEXT ( 'NONE', 'WORKASPACE' ) );
#1657 = VERTEX_POINT ( 'NONE', #2620 ) ;
#1658 = CARTESIAN_POINT ( 'NONE',  ( -66.30390903729336571, -2.253759288013719608, 2.300000000000003375 ) ) ;
#1659 = DIRECTION ( 'NONE',  ( -1.000000000000000078E-15, 1.000000000000000000, 0.000000000000000000 ) ) ;
#1660 = UNCERTAINTY_MEASURE_WITH_UNIT (LENGTH_MEASURE( 1.000000000000000082E-05 ), #508, 'distance_accuracy_value', 'NONE');
#1661 = DIRECTION ( 'NONE',  ( -5.374070730728520780E-16, 1.000000000000000000, 1.711593829630447511E-29 ) ) ;
#1662 = LINE ( 'NONE', #4516, #1475 ) ;
#1663 = COLOUR_RGB ( '',0.9529411764705881804, 0.7960784313725489669, 0.4862745098039215619 ) ;
#1664 = DIRECTION ( 'NONE',  ( -1.000000000000000000, -1.000000000000000472E-15, -3.699999999999998749E-14 ) ) ;
#1665 = CARTESIAN_POINT ( 'NONE',  ( -66.00555555555555998, -10.44999999999999929, 3.300000000000014921 ) ) ;
#1666 = MECHANICAL_DESIGN_GEOMETRIC_PRESENTATION_REPRESENTATION (  '', ( #5657 ), #8707 ) ;
#1667 = DIRECTION ( 'NONE',  ( -3.700000000000000011E-14, 0.000000000000000000, 1.000000000000000000 ) ) ;
#1668 = EDGE_CURVE ( 'NONE', #4376, #9369, #9579, .T. ) ;
#1669 = AXIS2_PLACEMENT_3D ( 'NONE', #3570, #8331, #1717 ) ;
#1670 = VERTEX_POINT ( 'NONE', #4681 ) ;
#1671 = EDGE_LOOP ( 'NONE', ( #2549, #2931, #2766, #10706 ) ) ;
#1672 = UNCERTAINTY_MEASURE_WITH_UNIT (LENGTH_MEASURE( 1.000000000000000082E-05 ), #4442, 'distance_accuracy_value', 'NONE');
#1673 = CARTESIAN_POINT ( 'NONE',  ( -69.76111111111109153, -3.950000000000002842, 2.999999999999876099 ) ) ;
#1674 = MECHANICAL_DESIGN_GEOMETRIC_PRESENTATION_REPRESENTATION (  '', ( #9724 ), #12098 ) ;
#1675 = EDGE_CURVE ( 'NONE', #6615, #877, #1698, .T. ) ;
#1676 = SURFACE_STYLE_USAGE ( .BOTH. , #6635 ) ;
#1677 = FILL_AREA_STYLE_COLOUR ( '', #7428 ) ;
#1678 =( GEOMETRIC_REPRESENTATION_CONTEXT ( 3 ) GLOBAL_UNCERTAINTY_ASSIGNED_CONTEXT ( ( #7151 ) ) GLOBAL_UNIT_ASSIGNED_CONTEXT ( ( #8140, #9204, #1409 ) ) REPRESENTATION_CONTEXT ( 'NONE', 'WORKASPACE' ) );
#1679 =( LENGTH_UNIT ( ) NAMED_UNIT ( * ) SI_UNIT ( .MILLI., .METRE. ) );
#1680 = PLANE ( 'NONE',  #4344 ) ;
#1681 = DIRECTION ( 'NONE',  ( 0.3813383205041200874, 0.9244355495734123407, 1.577021341797110468E-14 ) ) ;
#1682 = PLANE ( 'NONE',  #11111 ) ;
#1683 = CARTESIAN_POINT ( 'NONE',  ( -66.40999999999995396, -4.874284969711169424, 2.309999999999999609 ) ) ;
#1684 = ADVANCED_FACE ( 'NONE', ( #9437 ), #3677, .T. ) ;
#1685 = DIRECTION ( 'NONE',  ( -3.700000000000000011E-14, 0.000000000000000000, 1.000000000000000000 ) ) ;
#1686 = ORIENTED_EDGE ( 'NONE', *, *, #10422, .F. ) ;
#1687 = VECTOR ( 'NONE', #3477, 1000.000000000000000 ) ;
#1688 = EDGE_CURVE ( 'NONE', #9037, #8818, #11418, .T. ) ;
#1689 = PLANE ( 'NONE',  #7551 ) ;
#1690 = VECTOR ( 'NONE', #11555, 1000.000000000000000 ) ;
#1691 = EDGE_CURVE ( 'NONE', #11832, #3887, #8180, .T. ) ;
#1692 = EDGE_LOOP ( 'NONE', ( #4691, #7338, #9489, #11218, #3796, #10452, #9591, #2142, #5351, #3292 ) ) ;
#1693 = ORIENTED_EDGE ( 'NONE', *, *, #7327, .T. ) ;
#1694 = ORIENTED_EDGE ( 'NONE', *, *, #4269, .T. ) ;
#1695 = EDGE_CURVE ( 'NONE', #1638, #11217, #10727, .T. ) ;
#1696 = LINE ( 'NONE', #10045, #9297 ) ;
#1697 = CARTESIAN_POINT ( 'NONE',  ( -66.47499999999999432, -10.44999999999999929, 3.299999999999997158 ) ) ;
#1698 = LINE ( 'NONE', #10410, #8774 ) ;
#1699 = DIRECTION ( 'NONE',  ( 0.000000000000000000, -1.000000000000000000, 0.000000000000000000 ) ) ;
#1700 = AXIS2_PLACEMENT_3D ( 'NONE', #4412, #12093, #9424 ) ;
#1701 = SURFACE_STYLE_USAGE ( .BOTH. , #7676 ) ;
#1702 = FILL_AREA_STYLE_COLOUR ( '', #10679 ) ;
#1703 = CARTESIAN_POINT ( 'NONE',  ( -63.65833333333333144, -3.949999999999997069, 3.300000000000101519 ) ) ;
#1704 = ORIENTED_EDGE ( 'NONE', *, *, #4354, .T. ) ;
#1705 =( NAMED_UNIT ( * ) PLANE_ANGLE_UNIT ( ) SI_UNIT ( $, .RADIAN. ) );
#1706 = EDGE_LOOP ( 'NONE', ( #6935, #4067, #8552, #10075 ) ) ;
#1707 = ORIENTED_EDGE ( 'NONE', *, *, #8542, .T. ) ;
#1708 =( LENGTH_UNIT ( ) NAMED_UNIT ( * ) SI_UNIT ( .MILLI., .METRE. ) );
#1709 = PLANE ( 'NONE',  #7246 ) ;
#1710 = LINE ( 'NONE', #8512, #1159 ) ;
#1711 = LINE ( 'NONE', #7497, #10900 ) ;
#1712 = LINE ( 'NONE', #11376, #3425 ) ;
#1713 = DIRECTION ( 'NONE',  ( -1.000000000000000000, -1.000000000000000078E-15, -3.700000000000000011E-14 ) ) ;
#1714 = CARTESIAN_POINT ( 'NONE',  ( -61.35000000000005116, 1.550000000000006262, 4.600000000000187050 ) ) ;
#1715 = COLOUR_RGB ( '',0.6274509803921568540, 0.6274509803921568540, 0.6274509803921568540 ) ;
#1716 = CARTESIAN_POINT ( 'NONE',  ( -70.62500000000000000, -3.950000000000003730, 3.149999999999844036 ) ) ;
#1717 = DIRECTION ( 'NONE',  ( -1.000000000000000078E-15, 1.000000000000000000, 0.000000000000000000 ) ) ;
#1718 = ORIENTED_EDGE ( 'NONE', *, *, #1884, .T. ) ;
#1719 = DIRECTION ( 'NONE',  ( -1.000000000000000000, -8.265276524023190724E-16, -3.701809683000205097E-14 ) ) ;
#1720 = SURFACE_STYLE_FILL_AREA ( #7315 ) ;
#1721 = CARTESIAN_POINT ( 'NONE',  ( -70.66249999999999432, -3.950000000000003730, 2.999999999999842348 ) ) ;
#1722 = ADVANCED_FACE ( 'NONE', ( #1075 ), #10609, .T. ) ;
#1723 = VECTOR ( 'NONE', #3417, 1000.000000000000000 ) ;
#1724 =( NAMED_UNIT ( * ) SI_UNIT ( $, .STERADIAN. ) SOLID_ANGLE_UNIT ( ) );
#1725 = FACE_OUTER_BOUND ( 'NONE', #2679, .T. ) ;
#1726 = EDGE_CURVE ( 'NONE', #5348, #9197, #7022, .T. ) ;
#1727 = CARTESIAN_POINT ( 'NONE',  ( -63.65833333333333144, -3.949999999999997069, 3.225000000000101341 ) ) ;
#1728 = DIRECTION ( 'NONE',  ( -1.000000000000000000, -1.000000000000000472E-15, -3.699999999999998749E-14 ) ) ;
#1729 = PLANE ( 'NONE',  #590 ) ;
#1730 = ORIENTED_EDGE ( 'NONE', *, *, #10745, .T. ) ;
#1731 = ORIENTED_EDGE ( 'NONE', *, *, #9117, .F. ) ;
#1732 = ORIENTED_EDGE ( 'NONE', *, *, #852, .F. ) ;
#1733 = FILL_AREA_STYLE_COLOUR ( '', #11646 ) ;
#1734 = EDGE_CURVE ( 'NONE', #3599, #9527, #6846, .T. ) ;
#1735 = SURFACE_STYLE_FILL_AREA ( #6710 ) ;
#1736 = DIRECTION ( 'NONE',  ( -1.000000000000000078E-15, 1.000000000000000000, 0.000000000000000000 ) ) ;
#1737 = CARTESIAN_POINT ( 'NONE',  ( -64.39444444444558258, -0.4499999999999972911, 4.250000000000073719 ) ) ;
#1738 = VECTOR ( 'NONE', #6962, 1000.000000000000000 ) ;
#1739 = SURFACE_SIDE_STYLE ('',( #8602 ) ) ;
#1740 = VERTEX_POINT ( 'NONE', #1986 ) ;
#1741 = AXIS2_PLACEMENT_3D ( 'NONE', #11356, #2752, #12353 ) ;
#1742 = ORIENTED_EDGE ( 'NONE', *, *, #11012, .T. ) ;
#1743 = ADVANCED_FACE ( 'NONE', ( #289 ), #11660, .T. ) ;
#1744 = ORIENTED_EDGE ( 'NONE', *, *, #72, .F. ) ;
#1745 = VERTEX_POINT ( 'NONE', #5883 ) ;
#1746 = DIRECTION ( 'NONE',  ( 0.7071067811865833219, 0.000000000000000000, -0.7071067811865117125 ) ) ;
#1747 = SURFACE_STYLE_FILL_AREA ( #5755 ) ;
#1748 = UNCERTAINTY_MEASURE_WITH_UNIT (LENGTH_MEASURE( 1.000000000000000082E-05 ), #7228, 'distance_accuracy_value', 'NONE');
#1749 = EDGE_CURVE ( 'NONE', #10808, #6412, #6344, .T. ) ;
#1750 = PRESENTATION_STYLE_ASSIGNMENT (( #6591 ) ) ;
#1751 = SURFACE_STYLE_USAGE ( .BOTH. , #1810 ) ;
#1752 = SURFACE_STYLE_USAGE ( .BOTH. , #7606 ) ;
#1753 = CARTESIAN_POINT ( 'NONE',  ( -66.28508571451726539, -6.469648114959189122, 2.300000000000004263 ) ) ;
#1754 = VERTEX_POINT ( 'NONE', #8794 ) ;
#1755 = PRESENTATION_LAYER_ASSIGNMENT (  '', '', ( #6561 ) ) ;
#1756 = EDGE_CURVE ( 'NONE', #6205, #9664, #161, .T. ) ;
#1757 = ORIENTED_EDGE ( 'NONE', *, *, #12420, .F. ) ;
#1758 = ORIENTED_EDGE ( 'NONE', *, *, #3573, .T. ) ;
#1759 = DIRECTION ( 'NONE',  ( -1.000000000000000472E-15, 1.000000000000000000, -3.709860761315264637E-29 ) ) ;
#1760 = CARTESIAN_POINT ( 'NONE',  ( -71.39142135623731633, -2.450000000000004174, 3.574264068711742848 ) ) ;
#1761 = MECHANICAL_DESIGN_GEOMETRIC_PRESENTATION_REPRESENTATION (  '', ( #3938 ), #3346 ) ;
#1762 =( GEOMETRIC_REPRESENTATION_CONTEXT ( 3 ) GLOBAL_UNCERTAINTY_ASSIGNED_CONTEXT ( ( #9565 ) ) GLOBAL_UNIT_ASSIGNED_CONTEXT ( ( #6166, #4264, #10074 ) ) REPRESENTATION_CONTEXT ( 'NONE', 'WORKASPACE' ) );
#1763 = DIRECTION ( 'NONE',  ( 3.699999999999998749E-14, -9.860761315263910926E-32, -1.000000000000000000 ) ) ;
#1764 = FILL_AREA_STYLE ('',( #11179 ) ) ;
#1765 = DIRECTION ( 'NONE',  ( 1.000000000000000078E-15, -1.000000000000000000, 0.000000000000000000 ) ) ;
#1766 = AXIS2_PLACEMENT_3D ( 'NONE', #11373, #10312, #12314 ) ;
#1767 = ADVANCED_FACE ( 'NONE', ( #8289 ), #6379, .T. ) ;
#1768 = ORIENTED_EDGE ( 'NONE', *, *, #9534, .F. ) ;
#1769 = PRESENTATION_LAYER_ASSIGNMENT (  '', '', ( #7393 ) ) ;
#1770 = ORIENTED_EDGE ( 'NONE', *, *, #12229, .T. ) ;
#1771 =( NAMED_UNIT ( * ) SI_UNIT ( $, .STERADIAN. ) SOLID_ANGLE_UNIT ( ) );
#1772 = DIRECTION ( 'NONE',  ( -1.000000000000000000, -1.000000000000000078E-15, -3.700000000000000011E-14 ) ) ;
#1773 = ORIENTED_EDGE ( 'NONE', *, *, #128, .T. ) ;
#1774 = DIRECTION ( 'NONE',  ( 1.000000000000000000, 1.000000000000000078E-15, 3.574453836231137303E-14 ) ) ;
#1775 = PRESENTATION_STYLE_ASSIGNMENT (( #10379 ) ) ;
#1776 = DIRECTION ( 'NONE',  ( -0.9999999999999950040, -9.999999999999949501E-16, 1.005828005449935025E-07 ) ) ;
#1777 =( NAMED_UNIT ( * ) PLANE_ANGLE_UNIT ( ) SI_UNIT ( $, .RADIAN. ) );
#1778 = COLOUR_RGB ( '',0.9529411764705881804, 0.7960784313725489669, 0.4862745098039215619 ) ;
#1779 = LINE ( 'NONE', #10385, #6341 ) ;
#1780 = CARTESIAN_POINT ( 'NONE',  ( -71.24999999999998579, -2.450000000000004174, 2.699999999999832756 ) ) ;
#1781 = EDGE_CURVE ( 'NONE', #3686, #7404, #8977, .T. ) ;
#1782 =( NAMED_UNIT ( * ) PLANE_ANGLE_UNIT ( ) SI_UNIT ( $, .RADIAN. ) );
#1783 = ORIENTED_EDGE ( 'NONE', *, *, #8152, .T. ) ;
#1784 = PRESENTATION_LAYER_ASSIGNMENT (  '', '', ( #9228 ) ) ;
#1785 = VERTEX_POINT ( 'NONE', #2538 ) ;
#1786 = UNCERTAINTY_MEASURE_WITH_UNIT (LENGTH_MEASURE( 1.000000000000000082E-05 ), #9517, 'distance_accuracy_value', 'NONE');
#1787 = DIRECTION ( 'NONE',  ( 1.000000000000000078E-15, -1.000000000000000000, 0.000000000000000000 ) ) ;
#1788 = AXIS2_PLACEMENT_3D ( 'NONE', #4997, #2250, #1397 ) ;
#1789 = COLOUR_RGB ( '',0.007843137254901960675, 0.007843137254901960675, 0.007843137254901960675 ) ;
#1790 = FILL_AREA_STYLE ('',( #8476 ) ) ;
#1791 = FILL_AREA_STYLE_COLOUR ( '', #12202 ) ;
#1792 = FACE_OUTER_BOUND ( 'NONE', #9053, .T. ) ;
#1793 = FILL_AREA_STYLE ('',( #8543 ) ) ;
#1794 = CARTESIAN_POINT ( 'NONE',  ( -65.92201378195157702, -8.174896124021048038, 2.310000000000017817 ) ) ;
#1795 = SURFACE_SIDE_STYLE ('',( #3665 ) ) ;
#1796 = DIRECTION ( 'NONE',  ( 1.000000000000000078E-15, -1.000000000000000000, 0.000000000000000000 ) ) ;
#1797 = SURFACE_STYLE_FILL_AREA ( #11213 ) ;
#1798 = AXIS2_PLACEMENT_3D ( 'NONE', #9525, #7367, #902 ) ;
#1799 =( LENGTH_UNIT ( ) NAMED_UNIT ( * ) SI_UNIT ( .MILLI., .METRE. ) );
#1800 = VECTOR ( 'NONE', #1380, 1000.000000000000000 ) ;
#1801 = ORIENTED_EDGE ( 'NONE', *, *, #2955, .T. ) ;
#1802 =( LENGTH_UNIT ( ) NAMED_UNIT ( * ) SI_UNIT ( .MILLI., .METRE. ) );
#1803 = EDGE_CURVE ( 'NONE', #3524, #2129, #742, .T. ) ;
#1804 = ORIENTED_EDGE ( 'NONE', *, *, #3587, .T. ) ;
#1805 = VERTEX_POINT ( 'NONE', #9040 ) ;
#1806 = EDGE_LOOP ( 'NONE', ( #10407, #11398, #1133, #1836 ) ) ;
#1807 = DIRECTION ( 'NONE',  ( 3.701809683000205097E-14, 1.809683000204900225E-32, -1.000000000000000000 ) ) ;
#1808 = FILL_AREA_STYLE ('',( #2820 ) ) ;
#1809 = COLOUR_RGB ( '',0.007843137254901960675, 0.007843137254901960675, 0.007843137254901960675 ) ;
#1810 = SURFACE_SIDE_STYLE ('',( #12359 ) ) ;
#1811 = FILL_AREA_STYLE ('',( #694 ) ) ;
#1812 = VERTEX_POINT ( 'NONE', #1614 ) ;
#1813 = AXIS2_PLACEMENT_3D ( 'NONE', #2506, #4311, #12115 ) ;
#1814 = VERTEX_POINT ( 'NONE', #541 ) ;
#1815 = EDGE_LOOP ( 'NONE', ( #8622, #12344, #3793, #4585 ) ) ;
#1816 = SURFACE_STYLE_USAGE ( .BOTH. , #12124 ) ;
#1817 = CARTESIAN_POINT ( 'NONE',  ( -62.21249999999999147, -3.949999999999995293, 3.000000000000155431 ) ) ;
#1818 = CARTESIAN_POINT ( 'NONE',  ( -64.59722222222221433, -10.44999999999999751, 3.300000000000066880 ) ) ;
#1819 = EDGE_CURVE ( 'NONE', #7535, #2237, #7209, .T. ) ;
#1820 = STYLED_ITEM ( 'NONE', ( #8075 ), #7487 ) ;
#1821 = CARTESIAN_POINT ( 'NONE',  ( -65.85555555555554008, -10.44999999999999929, 3.300000000000020250 ) ) ;
#1822 = STYLED_ITEM ( 'NONE', ( #3118 ), #4558 ) ;
#1823 = PLANE ( 'NONE',  #5020 ) ;
#1824 = MECHANICAL_DESIGN_GEOMETRIC_PRESENTATION_REPRESENTATION (  '', ( #9690 ), #8483 ) ;
#1825 = DIRECTION ( 'NONE',  ( -1.000000000000000078E-15, 1.000000000000000000, 0.000000000000000000 ) ) ;
#1826 = ADVANCED_FACE ( 'NONE', ( #3235 ), #2480, .F. ) ;
#1827 = DIRECTION ( 'NONE',  ( -0.7071067811865290320, 0.000000000000000000, -0.7071067811865660024 ) ) ;
#1828 = EDGE_CURVE ( 'NONE', #5972, #4401, #8109, .T. ) ;
#1829 = ORIENTED_EDGE ( 'NONE', *, *, #5109, .F. ) ;
#1830 = ORIENTED_EDGE ( 'NONE', *, *, #865, .F. ) ;
#1831 =( LENGTH_UNIT ( ) NAMED_UNIT ( * ) SI_UNIT ( .MILLI., .METRE. ) );
#1832 =( GEOMETRIC_REPRESENTATION_CONTEXT ( 3 ) GLOBAL_UNCERTAINTY_ASSIGNED_CONTEXT ( ( #7788 ) ) GLOBAL_UNIT_ASSIGNED_CONTEXT ( ( #4661, #4791, #7653 ) ) REPRESENTATION_CONTEXT ( 'NONE', 'WORKASPACE' ) );
#1833 = PRESENTATION_STYLE_ASSIGNMENT (( #1900 ) ) ;
#1834 = EDGE_CURVE ( 'NONE', #10069, #10466, #484, .T. ) ;
#1835 =( GEOMETRIC_REPRESENTATION_CONTEXT ( 3 ) GLOBAL_UNCERTAINTY_ASSIGNED_CONTEXT ( ( #3257 ) ) GLOBAL_UNIT_ASSIGNED_CONTEXT ( ( #8487, #6518, #3535 ) ) REPRESENTATION_CONTEXT ( 'NONE', 'WORKASPACE' ) );
#1836 = ORIENTED_EDGE ( 'NONE', *, *, #1734, .T. ) ;
#1837 = FILL_AREA_STYLE_COLOUR ( '', #3840 ) ;
#1838 = DIRECTION ( 'NONE',  ( -3.700000000000000011E-14, 0.000000000000000000, 1.000000000000000000 ) ) ;
#1839 = DIRECTION ( 'NONE',  ( -1.000000000000000000, 0.000000000000000000, -3.903127820947704260E-14 ) ) ;
#1840 = COLOUR_RGB ( '',0.9529411764705881804, 0.7960784313725489669, 0.4862745098039215619 ) ;
#1841 =( LENGTH_UNIT ( ) NAMED_UNIT ( * ) SI_UNIT ( .MILLI., .METRE. ) );
#1842 = CARTESIAN_POINT ( 'NONE',  ( -62.56944444444441444, -10.44999999999999574, 3.000000000000141664 ) ) ;
#1843 = FACE_OUTER_BOUND ( 'NONE', #1980, .T. ) ;
#1844 = DIRECTION ( 'NONE',  ( 3.699999999999998749E-14, -9.860761315263910926E-32, -1.000000000000000000 ) ) ;
#1845 = CIRCLE ( 'NONE', #7068, 3.076972644202590423 ) ;
#1846 = CARTESIAN_POINT ( 'NONE',  ( -64.91666666666665719, -10.44999999999999751, 3.000000000000055067 ) ) ;
#1847 = FACE_OUTER_BOUND ( 'NONE', #11085, .T. ) ;
#1848 = AXIS2_PLACEMENT_3D ( 'NONE', #7226, #4359, #2617 ) ;
#1849 = VECTOR ( 'NONE', #869, 1000.000000000000000 ) ;
#1850 = MECHANICAL_DESIGN_GEOMETRIC_PRESENTATION_REPRESENTATION (  '', ( #8292 ), #3637 ) ;
#1851 = MECHANICAL_DESIGN_GEOMETRIC_PRESENTATION_REPRESENTATION (  '', ( #5227 ), #8497 ) ;
#1852 = AXIS2_PLACEMENT_3D ( 'NONE', #5167, #3174, #293 ) ;
#1853 = ORIENTED_EDGE ( 'NONE', *, *, #10620, .T. ) ;
#1854 = VERTEX_POINT ( 'NONE', #10396 ) ;
#1855 = DIRECTION ( 'NONE',  ( 3.469446951953612296E-14, 0.000000000000000000, -1.000000000000000000 ) ) ;
#1856 = AXIS2_PLACEMENT_3D ( 'NONE', #8729, #2868, #10533 ) ;
#1857 = VECTOR ( 'NONE', #261, 1000.000000000000000 ) ;
#1858 = CARTESIAN_POINT ( 'NONE',  ( -62.56568542494920848, -10.44999999999999574, 2.700000000000142286 ) ) ;
#1859 = AXIS2_PLACEMENT_3D ( 'NONE', #10267, #3824, #7691 ) ;
#1860 = SURFACE_SIDE_STYLE ('',( #4074 ) ) ;
#1861 = CARTESIAN_POINT ( 'NONE',  ( -70.54999999999996874, -10.45000000000000284, 2.999999999999846345 ) ) ;
#1862 = DIRECTION ( 'NONE',  ( 3.700000000000000011E-14, -0.000000000000000000, -1.000000000000000000 ) ) ;
#1863 = DIRECTION ( 'NONE',  ( 1.000000000000000000, 0.000000000000000000, 3.903127820947704260E-14 ) ) ;
#1864 = ORIENTED_EDGE ( 'NONE', *, *, #523, .F. ) ;
#1865 = LINE ( 'NONE', #5876, #945 ) ;
#1866 = MECHANICAL_DESIGN_GEOMETRIC_PRESENTATION_REPRESENTATION (  '', ( #4246 ), #2865 ) ;
#1867 = ORIENTED_EDGE ( 'NONE', *, *, #4945, .F. ) ;
#1868 = COLOUR_RGB ( '',0.05882352941176470507, 0.3921568627450980338, 0.7019607843137254388 ) ;
#1869 = ORIENTED_EDGE ( 'NONE', *, *, #6582, .F. ) ;
#1870 = VERTEX_POINT ( 'NONE', #5741 ) ;
#1871 = SURFACE_STYLE_FILL_AREA ( #10607 ) ;
#1872 = CYLINDRICAL_SURFACE ( 'NONE', #7058, 0.4000000000000001887 ) ;
#1873 = UNCERTAINTY_MEASURE_WITH_UNIT (LENGTH_MEASURE( 1.000000000000000082E-05 ), #8339, 'distance_accuracy_value', 'NONE');
#1874 = DIRECTION ( 'NONE',  ( -1.000000000000000000, -1.000000000000000078E-15, -3.394253790593256761E-14 ) ) ;
#1875 = EDGE_CURVE ( 'NONE', #2130, #6619, #3714, .T. ) ;
#1876 = SURFACE_STYLE_FILL_AREA ( #10483 ) ;
#1877 =( NAMED_UNIT ( * ) SI_UNIT ( $, .STERADIAN. ) SOLID_ANGLE_UNIT ( ) );
#1878 = MECHANICAL_DESIGN_GEOMETRIC_PRESENTATION_REPRESENTATION (  '', ( #6487 ), #4455 ) ;
#1879 = LINE ( 'NONE', #6850, #74 ) ;
#1880 =( LENGTH_UNIT ( ) NAMED_UNIT ( * ) SI_UNIT ( .MILLI., .METRE. ) );
#1881 = COLOUR_RGB ( '',0.9529411764705881804, 0.7960784313725489669, 0.4862745098039215619 ) ;
#1882 = VERTEX_POINT ( 'NONE', #4724 ) ;
#1883 =( NAMED_UNIT ( * ) PLANE_ANGLE_UNIT ( ) SI_UNIT ( $, .RADIAN. ) );
#1884 = EDGE_CURVE ( 'NONE', #11812, #3759, #2733, .T. ) ;
#1885 = ORIENTED_EDGE ( 'NONE', *, *, #9578, .T. ) ;
#1886 = ORIENTED_EDGE ( 'NONE', *, *, #11429, .F. ) ;
#1887 = FILL_AREA_STYLE_COLOUR ( '', #443 ) ;
#1888 = LINE ( 'NONE', #3621, #7041 ) ;
#1889 = FILL_AREA_STYLE ('',( #7747 ) ) ;
#1890 = CYLINDRICAL_SURFACE ( 'NONE', #3648, 0.04000000000000437234 ) ;
#1891 =( LENGTH_UNIT ( ) NAMED_UNIT ( * ) SI_UNIT ( .MILLI., .METRE. ) );
#1892 = FACE_OUTER_BOUND ( 'NONE', #4122, .T. ) ;
#1893 =( NAMED_UNIT ( * ) SI_UNIT ( $, .STERADIAN. ) SOLID_ANGLE_UNIT ( ) );
#1894 = DIRECTION ( 'NONE',  ( 1.000000000000000000, 1.000000000000000078E-15, 3.700000000000000011E-14 ) ) ;
#1895 = PRESENTATION_LAYER_ASSIGNMENT (  '', '', ( #5271 ) ) ;
#1896 = ORIENTED_EDGE ( 'NONE', *, *, #3928, .F. ) ;
#1897 = VERTEX_POINT ( 'NONE', #795 ) ;
#1898 = ORIENTED_EDGE ( 'NONE', *, *, #1093, .T. ) ;
#1899 = FILL_AREA_STYLE ('',( #10510 ) ) ;
#1900 = SURFACE_STYLE_USAGE ( .BOTH. , #9590 ) ;
#1901 = ORIENTED_EDGE ( 'NONE', *, *, #9731, .T. ) ;
#1902 = FILL_AREA_STYLE_COLOUR ( '', #3435 ) ;
#1903 = UNCERTAINTY_MEASURE_WITH_UNIT (LENGTH_MEASURE( 1.000000000000000082E-05 ), #5703, 'distance_accuracy_value', 'NONE');
#1904 = ADVANCED_FACE ( 'NONE', ( #9612 ), #734, .F. ) ;
#1905 = PLANE ( 'NONE',  #4441 ) ;
#1906 = CARTESIAN_POINT ( 'NONE',  ( -66.38999999999995794, -2.449999999999998845, 2.310000000000000497 ) ) ;
#1907 = CARTESIAN_POINT ( 'NONE',  ( -65.83888888889002544, 3.550000074505800018, 4.050000000000020250 ) ) ;
#1908 = CARTESIAN_POINT ( 'NONE',  ( -65.06666666666666288, -3.949999999999997957, 3.225000000000049383 ) ) ;
#1909 = COLOUR_RGB ( '',0.6274509803921568540, 0.6274509803921568540, 0.6274509803921568540 ) ;
#1910 = PRESENTATION_STYLE_ASSIGNMENT (( #11326 ) ) ;
#1911 = ORIENTED_EDGE ( 'NONE', *, *, #7222, .T. ) ;
#1912 = ORIENTED_EDGE ( 'NONE', *, *, #4191, .F. ) ;
#1913 = SURFACE_STYLE_USAGE ( .BOTH. , #10523 ) ;
#1914 = PRESENTATION_STYLE_ASSIGNMENT (( #4299 ) ) ;
#1915 = DIRECTION ( 'NONE',  ( -3.700000000000000011E-14, 0.000000000000000000, 1.000000000000000000 ) ) ;
#1916 = FILL_AREA_STYLE_COLOUR ( '', #12358 ) ;
#1917 = CARTESIAN_POINT ( 'NONE',  ( -63.15000000000113545, 0.5500000000000035971, 4.050000000000120615 ) ) ;
#1918 = CARTESIAN_POINT ( 'NONE',  ( -62.71944444444442723, -10.44999999999999574, 3.000000000000136335 ) ) ;
#1919 = ORIENTED_EDGE ( 'NONE', *, *, #10325, .F. ) ;
#1920 = PRESENTATION_LAYER_ASSIGNMENT (  '', '', ( #2304 ) ) ;
#1921 = ORIENTED_EDGE ( 'NONE', *, *, #1587, .T. ) ;
#1922 = VECTOR ( 'NONE', #9060, 1000.000000000000000 ) ;
#1923 = ORIENTED_EDGE ( 'NONE', *, *, #11392, .F. ) ;
#1924 = ORIENTED_EDGE ( 'NONE', *, *, #4065, .F. ) ;
#1925 = LINE ( 'NONE', #10348, #8290 ) ;
#1926 = COLOUR_RGB ( '',0.007843137254901960675, 0.007843137254901960675, 0.007843137254901960675 ) ;
#1927 = DIRECTION ( 'NONE',  ( 0.3017120651456864366, -0.9533990925869003652, 1.145185945597396867E-14 ) ) ;
#1928 = CARTESIAN_POINT ( 'NONE',  ( -67.88333333333331154, -10.45000000000000107, 2.999999999999945377 ) ) ;
#1929 = DIRECTION ( 'NONE',  ( 1.000000000000000000, 1.000000000000000078E-15, 3.700000000000000011E-14 ) ) ;
#1930 = DIRECTION ( 'NONE',  ( 0.6623823368164681868, -0.7491659628370439528, 2.168404344970938186E-14 ) ) ;
#1931 = COLOUR_RGB ( '',0.9529411764705881804, 0.7960784313725489669, 0.4862745098039215619 ) ;
#1932 = CYLINDRICAL_SURFACE ( 'NONE', #6505, 0.06499999999999561684 ) ;
#1933 = VERTEX_POINT ( 'NONE', #2672 ) ;
#1934 = COLOUR_RGB ( '',0.007843137254901960675, 0.007843137254901960675, 0.007843137254901960675 ) ;
#1935 = ADVANCED_FACE ( 'NONE', ( #3785 ), #6711, .T. ) ;
#1936 = ORIENTED_EDGE ( 'NONE', *, *, #926, .F. ) ;
#1937 = ORIENTED_EDGE ( 'NONE', *, *, #6558, .F. ) ;
#1938 = PRESENTATION_STYLE_ASSIGNMENT (( #1816 ) ) ;
#1939 =( GEOMETRIC_REPRESENTATION_CONTEXT ( 3 ) GLOBAL_UNCERTAINTY_ASSIGNED_CONTEXT ( ( #4609 ) ) GLOBAL_UNIT_ASSIGNED_CONTEXT ( ( #1679, #3529, #6637 ) ) REPRESENTATION_CONTEXT ( 'NONE', 'WORKASPACE' ) );
#1940 =( NAMED_UNIT ( * ) SI_UNIT ( $, .STERADIAN. ) SOLID_ANGLE_UNIT ( ) );
#1941 = DIRECTION ( 'NONE',  ( -1.000000000000000000, -1.000000000000000078E-15, -3.700000000000000011E-14 ) ) ;
#1942 = SURFACE_STYLE_FILL_AREA ( #4694 ) ;
#1943 = ADVANCED_FACE ( 'NONE', ( #11209, #5533 ), #9421, .T. ) ;
#1944 = LINE ( 'NONE', #11733, #1284 ) ;
#1945 = UNCERTAINTY_MEASURE_WITH_UNIT (LENGTH_MEASURE( 1.000000000000000082E-05 ), #12374, 'distance_accuracy_value', 'NONE');
#1946 = CARTESIAN_POINT ( 'NONE',  ( -63.03888888888887720, -10.44999999999999574, 3.300000000000124611 ) ) ;
#1947 = SURFACE_STYLE_USAGE ( .BOTH. , #249 ) ;
#1948 = DIRECTION ( 'NONE',  ( 3.700000000000000011E-14, -0.000000000000000000, -1.000000000000000000 ) ) ;
#1949 = ORIENTED_EDGE ( 'NONE', *, *, #4252, .T. ) ;
#1950 = ORIENTED_EDGE ( 'NONE', *, *, #3056, .T. ) ;
#1951 = ORIENTED_EDGE ( 'NONE', *, *, #203, .T. ) ;
#1952 = SURFACE_STYLE_FILL_AREA ( #3695 ) ;
#1953 = VECTOR ( 'NONE', #2656, 1000.000000000000000 ) ;
#1954 = DIRECTION ( 'NONE',  ( 3.700000000000000011E-14, -0.000000000000000000, -1.000000000000000000 ) ) ;
#1955 = ORIENTED_EDGE ( 'NONE', *, *, #684, .F. ) ;
#1956 = SURFACE_STYLE_FILL_AREA ( #10572 ) ;
#1957 = AXIS2_PLACEMENT_3D ( 'NONE', #10367, #826, #5444 ) ;
#1958 =( GEOMETRIC_REPRESENTATION_CONTEXT ( 3 ) GLOBAL_UNCERTAINTY_ASSIGNED_CONTEXT ( ( #1945 ) ) GLOBAL_UNIT_ASSIGNED_CONTEXT ( ( #12374, #8390, #9267 ) ) REPRESENTATION_CONTEXT ( 'NONE', 'WORKASPACE' ) );
#1959 = COLOUR_RGB ( '',0.9529411764705881804, 0.7960784313725489669, 0.4862745098039215619 ) ;
#1960 = FACE_OUTER_BOUND ( 'NONE', #2425, .T. ) ;
#1961 = ADVANCED_FACE ( 'NONE', ( #776 ), #11187, .T. ) ;
#1962 = DIRECTION ( 'NONE',  ( -1.000000000000000000, -1.000000000000000078E-15, -3.700000000000000011E-14 ) ) ;
#1963 = ORIENTED_EDGE ( 'NONE', *, *, #5778, .T. ) ;
#1964 = VERTEX_POINT ( 'NONE', #3640 ) ;
#1965 = CARTESIAN_POINT ( 'NONE',  ( -70.08055555555554861, -10.45000000000000284, 3.299999999999863931 ) ) ;
#1966 = SURFACE_SIDE_STYLE ('',( #8837 ) ) ;
#1967 = LINE ( 'NONE', #2984, #757 ) ;
#1968 =( NAMED_UNIT ( * ) SI_UNIT ( $, .STERADIAN. ) SOLID_ANGLE_UNIT ( ) );
#1969 = CARTESIAN_POINT ( 'NONE',  ( -66.40000000000004832, 7.550000074505800463, 4.049999999999999822 ) ) ;
#1970 = SURFACE_SIDE_STYLE ('',( #12400 ) ) ;
#1971 = CARTESIAN_POINT ( 'NONE',  ( -69.45000000000113971, -0.4499998509884025610, 3.799999999999887024 ) ) ;
#1972 = DIRECTION ( 'NONE',  ( -3.700000000000000011E-14, 0.000000000000000000, 1.000000000000000000 ) ) ;
#1973 = ORIENTED_EDGE ( 'NONE', *, *, #5488, .F. ) ;
#1974 = DIRECTION ( 'NONE',  ( -1.000000000000000000, -1.084202172485510942E-15, -3.361026734705083940E-14 ) ) ;
#1975 = AXIS2_PLACEMENT_3D ( 'NONE', #4078, #5916, #8900 ) ;
#1976 = VECTOR ( 'NONE', #11109, 1000.000000000000000 ) ;
#1977 = EDGE_CURVE ( 'NONE', #1101, #6650, #7508, .T. ) ;
#1978 = ORIENTED_EDGE ( 'NONE', *, *, #997, .F. ) ;
#1979 =( GEOMETRIC_REPRESENTATION_CONTEXT ( 3 ) GLOBAL_UNCERTAINTY_ASSIGNED_CONTEXT ( ( #3039 ) ) GLOBAL_UNIT_ASSIGNED_CONTEXT ( ( #9611, #4327, #4141 ) ) REPRESENTATION_CONTEXT ( 'NONE', 'WORKASPACE' ) );
#1980 = EDGE_LOOP ( 'NONE', ( #4809, #1610, #6390, #1937 ) ) ;
#1981 = ORIENTED_EDGE ( 'NONE', *, *, #1218, .F. ) ;
#1982 = EDGE_CURVE ( 'NONE', #6550, #6652, #4452, .T. ) ;
#1983 = CARTESIAN_POINT ( 'NONE',  ( -68.20555555555671390, -0.4500000000000007327, 4.249999999999933387 ) ) ;
#1984 = FILL_AREA_STYLE_COLOUR ( '', #10260 ) ;
#1985 = EDGE_CURVE ( 'NONE', #3828, #12141, #11316, .T. ) ;
#1986 = CARTESIAN_POINT ( 'NONE',  ( -69.45000000000115392, 1.099999999999996758, 4.249999999999887201 ) ) ;
#1987 = FACE_OUTER_BOUND ( 'NONE', #8919, .T. ) ;
#1988 = AXIS2_PLACEMENT_3D ( 'NONE', #9020, #9088, #8266 ) ;
#1989 = STYLED_ITEM ( 'NONE', ( #2229 ), #6820 ) ;
#1990 = FACE_OUTER_BOUND ( 'NONE', #8505, .T. ) ;
#1991 = LINE ( 'NONE', #5699, #237 ) ;
#1992 = SURFACE_STYLE_FILL_AREA ( #163 ) ;
#1993 = MECHANICAL_DESIGN_GEOMETRIC_PRESENTATION_REPRESENTATION (  '', ( #11813 ), #9652 ) ;
#1994 = CARTESIAN_POINT ( 'NONE',  ( -66.03888888889002828, 1.100000000000000311, 4.250000000000013323 ) ) ;
#1995 = ORIENTED_EDGE ( 'NONE', *, *, #4507, .F. ) ;
#1996 = CARTESIAN_POINT ( 'NONE',  ( -66.50390903729339698, -2.054065133228777817, 2.499999999999996003 ) ) ;
#1997 = VECTOR ( 'NONE', #3586, 1000.000000000000000 ) ;
#1998 = ORIENTED_EDGE ( 'NONE', *, *, #2198, .F. ) ;
#1999 = ORIENTED_EDGE ( 'NONE', *, *, #9270, .F. ) ;
#2000 = CIRCLE ( 'NONE', #9662, 0.2000000000000057288 ) ;
#2001 = VECTOR ( 'NONE', #10984, 1000.000000000000000 ) ;
#2002 = CARTESIAN_POINT ( 'NONE',  ( -71.24999999999997158, -2.450000000000004174, 2.299999999999820410 ) ) ;
#2003 = UNCERTAINTY_MEASURE_WITH_UNIT (LENGTH_MEASURE( 1.000000000000000082E-05 ), #11700, 'distance_accuracy_value', 'NONE');
#2004 = DIRECTION ( 'NONE',  ( -1.000000000000000078E-15, 1.000000000000000000, 0.000000000000000000 ) ) ;
#2005 = DIRECTION ( 'NONE',  ( -3.700000000000000011E-14, 0.000000000000000000, 1.000000000000000000 ) ) ;
#2006 = VECTOR ( 'NONE', #11539, 1000.000000000000000 ) ;
#2007 = SURFACE_STYLE_USAGE ( .BOTH. , #6746 ) ;
#2008 =( NAMED_UNIT ( * ) PLANE_ANGLE_UNIT ( ) SI_UNIT ( $, .RADIAN. ) );
#2009 = VECTOR ( 'NONE', #9258, 1000.000000000000000 ) ;
#2010 = ORIENTED_EDGE ( 'NONE', *, *, #8157, .T. ) ;
#2011 = VERTEX_POINT ( 'NONE', #5661 ) ;
#2012 = ORIENTED_EDGE ( 'NONE', *, *, #7544, .T. ) ;
#2013 =( NAMED_UNIT ( * ) PLANE_ANGLE_UNIT ( ) SI_UNIT ( $, .RADIAN. ) );
#2014 = VECTOR ( 'NONE', #7137, 1000.000000000000000 ) ;
#2015 = VECTOR ( 'NONE', #4586, 1000.000000000000000 ) ;
#2016 = ORIENTED_EDGE ( 'NONE', *, *, #9146, .T. ) ;
#2017 = AXIS2_PLACEMENT_3D ( 'NONE', #6654, #10476, #11220 ) ;
#2018 = LINE ( 'NONE', #367, #6002 ) ;
#2019 = PRESENTATION_LAYER_ASSIGNMENT (  '', '', ( #831 ) ) ;
#2020 = UNCERTAINTY_MEASURE_WITH_UNIT (LENGTH_MEASURE( 1.000000000000000082E-05 ), #11341, 'distance_accuracy_value', 'NONE');
#2021 = FILL_AREA_STYLE ('',( #1043 ) ) ;
#2022 = EDGE_CURVE ( 'NONE', #2255, #2665, #53, .T. ) ;
#2023 = PRESENTATION_LAYER_ASSIGNMENT (  '', '', ( #3817 ) ) ;
#2024 = ADVANCED_FACE ( 'NONE', ( #3698 ), #6133, .F. ) ;
#2025 = DIRECTION ( 'NONE',  ( -3.700000000000000011E-14, 0.000000000000000000, 1.000000000000000000 ) ) ;
#2026 = DIRECTION ( 'NONE',  ( -3.700000000000000011E-14, 0.000000000000000000, 1.000000000000000000 ) ) ;
#2027 = VECTOR ( 'NONE', #1319, 1000.000000000000000 ) ;
#2028 = VECTOR ( 'NONE', #6653, 1000.000000000000000 ) ;
#2029 = VERTEX_POINT ( 'NONE', #3116 ) ;
#2030 = VECTOR ( 'NONE', #4999, 1000.000000000000000 ) ;
#2031 = ORIENTED_EDGE ( 'NONE', *, *, #7883, .F. ) ;
#2032 = LINE ( 'NONE', #11463, #4676 ) ;
#2033 = LINE ( 'NONE', #3041, #5322 ) ;
#2034 = DIRECTION ( 'NONE',  ( 0.3813383205040976609, 0.9244355495734216666, 1.445602896647372483E-14 ) ) ;
#2035 = MECHANICAL_DESIGN_GEOMETRIC_PRESENTATION_REPRESENTATION (  '', ( #5848 ), #7688 ) ;
#2036 = FACE_OUTER_BOUND ( 'NONE', #9314, .T. ) ;
#2037 = FACE_OUTER_BOUND ( 'NONE', #3163, .T. ) ;
#2038 = MECHANICAL_DESIGN_GEOMETRIC_PRESENTATION_REPRESENTATION (  '', ( #4223 ), #1835 ) ;
#2039 = FILL_AREA_STYLE_COLOUR ( '', #1271 ) ;
#2040 = EDGE_CURVE ( 'NONE', #8799, #271, #8796, .T. ) ;
#2041 = FILL_AREA_STYLE_COLOUR ( '', #8050 ) ;
#2042 = AXIS2_PLACEMENT_3D ( 'NONE', #2942, #10611, #8560 ) ;
#2043 = VERTEX_POINT ( 'NONE', #9856 ) ;
#2044 = FACE_OUTER_BOUND ( 'NONE', #8865, .T. ) ;
#2045 = VECTOR ( 'NONE', #12092, 1000.000000000000000 ) ;
#2046 = ADVANCED_FACE ( 'NONE', ( #1321 ), #1129, .T. ) ;
#2047 = ORIENTED_EDGE ( 'NONE', *, *, #2057, .T. ) ;
#2048 = VERTEX_POINT ( 'NONE', #8927 ) ;
#2049 = PRESENTATION_LAYER_ASSIGNMENT (  '', '', ( #11869 ) ) ;
#2050 = PRESENTATION_STYLE_ASSIGNMENT (( #6063 ) ) ;
#2051 =( GEOMETRIC_REPRESENTATION_CONTEXT ( 3 ) GLOBAL_UNCERTAINTY_ASSIGNED_CONTEXT ( ( #522 ) ) GLOBAL_UNIT_ASSIGNED_CONTEXT ( ( #7406, #9180, #4423 ) ) REPRESENTATION_CONTEXT ( 'NONE', 'WORKASPACE' ) );
#2052 = DIRECTION ( 'NONE',  ( 9.999999999999923863E-16, -1.000000000000000000, 6.360191048344121816E-30 ) ) ;
#2053 = DIRECTION ( 'NONE',  ( -0.9959769378880681812, -0.08960992799409671361, -3.688519298735998270E-14 ) ) ;
#2054 = EDGE_CURVE ( 'NONE', #8823, #11753, #2441, .T. ) ;
#2055 =( NAMED_UNIT ( * ) PLANE_ANGLE_UNIT ( ) SI_UNIT ( $, .RADIAN. ) );
#2056 = FILL_AREA_STYLE ('',( #11664 ) ) ;
#2057 = EDGE_CURVE ( 'NONE', #5945, #11245, #4436, .T. ) ;
#2058 = UNCERTAINTY_MEASURE_WITH_UNIT (LENGTH_MEASURE( 1.000000000000000082E-05 ), #10240, 'distance_accuracy_value', 'NONE');
#2059 = ORIENTED_EDGE ( 'NONE', *, *, #5891, .T. ) ;
#2060 = DIRECTION ( 'NONE',  ( -1.000000000000000000, -1.000000000000000472E-15, -3.699999999999998749E-14 ) ) ;
#2061 = CIRCLE ( 'NONE', #12294, 0.1999999999999987899 ) ;
#2062 = EDGE_CURVE ( 'NONE', #9861, #2489, #2227, .T. ) ;
#2063 = ORIENTED_EDGE ( 'NONE', *, *, #4927, .T. ) ;
#2064 = EDGE_LOOP ( 'NONE', ( #996, #1314, #3675, #11670 ) ) ;
#2065 = CARTESIAN_POINT ( 'NONE',  ( -64.12777777777776578, -10.44999999999999751, 3.300000000000084199 ) ) ;
#2066 = CARTESIAN_POINT ( 'NONE',  ( -62.71944444444442723, -10.44999999999999574, 3.000000000000136335 ) ) ;
#2067 = PRESENTATION_LAYER_ASSIGNMENT (  '', '', ( #5675 ) ) ;
#2068 =( LENGTH_UNIT ( ) NAMED_UNIT ( * ) SI_UNIT ( .MILLI., .METRE. ) );
#2069 = CARTESIAN_POINT ( 'NONE',  ( -70.89999989941718184, -10.45000000000000462, 4.299999999999833733 ) ) ;
#2070 = UNCERTAINTY_MEASURE_WITH_UNIT (LENGTH_MEASURE( 1.000000000000000082E-05 ), #12327, 'distance_accuracy_value', 'NONE');
#2071 =( LENGTH_UNIT ( ) NAMED_UNIT ( * ) SI_UNIT ( .MILLI., .METRE. ) );
#2072 = PRESENTATION_LAYER_ASSIGNMENT (  '', '', ( #8731 ) ) ;
#2073 = ORIENTED_EDGE ( 'NONE', *, *, #5433, .T. ) ;
#2074 = ORIENTED_EDGE ( 'NONE', *, *, #10555, .F. ) ;
#2075 = EDGE_LOOP ( 'NONE', ( #8134, #5073, #1801, #1103 ) ) ;
#2076 = FILL_AREA_STYLE ('',( #11742 ) ) ;
#2077 = VERTEX_POINT ( 'NONE', #9923 ) ;
#2078 = PRESENTATION_STYLE_ASSIGNMENT (( #3088 ) ) ;
#2079 = DIRECTION ( 'NONE',  ( 1.000000000000000078E-15, -1.000000000000000000, 0.000000000000000000 ) ) ;
#2080 = VECTOR ( 'NONE', #7591, 1000.000000000000000 ) ;
#2081 = SURFACE_STYLE_USAGE ( .BOTH. , #10516 ) ;
#2082 = ORIENTED_EDGE ( 'NONE', *, *, #5711, .T. ) ;
#2083 = CARTESIAN_POINT ( 'NONE',  ( -70.23055555555554008, -10.45000000000000284, 2.999999999999858780 ) ) ;
#2084 = SURFACE_STYLE_USAGE ( .BOTH. , #4958 ) ;
#2085 = ORIENTED_EDGE ( 'NONE', *, *, #2875, .F. ) ;
#2086 = ORIENTED_EDGE ( 'NONE', *, *, #5548, .T. ) ;
#2088 = EDGE_CURVE ( 'NONE', #3200, #10402, #1183, .T. ) ;
#2087 = DIRECTION ( 'NONE',  ( 1.000000000000000078E-15, -1.000000000000000000, 0.000000000000000000 ) ) ;
#2089 = DIRECTION ( 'NONE',  ( 1.000000000000000078E-15, -1.000000000000000000, 0.000000000000000000 ) ) ;
#2090 = DIRECTION ( 'NONE',  ( -3.700000000000000011E-14, 0.000000000000000000, 1.000000000000000000 ) ) ;
#2091 = EDGE_CURVE ( 'NONE', #8439, #59, #162, .T. ) ;
#2092 = CARTESIAN_POINT ( 'NONE',  ( -65.06666666666666288, -10.44999999999999751, 3.300000000000049560 ) ) ;
#2093 = SURFACE_STYLE_FILL_AREA ( #8913 ) ;
#2094 = FILL_AREA_STYLE_COLOUR ( '', #8651 ) ;
#2095 = EDGE_LOOP ( 'NONE', ( #4705, #4621, #3726, #7679 ) ) ;
#2096 = CARTESIAN_POINT ( 'NONE',  ( -70.54999999999999716, -3.950000000000003730, 3.299999999999846612 ) ) ;
#2097 = EDGE_CURVE ( 'NONE', #11494, #6615, #7790, .T. ) ;
#2098 = EDGE_LOOP ( 'NONE', ( #1281, #11779, #3168, #5192, #3020 ) ) ;
#2099 = VERTEX_POINT ( 'NONE', #3066 ) ;
#2100 = EDGE_LOOP ( 'NONE', ( #12274, #7664, #12128, #3092 ) ) ;
#2101 = LINE ( 'NONE', #4978, #1437 ) ;
#2102 = DIRECTION ( 'NONE',  ( 3.448907672462272700E-14, -2.510923275377270607E-30, -1.000000000000000000 ) ) ;
#2103 = SURFACE_STYLE_USAGE ( .BOTH. , #7911 ) ;
#2104 = UNCERTAINTY_MEASURE_WITH_UNIT (LENGTH_MEASURE( 1.000000000000000082E-05 ), #10318, 'distance_accuracy_value', 'NONE');
#2105 = DIRECTION ( 'NONE',  ( 3.644488848768742184E-14, -5.551115123125791454E-31, -1.000000000000000000 ) ) ;
#2106 = PRESENTATION_LAYER_ASSIGNMENT (  '', '', ( #3505 ) ) ;
#2107 = LINE ( 'NONE', #8683, #5463 ) ;
#2108 = FACE_OUTER_BOUND ( 'NONE', #8779, .T. ) ;
#2109 = DIRECTION ( 'NONE',  ( 8.458023576909501199E-16, -1.000000000000000000, -5.705312765434850028E-30 ) ) ;
#2110 = ORIENTED_EDGE ( 'NONE', *, *, #9307, .F. ) ;
#2111 = PLANE ( 'NONE',  #5453 ) ;
#2112 = ADVANCED_FACE ( 'NONE', ( #11775 ), #10846, .T. ) ;
#2113 = VERTEX_POINT ( 'NONE', #3475 ) ;
#2114 = ORIENTED_EDGE ( 'NONE', *, *, #9457, .F. ) ;
#2115 = LINE ( 'NONE', #6010, #451 ) ;
#2116 = COLOUR_RGB ( '',0.9529411764705881804, 0.7960784313725489669, 0.4862745098039215619 ) ;
#2117 = EDGE_CURVE ( 'NONE', #4237, #4823, #6320, .T. ) ;
#2118 = CARTESIAN_POINT ( 'NONE',  ( -68.20277777777776862, -3.950000000000001066, 3.074999999999933564 ) ) ;
#2119 = CARTESIAN_POINT ( 'NONE',  ( -62.42426406871189215, -10.44999999999999574, 2.558578643762837945 ) ) ;
#2120 = FILL_AREA_STYLE ('',( #1902 ) ) ;
#2121 = AXIS2_PLACEMENT_3D ( 'NONE', #7273, #10913, #415 ) ;
#2122 = VECTOR ( 'NONE', #12382, 1000.000000000000000 ) ;
#2123 = PRESENTATION_STYLE_ASSIGNMENT (( #3075 ) ) ;
#2124 = DIRECTION ( 'NONE',  ( -1.000000000000000078E-15, 1.000000000000000000, 0.000000000000000000 ) ) ;
#2125 = CARTESIAN_POINT ( 'NONE',  ( -69.14166666666665151, -10.45000000000000284, 2.999999999999898748 ) ) ;
#2126 = CARTESIAN_POINT ( 'NONE',  ( -61.15000000000003411, -1.449999999999994627, 4.250000000000194511 ) ) ;
#2127 = EDGE_CURVE ( 'NONE', #352, #6619, #4288, .T. ) ;
#2128 = FILL_AREA_STYLE_COLOUR ( '', #8004 ) ;
#2129 = VERTEX_POINT ( 'NONE', #7153 ) ;
#2130 = VERTEX_POINT ( 'NONE', #10283 ) ;
#2131 = ORIENTED_EDGE ( 'NONE', *, *, #7799, .T. ) ;
#2132 =( NAMED_UNIT ( * ) PLANE_ANGLE_UNIT ( ) SI_UNIT ( $, .RADIAN. ) );
#2133 = EDGE_CURVE ( 'NONE', #6506, #5126, #12149, .T. ) ;
#2134 = ORIENTED_EDGE ( 'NONE', *, *, #3430, .F. ) ;
#2135 = PRESENTATION_LAYER_ASSIGNMENT (  '', '', ( #4323 ) ) ;
#2136 = ORIENTED_EDGE ( 'NONE', *, *, #8530, .F. ) ;
#2137 = SURFACE_SIDE_STYLE ('',( #8649 ) ) ;
#2138 = SURFACE_STYLE_FILL_AREA ( #4010 ) ;
#2139 = MECHANICAL_DESIGN_GEOMETRIC_PRESENTATION_REPRESENTATION (  '', ( #5330 ), #766 ) ;
#2140 = SURFACE_STYLE_FILL_AREA ( #4079 ) ;
#2141 = ORIENTED_EDGE ( 'NONE', *, *, #2127, .T. ) ;
#2142 = ORIENTED_EDGE ( 'NONE', *, *, #5476, .T. ) ;
#2143 = UNCERTAINTY_MEASURE_WITH_UNIT (LENGTH_MEASURE( 1.000000000000000082E-05 ), #8601, 'distance_accuracy_value', 'NONE');
#2144 = PLANE ( 'NONE',  #234 ) ;
#2145 = CARTESIAN_POINT ( 'NONE',  ( -71.24999999999998579, 1.549999999999995826, 2.699999999999832756 ) ) ;
#2146 = CARTESIAN_POINT ( 'NONE',  ( -63.87222222222335688, 0.5500000000000018208, 4.050000000000093081 ) ) ;
#2147 = SURFACE_SIDE_STYLE ('',( #8841 ) ) ;
#2148 = VECTOR ( 'NONE', #7309, 1000.000000000000000 ) ;
#2149 = SURFACE_STYLE_FILL_AREA ( #11825 ) ;
#2150 = CYLINDRICAL_SURFACE ( 'NONE', #6223, 0.1000000000000028644 ) ;
#2151 = EDGE_LOOP ( 'NONE', ( #9998, #12158, #1804, #3199 ) ) ;
#2152 = SURFACE_SIDE_STYLE ('',( #10775 ) ) ;
#2153 = ORIENTED_EDGE ( 'NONE', *, *, #10191, .T. ) ;
#2154 = MECHANICAL_DESIGN_GEOMETRIC_PRESENTATION_REPRESENTATION (  '', ( #11604 ), #4764 ) ;
#2155 = VERTEX_POINT ( 'NONE', #3532 ) ;
#2156 = CARTESIAN_POINT ( 'NONE',  ( -69.13431457505072331, -9.850000000000001421, 2.299999999999899014 ) ) ;
#2157 = MECHANICAL_DESIGN_GEOMETRIC_PRESENTATION_REPRESENTATION (  '', ( #8410 ), #1187 ) ;
#2158 = SURFACE_STYLE_USAGE ( .BOTH. , #9686 ) ;
#2159 =( GEOMETRIC_REPRESENTATION_CONTEXT ( 3 ) GLOBAL_UNCERTAINTY_ASSIGNED_CONTEXT ( ( #272 ) ) GLOBAL_UNIT_ASSIGNED_CONTEXT ( ( #3156, #2983, #5868 ) ) REPRESENTATION_CONTEXT ( 'NONE', 'WORKASPACE' ) );
#2160 = DIRECTION ( 'NONE',  ( -1.000000000000000000, -9.999999999999923863E-16, -3.700000000000000011E-14 ) ) ;
#2161 =( NAMED_UNIT ( * ) PLANE_ANGLE_UNIT ( ) SI_UNIT ( $, .RADIAN. ) );
#2162 = FILL_AREA_STYLE ('',( #8860 ) ) ;
#2163 = DIRECTION ( 'NONE',  ( -3.700000000000000011E-14, 0.000000000000000000, 1.000000000000000000 ) ) ;
#2165 = EDGE_CURVE ( 'NONE', #10114, #957, #11490, .T. ) ;
#2164 = CARTESIAN_POINT ( 'NONE',  ( -64.56568542494919427, -9.249999999999998224, 2.300000000000068212 ) ) ;
#2166 = MECHANICAL_DESIGN_GEOMETRIC_PRESENTATION_REPRESENTATION (  '', ( #11959 ), #4557 ) ;
#2167 = ORIENTED_EDGE ( 'NONE', *, *, #7441, .T. ) ;
#2168 = ADVANCED_FACE ( 'NONE', ( #10217 ), #6265, .T. ) ;
#2169 = EDGE_LOOP ( 'NONE', ( #236, #6091, #8609, #4989 ) ) ;
#2170 = ORIENTED_EDGE ( 'NONE', *, *, #7799, .F. ) ;
#2171 = LINE ( 'NONE', #10923, #11267 ) ;
#2172 = SURFACE_STYLE_FILL_AREA ( #6921 ) ;
#2173 = VECTOR ( 'NONE', #9338, 1000.000000000000000 ) ;
#2174 = LINE ( 'NONE', #242, #287 ) ;
#2175 = MECHANICAL_DESIGN_GEOMETRIC_PRESENTATION_REPRESENTATION (  '', ( #4165 ), #3376 ) ;
#2176 = CARTESIAN_POINT ( 'NONE',  ( -70.23431457505073183, -2.199999617645522765, 2.499999999999858336 ) ) ;
#2177 = PRESENTATION_LAYER_ASSIGNMENT (  '', '', ( #3183 ) ) ;
#2178 = CARTESIAN_POINT ( 'NONE',  ( -71.65000000000004832, -2.450000000000004174, 4.599999999999806022 ) ) ;
#2179 = PLANE ( 'NONE',  #7718 ) ;
#2180 = UNCERTAINTY_MEASURE_WITH_UNIT (LENGTH_MEASURE( 1.000000000000000082E-05 ), #11164, 'distance_accuracy_value', 'NONE');
#2181 = CARTESIAN_POINT ( 'NONE',  ( -67.33888888888887436, -3.950000000000000178, 3.149999999999965272 ) ) ;
#2182 = FACE_BOUND ( 'NONE', #9164, .T. ) ;
#2183 =( NAMED_UNIT ( * ) SI_UNIT ( $, .STERADIAN. ) SOLID_ANGLE_UNIT ( ) );
#2184 = VECTOR ( 'NONE', #516, 1000.000000000000000 ) ;
#2185 = PRESENTATION_LAYER_ASSIGNMENT (  '', '', ( #10630 ) ) ;
#2186 = AXIS2_PLACEMENT_3D ( 'NONE', #11358, #54, #6788 ) ;
#2187 = ORIENTED_EDGE ( 'NONE', *, *, #914, .F. ) ;
#2188 = ORIENTED_EDGE ( 'NONE', *, *, #10957, .T. ) ;
#2189 = ORIENTED_EDGE ( 'NONE', *, *, #4815, .F. ) ;
#2190 = EDGE_CURVE ( 'NONE', #5276, #9315, #9171, .T. ) ;
#2191 = FILL_AREA_STYLE_COLOUR ( '', #10482 ) ;
#2192 = ORIENTED_EDGE ( 'NONE', *, *, #5147, .F. ) ;
#2193 =( NAMED_UNIT ( * ) SI_UNIT ( $, .STERADIAN. ) SOLID_ANGLE_UNIT ( ) );
#2194 =( GEOMETRIC_REPRESENTATION_CONTEXT ( 3 ) GLOBAL_UNCERTAINTY_ASSIGNED_CONTEXT ( ( #11724 ) ) GLOBAL_UNIT_ASSIGNED_CONTEXT ( ( #4969, #11708, #8971 ) ) REPRESENTATION_CONTEXT ( 'NONE', 'WORKASPACE' ) );
#2195 = CARTESIAN_POINT ( 'NONE',  ( -65.00000000000004263, -9.699999999999999289, 4.600000000000052047 ) ) ;
#2196 = PRESENTATION_LAYER_ASSIGNMENT (  '', '', ( #4185 ) ) ;
#2197 = DIRECTION ( 'NONE',  ( -1.000000000000000000, -1.000000000000000078E-15, -3.700000000000000011E-14 ) ) ;
#2198 = EDGE_CURVE ( 'NONE', #6619, #3920, #5344, .T. ) ;
#2199 = ORIENTED_EDGE ( 'NONE', *, *, #3996, .T. ) ;
#2200 = FILL_AREA_STYLE ('',( #7766 ) ) ;
#2201 = EDGE_CURVE ( 'NONE', #9033, #8565, #8294, .T. ) ;
#2202 = PLANE ( 'NONE',  #7638 ) ;
#2203 = COLOUR_RGB ( '',0.007843137254901960675, 0.007843137254901960675, 0.007843137254901960675 ) ;
#2204 = ADVANCED_FACE ( 'NONE', ( #5684 ), #9616, .F. ) ;
#2205 = ORIENTED_EDGE ( 'NONE', *, *, #7980, .T. ) ;
#2206 = COLOUR_RGB ( '',0.6274509803921568540, 0.6274509803921568540, 0.6274509803921568540 ) ;
#2207 = ORIENTED_EDGE ( 'NONE', *, *, #1605, .T. ) ;
#2208 = PRESENTATION_STYLE_ASSIGNMENT (( #3281 ) ) ;
#2209 = CARTESIAN_POINT ( 'NONE',  ( -64.59722222222222854, -3.949999999999997957, 3.300000000000066880 ) ) ;
#2210 = SURFACE_STYLE_USAGE ( .BOTH. , #12070 ) ;
#2211 = AXIS2_PLACEMENT_3D ( 'NONE', #1969, #6714, #8412 ) ;
#2212 = PRESENTATION_STYLE_ASSIGNMENT (( #9095 ) ) ;
#2213 = CARTESIAN_POINT ( 'NONE',  ( -71.53284271247461845, -2.450000000000004174, 3.432842712474428293 ) ) ;
#2214 = STYLED_ITEM ( 'NONE', ( #10046 ), #11582 ) ;
#2215 = SURFACE_SIDE_STYLE ('',( #2149 ) ) ;
#2216 = VECTOR ( 'NONE', #7024, 1000.000000000000000 ) ;
#2217 = MECHANICAL_DESIGN_GEOMETRIC_PRESENTATION_REPRESENTATION (  '', ( #9689 ), #5017 ) ;
#2218 = ORIENTED_EDGE ( 'NONE', *, *, #11787, .F. ) ;
#2219 =( GEOMETRIC_REPRESENTATION_CONTEXT ( 3 ) GLOBAL_UNCERTAINTY_ASSIGNED_CONTEXT ( ( #12196 ) ) GLOBAL_UNIT_ASSIGNED_CONTEXT ( ( #7843, #1318, #3913 ) ) REPRESENTATION_CONTEXT ( 'NONE', 'WORKASPACE' ) );
#2220 = ORIENTED_EDGE ( 'NONE', *, *, #3587, .F. ) ;
#2221 = ORIENTED_EDGE ( 'NONE', *, *, #8064, .T. ) ;
#2222 =( NAMED_UNIT ( * ) PLANE_ANGLE_UNIT ( ) SI_UNIT ( $, .RADIAN. ) );
#2223 = CARTESIAN_POINT ( 'NONE',  ( -64.91666666666665719, -10.44999999999999751, 3.000000000000055067 ) ) ;
#2224 = DIRECTION ( 'NONE',  ( -1.000000000000000000, -1.000000000000000078E-15, -3.700000000000000011E-14 ) ) ;
#2225 = COLOUR_RGB ( '',0.9529411764705881804, 0.7960784313725489669, 0.4862745098039215619 ) ;
#2226 =( NAMED_UNIT ( * ) SI_UNIT ( $, .STERADIAN. ) SOLID_ANGLE_UNIT ( ) );
#2227 = LINE ( 'NONE', #7095, #10882 ) ;
#2228 = DIRECTION ( 'NONE',  ( 2.253215950407110108E-15, -1.000000000000000000, 4.636899016506307247E-29 ) ) ;
#2229 = PRESENTATION_STYLE_ASSIGNMENT (( #8798 ) ) ;
#2230 = ORIENTED_EDGE ( 'NONE', *, *, #2591, .T. ) ;
#2231 = LINE ( 'NONE', #8932, #9366 ) ;
#2232 = COLOUR_RGB ( '',0.9529411764705881804, 0.7960784313725489669, 0.4862745098039215619 ) ;
#2233 = MECHANICAL_DESIGN_GEOMETRIC_PRESENTATION_REPRESENTATION (  '', ( #6885 ), #5436 ) ;
#2234 =( GEOMETRIC_REPRESENTATION_CONTEXT ( 3 ) GLOBAL_UNCERTAINTY_ASSIGNED_CONTEXT ( ( #4877 ) ) GLOBAL_UNIT_ASSIGNED_CONTEXT ( ( #6330, #746, #11158 ) ) REPRESENTATION_CONTEXT ( 'NONE', 'WORKASPACE' ) );
#2235 = AXIS2_PLACEMENT_3D ( 'NONE', #10201, #5209, #2523 ) ;
#2236 = VERTEX_POINT ( 'NONE', #11468 ) ;
#2237 = VERTEX_POINT ( 'NONE', #4529 ) ;
#2238 = MECHANICAL_DESIGN_GEOMETRIC_PRESENTATION_REPRESENTATION (  '', ( #10881 ), #1656 ) ;
#2239 = SURFACE_STYLE_USAGE ( .BOTH. , #3985 ) ;
#2240 =( GEOMETRIC_REPRESENTATION_CONTEXT ( 3 ) GLOBAL_UNCERTAINTY_ASSIGNED_CONTEXT ( ( #7540 ) ) GLOBAL_UNIT_ASSIGNED_CONTEXT ( ( #10034, #5475, #5414 ) ) REPRESENTATION_CONTEXT ( 'NONE', 'WORKASPACE' ) );
#2241 = LINE ( 'NONE', #2066, #11237 ) ;
#2242 =( LENGTH_UNIT ( ) NAMED_UNIT ( * ) SI_UNIT ( .MILLI., .METRE. ) );
#2243 = EDGE_CURVE ( 'NONE', #6313, #1292, #993, .T. ) ;
#2244 = CARTESIAN_POINT ( 'NONE',  ( -71.39142135623731633, -10.45000000000000462, 3.574264068711742848 ) ) ;
#2245 = UNCERTAINTY_MEASURE_WITH_UNIT (LENGTH_MEASURE( 1.000000000000000082E-05 ), #12214, 'distance_accuracy_value', 'NONE');
#2246 = FILL_AREA_STYLE_COLOUR ( '', #3627 ) ;
#2247 = COLOUR_RGB ( '',0.9529411764705881804, 0.7960784313725489669, 0.4862745098039215619 ) ;
#2248 = ADVANCED_FACE ( 'NONE', ( #8663 ), #7721, .T. ) ;
#2249 = LINE ( 'NONE', #1395, #6904 ) ;
#2250 = DIRECTION ( 'NONE',  ( -3.700000000000000011E-14, 0.000000000000000000, 1.000000000000000000 ) ) ;
#2251 = LINE ( 'NONE', #8248, #4390 ) ;
#2252 = DIRECTION ( 'NONE',  ( -3.700000000000000011E-14, 0.000000000000000000, 1.000000000000000000 ) ) ;
#2253 = FILL_AREA_STYLE_COLOUR ( '', #1384 ) ;
#2254 = EDGE_LOOP ( 'NONE', ( #5055, #9927, #2192, #4415 ) ) ;
#2255 = VERTEX_POINT ( 'NONE', #11537 ) ;
#2256 = EDGE_CURVE ( 'NONE', #3745, #6853, #9423, .T. ) ;
#2257 = ORIENTED_EDGE ( 'NONE', *, *, #6401, .T. ) ;
#2258 = AXIS2_PLACEMENT_3D ( 'NONE', #3981, #10549, #10616 ) ;
#2259 = STYLED_ITEM ( 'NONE', ( #9083 ), #9984 ) ;
#2260 = ORIENTED_EDGE ( 'NONE', *, *, #406, .T. ) ;
#2261 = SURFACE_STYLE_USAGE ( .BOTH. , #10940 ) ;
#2262 = CARTESIAN_POINT ( 'NONE',  ( -62.56568542494920848, -2.449999999999995737, 2.500000000000141664 ) ) ;
#2263 = MECHANICAL_DESIGN_GEOMETRIC_PRESENTATION_REPRESENTATION (  '', ( #7714 ), #5462 ) ;
#2264 = DIRECTION ( 'NONE',  ( -1.000000000000000000, -1.000000000000000078E-15, -3.700000000000000011E-14 ) ) ;
#2265 = EDGE_LOOP ( 'NONE', ( #6504, #9036, #2963, #2403 ) ) ;
#2266 = DIRECTION ( 'NONE',  ( 1.000000000000000000, 1.084202172485510942E-15, 3.794707603699288238E-14 ) ) ;
#2267 = SURFACE_STYLE_FILL_AREA ( #4201 ) ;
#2268 = ORIENTED_EDGE ( 'NONE', *, *, #44, .F. ) ;
#2269 = ORIENTED_EDGE ( 'NONE', *, *, #2431, .T. ) ;
#2270 = LINE ( 'NONE', #5144, #9904 ) ;
#2271 = EDGE_CURVE ( 'NONE', #1812, #9122, #9486, .T. ) ;
#2272 = FACE_OUTER_BOUND ( 'NONE', #12421, .T. ) ;
#2273 = SURFACE_STYLE_FILL_AREA ( #396 ) ;
#2274 = PRESENTATION_STYLE_ASSIGNMENT (( #1484 ) ) ;
#2275 = COLOUR_RGB ( '',0.9529411764705881804, 0.7960784313725489669, 0.4862745098039215619 ) ;
#2276 = CARTESIAN_POINT ( 'NONE',  ( -70.85000000000005116, -8.100000000000003197, 4.799999999999835509 ) ) ;
#2277 = DIRECTION ( 'NONE',  ( -3.700000000000000011E-14, 0.000000000000000000, 1.000000000000000000 ) ) ;
#2278 = DIRECTION ( 'NONE',  ( 1.000000000000000000, 0.000000000000000000, 3.469446951953515108E-14 ) ) ;
#2279 = VERTEX_POINT ( 'NONE', #930 ) ;
#2280 = CARTESIAN_POINT ( 'NONE',  ( -66.63910820442964678, -5.199123611138539047, 2.309999999999991172 ) ) ;
#2281 = CARTESIAN_POINT ( 'NONE',  ( -71.45000000000001705, -10.45000000000000462, 3.715685424949052518 ) ) ;
#2282 = EDGE_CURVE ( 'NONE', #7017, #3524, #4593, .T. ) ;
#2283 = ORIENTED_EDGE ( 'NONE', *, *, #4230, .T. ) ;
#2284 = STYLED_ITEM ( 'NONE', ( #3306 ), #1132 ) ;
#2285 = ORIENTED_EDGE ( 'NONE', *, *, #815, .F. ) ;
#2286 = DIRECTION ( 'NONE',  ( 3.701809683000205097E-14, 1.809683000204900225E-32, -1.000000000000000000 ) ) ;
#2287 = LINE ( 'NONE', #160, #12080 ) ;
#2288 = PLANE ( 'NONE',  #9021 ) ;
#2289 = CARTESIAN_POINT ( 'NONE',  ( -62.55000000000003268, -8.099999999999996092, 4.600000000000141753 ) ) ;
#2290 = SURFACE_STYLE_USAGE ( .BOTH. , #6318 ) ;
#2291 = FACE_OUTER_BOUND ( 'NONE', #9756, .T. ) ;
#2292 = UNCERTAINTY_MEASURE_WITH_UNIT (LENGTH_MEASURE( 1.000000000000000082E-05 ), #6182, 'distance_accuracy_value', 'NONE');
#2293 = CARTESIAN_POINT ( 'NONE',  ( -57.40000000000001279, -0.4499998509883904041, 3.550000000000328004 ) ) ;
#2294 = SURFACE_STYLE_USAGE ( .BOTH. , #5232 ) ;
#2295 = ORIENTED_EDGE ( 'NONE', *, *, #8605, .F. ) ;
#2296 = DIRECTION ( 'NONE',  ( -1.000000000000000078E-15, 1.000000000000000000, 0.000000000000000000 ) ) ;
#2297 = VECTOR ( 'NONE', #10568, 1000.000000000000000 ) ;
#2298 = EDGE_CURVE ( 'NONE', #11693, #8746, #7528, .T. ) ;
#2299 = VERTEX_POINT ( 'NONE', #3161 ) ;
#2300 = VERTEX_POINT ( 'NONE', #3959 ) ;
#2301 = PLANE ( 'NONE',  #1470 ) ;
#2302 = PRESENTATION_LAYER_ASSIGNMENT (  '', '', ( #6119 ) ) ;
#2303 = LINE ( 'NONE', #4058, #9177 ) ;
#2305 =( GEOMETRIC_REPRESENTATION_CONTEXT ( 3 ) GLOBAL_UNCERTAINTY_ASSIGNED_CONTEXT ( ( #10681 ) ) GLOBAL_UNIT_ASSIGNED_CONTEXT ( ( #4450, #5457, #4508 ) ) REPRESENTATION_CONTEXT ( 'NONE', 'WORKASPACE' ) );
#2304 = STYLED_ITEM ( 'NONE', ( #2992 ), #5401 ) ;
#2306 = PLANE ( 'NONE',  #3978 ) ;
#2307 =( NAMED_UNIT ( * ) PLANE_ANGLE_UNIT ( ) SI_UNIT ( $, .RADIAN. ) );
#2308 = DIRECTION ( 'NONE',  ( 3.700000000000000011E-14, -0.000000000000000000, -1.000000000000000000 ) ) ;
#2309 =( NAMED_UNIT ( * ) PLANE_ANGLE_UNIT ( ) SI_UNIT ( $, .RADIAN. ) );
#2310 = LINE ( 'NONE', #3192, #4790 ) ;
#2311 = CARTESIAN_POINT ( 'NONE',  ( -71.45000000000001705, -10.45000000000000462, 3.715685424949052518 ) ) ;
#2312 =( LENGTH_UNIT ( ) NAMED_UNIT ( * ) SI_UNIT ( .MILLI., .METRE. ) );
#2313 = EDGE_CURVE ( 'NONE', #271, #4732, #8914, .T. ) ;
#2314 = VECTOR ( 'NONE', #7325, 1000.000000000000000 ) ;
#2315 = VERTEX_POINT ( 'NONE', #4088 ) ;
#2316 = EDGE_LOOP ( 'NONE', ( #4072, #4824, #3998, #312 ) ) ;
#2317 = EDGE_CURVE ( 'NONE', #3745, #5158, #426, .T. ) ;
#2318 = LINE ( 'NONE', #448, #2850 ) ;
#2319 = SURFACE_STYLE_USAGE ( .BOTH. , #11687 ) ;
#2320 = ORIENTED_EDGE ( 'NONE', *, *, #1649, .F. ) ;
#2321 = SURFACE_SIDE_STYLE ('',( #8195 ) ) ;
#2322 = VECTOR ( 'NONE', #4151, 1000.000000000000000 ) ;
#2323 = PLANE ( 'NONE',  #8314 ) ;
#2324 = DIRECTION ( 'NONE',  ( -1.000000000000000000, -1.000000000000000078E-15, -3.700000000000000011E-14 ) ) ;
#2325 = ORIENTED_EDGE ( 'NONE', *, *, #6648, .F. ) ;
#2326 = CARTESIAN_POINT ( 'NONE',  ( -63.87222222222335688, -0.4499999999999972911, 4.050000000000093081 ) ) ;
#2327 = ADVANCED_FACE ( 'NONE', ( #7835 ), #6949, .T. ) ;
#2328 = DIRECTION ( 'NONE',  ( 1.000000000000000078E-15, -1.000000000000000000, 0.000000000000000000 ) ) ;
#2329 = STYLED_ITEM ( 'NONE', ( #3975 ), #5901 ) ;
#2330 = FACE_OUTER_BOUND ( 'NONE', #3185, .T. ) ;
#2331 = MECHANICAL_DESIGN_GEOMETRIC_PRESENTATION_REPRESENTATION (  '', ( #3527 ), #1558 ) ;
#2332 = LINE ( 'NONE', #7259, #7878 ) ;
#2333 = LINE ( 'NONE', #6179, #1189 ) ;
#2334 = FILL_AREA_STYLE_COLOUR ( '', #11273 ) ;
#2335 = DIRECTION ( 'NONE',  ( 1.000000000000000000, 1.000000000000000078E-15, 3.700000000000000011E-14 ) ) ;
#2336 = CARTESIAN_POINT ( 'NONE',  ( -66.85876734635691321, -5.820804194777469576, 2.299999999999983391 ) ) ;
#2337 = VECTOR ( 'NONE', #3904, 1000.000000000000000 ) ;
#2338 = LINE ( 'NONE', #1240, #7632 ) ;
#2339 = DIRECTION ( 'NONE',  ( 3.700000000000000011E-14, -0.000000000000000000, -1.000000000000000000 ) ) ;
#2340 = DIRECTION ( 'NONE',  ( -1.000000000000000078E-15, 1.000000000000000000, 0.000000000000000000 ) ) ;
#2341 = EDGE_CURVE ( 'NONE', #1157, #12348, #7078, .T. ) ;
#2342 = EDGE_LOOP ( 'NONE', ( #2114, #3733, #1358, #6716 ) ) ;
#2343 = ORIENTED_EDGE ( 'NONE', *, *, #7036, .F. ) ;
#2344 = PRESENTATION_STYLE_ASSIGNMENT (( #10961 ) ) ;
#2345 = SURFACE_SIDE_STYLE ('',( #9109 ) ) ;
#2346 = EDGE_CURVE ( 'NONE', #5007, #6884, #5088, .T. ) ;
#2347 = CARTESIAN_POINT ( 'NONE',  ( -63.65833333333331723, -10.44999999999999574, 3.300000000000101519 ) ) ;
#2348 = COLOUR_RGB ( '',0.007843137254901960675, 0.007843137254901960675, 0.007843137254901960675 ) ;
#2349 = AXIS2_PLACEMENT_3D ( 'NONE', #7182, #10814, #10997 ) ;
#2350 = FILL_AREA_STYLE ('',( #5409 ) ) ;
#2351 = PRESENTATION_STYLE_ASSIGNMENT (( #8166 ) ) ;
#2352 = CARTESIAN_POINT ( 'NONE',  ( -70.65000000000004832, 1.549999999999997602, 4.599999999999843325 ) ) ;
#2353 = PLANE ( 'NONE',  #417 ) ;
#2354 =( NAMED_UNIT ( * ) PLANE_ANGLE_UNIT ( ) SI_UNIT ( $, .RADIAN. ) );
#2355 = ORIENTED_EDGE ( 'NONE', *, *, #4337, .F. ) ;
#2356 = EDGE_CURVE ( 'NONE', #1342, #2784, #5985, .T. ) ;
#2357 = SURFACE_STYLE_FILL_AREA ( #4167 ) ;
#2358 = PRESENTATION_LAYER_ASSIGNMENT (  '', '', ( #4548 ) ) ;
#2359 = EDGE_CURVE ( 'NONE', #8954, #5672, #7011, .T. ) ;
#2360 =( GEOMETRIC_REPRESENTATION_CONTEXT ( 3 ) GLOBAL_UNCERTAINTY_ASSIGNED_CONTEXT ( ( #5118 ) ) GLOBAL_UNIT_ASSIGNED_CONTEXT ( ( #9206, #11240, #578 ) ) REPRESENTATION_CONTEXT ( 'NONE', 'WORKASPACE' ) );
#2361 = ORIENTED_EDGE ( 'NONE', *, *, #10852, .F. ) ;
#2362 = EDGE_LOOP ( 'NONE', ( #10508, #3582, #8563, #1768 ) ) ;
#2363 = ADVANCED_FACE ( 'NONE', ( #2037 ), #8969, .T. ) ;
#2364 = LINE ( 'NONE', #6459, #5029 ) ;
#2365 = LINE ( 'NONE', #2551, #4004 ) ;
#2366 = SURFACE_STYLE_USAGE ( .BOTH. , #7109 ) ;
#2367 = DIRECTION ( 'NONE',  ( 1.000000000000000000, 0.000000000000000000, 3.903127820947704260E-14 ) ) ;
#2368 = UNCERTAINTY_MEASURE_WITH_UNIT (LENGTH_MEASURE( 1.000000000000000082E-05 ), #3782, 'distance_accuracy_value', 'NONE');
#2369 =( NAMED_UNIT ( * ) PLANE_ANGLE_UNIT ( ) SI_UNIT ( $, .RADIAN. ) );
#2370 = VECTOR ( 'NONE', #219, 1000.000000000000000 ) ;
#2371 = COLOUR_RGB ( '',0.6274509803921568540, 0.6274509803921568540, 0.6274509803921568540 ) ;
#2372 = FILL_AREA_STYLE ('',( #4428 ) ) ;
#2373 = DIRECTION ( 'NONE',  ( -1.000000000000000078E-15, 1.000000000000000000, 0.000000000000000000 ) ) ;
#2374 = CARTESIAN_POINT ( 'NONE',  ( -64.56568542494919427, -8.049999999999998934, 2.300000000000068212 ) ) ;
#2375 = DIRECTION ( 'NONE',  ( 1.000000000000000078E-15, -1.000000000000000000, 0.000000000000000000 ) ) ;
#2376 = CARTESIAN_POINT ( 'NONE',  ( -65.85555555555554008, -10.44999999999999929, 3.300000000000020250 ) ) ;
#2377 = ORIENTED_EDGE ( 'NONE', *, *, #1675, .T. ) ;
#2378 = ORIENTED_EDGE ( 'NONE', *, *, #6554, .T. ) ;
#2379 = VECTOR ( 'NONE', #10863, 1000.000000000000000 ) ;
#2380 = PRESENTATION_LAYER_ASSIGNMENT (  '', '', ( #3773 ) ) ;
#2381 = CARTESIAN_POINT ( 'NONE',  ( -68.67222222222221717, -10.45000000000000107, 3.299999999999916334 ) ) ;
#2382 = FACE_OUTER_BOUND ( 'NONE', #1038, .T. ) ;
#2383 = DIRECTION ( 'NONE',  ( -1.000000000000000078E-15, 1.000000000000000000, 0.000000000000000000 ) ) ;
#2384 = ORIENTED_EDGE ( 'NONE', *, *, #4817, .F. ) ;
#2385 = PRESENTATION_STYLE_ASSIGNMENT (( #8949 ) ) ;
#2386 = CARTESIAN_POINT ( 'NONE',  ( -68.92777777777891401, -0.4500000000000007327, 4.249999999999906741 ) ) ;
#2387 = CARTESIAN_POINT ( 'NONE',  ( -66.50390903729338277, -2.054065133228777817, 2.299999999999996270 ) ) ;
#2388 = ORIENTED_EDGE ( 'NONE', *, *, #5249, .T. ) ;
#2389 = VECTOR ( 'NONE', #5244, 1000.000000000000000 ) ;
#2390 = CARTESIAN_POINT ( 'NONE',  ( -68.35277777777777430, -10.45000000000000107, 3.299999999999927880 ) ) ;
#2391 = VECTOR ( 'NONE', #1862, 1000.000000000000000 ) ;
#2392 =( GEOMETRIC_REPRESENTATION_CONTEXT ( 3 ) GLOBAL_UNCERTAINTY_ASSIGNED_CONTEXT ( ( #7713 ) ) GLOBAL_UNIT_ASSIGNED_CONTEXT ( ( #886, #3490, #4489 ) ) REPRESENTATION_CONTEXT ( 'NONE', 'WORKASPACE' ) );
#2393 = DIRECTION ( 'NONE',  ( 1.173472347597680984E-15, -1.000000000000000000, 6.418476861114198837E-30 ) ) ;
#2394 = DIRECTION ( 'NONE',  ( 1.000000000000000078E-15, -1.000000000000000000, 0.000000000000000000 ) ) ;
#2395 = CARTESIAN_POINT ( 'NONE',  ( -66.50390903729339698, -2.054065133228777817, 2.499999999999996003 ) ) ;
#2396 = EDGE_CURVE ( 'NONE', #12208, #11528, #4275, .T. ) ;
#2397 = UNCERTAINTY_MEASURE_WITH_UNIT (LENGTH_MEASURE( 1.000000000000000082E-05 ), #1831, 'distance_accuracy_value', 'NONE');
#2398 = EDGE_CURVE ( 'NONE', #6853, #6823, #3464, .T. ) ;
#2399 = DIRECTION ( 'NONE',  ( -1.000000000000000000, -1.000000000000000078E-15, -3.645695612925943688E-14 ) ) ;
#2400 = SURFACE_STYLE_FILL_AREA ( #1541 ) ;
#2401 = DIRECTION ( 'NONE',  ( -1.000000000000000000, -1.000000000000000078E-15, -3.700000000000000011E-14 ) ) ;
#2402 =( GEOMETRIC_REPRESENTATION_CONTEXT ( 3 ) GLOBAL_UNCERTAINTY_ASSIGNED_CONTEXT ( ( #2292 ) ) GLOBAL_UNIT_ASSIGNED_CONTEXT ( ( #6182, #9158, #529 ) ) REPRESENTATION_CONTEXT ( 'NONE', 'WORKASPACE' ) );
#2403 = ORIENTED_EDGE ( 'NONE', *, *, #5109, .T. ) ;
#2404 = CARTESIAN_POINT ( 'NONE',  ( -70.89999989941718184, -10.45000000000000462, 4.299999999999833733 ) ) ;
#2405 = CARTESIAN_POINT ( 'NONE',  ( -63.56568542494919427, -8.049999999999997158, 2.300000000000105072 ) ) ;
#2406 = MECHANICAL_DESIGN_GEOMETRIC_PRESENTATION_REPRESENTATION (  '', ( #11230 ), #11636 ) ;
#2407 = EDGE_LOOP ( 'NONE', ( #7669, #1401, #6996, #9353 ) ) ;
#2408 = ORIENTED_EDGE ( 'NONE', *, *, #6127, .T. ) ;
#2409 = PLANE ( 'NONE',  #9964 ) ;
#2410 = LINE ( 'NONE', #6259, #5011 ) ;
#2411 = SURFACE_SIDE_STYLE ('',( #1432 ) ) ;
#2412 = VECTOR ( 'NONE', #5139, 1000.000000000000000 ) ;
#2413 = CARTESIAN_POINT ( 'NONE',  ( -62.42426406871189215, -10.44999999999999574, 2.558578643762837945 ) ) ;
#2414 = AXIS2_PLACEMENT_3D ( 'NONE', #434, #12035, #11041 ) ;
#2415 = ADVANCED_FACE ( 'NONE', ( #594 ), #8338, .T. ) ;
#2416 = VECTOR ( 'NONE', #11005, 1000.000000000000000 ) ;
#2417 = STYLED_ITEM ( 'NONE', ( #2050 ), #3857 ) ;
#2418 = DIRECTION ( 'NONE',  ( -1.000000000000000000, -1.000000000000000078E-15, -3.700000000000000011E-14 ) ) ;
#2419 = CARTESIAN_POINT ( 'NONE',  ( -66.84270045686480444, -8.240424250241819237, 2.299999999999983391 ) ) ;
#2420 = DIRECTION ( 'NONE',  ( 1.000000000000000078E-15, -1.000000000000000000, 0.000000000000000000 ) ) ;
#2421 = EDGE_LOOP ( 'NONE', ( #5497, #5106, #3072, #9655 ) ) ;
#2422 = EDGE_CURVE ( 'NONE', #11624, #5972, #2465, .T. ) ;
#2423 = STYLED_ITEM ( 'NONE', ( #5967 ), #4103 ) ;
#2424 = ORIENTED_EDGE ( 'NONE', *, *, #10898, .T. ) ;
#2425 = EDGE_LOOP ( 'NONE', ( #10346, #10801, #9804, #5751 ) ) ;
#2426 = FACE_OUTER_BOUND ( 'NONE', #12377, .T. ) ;
#2427 = LINE ( 'NONE', #685, #10853 ) ;
#2428 = VECTOR ( 'NONE', #3629, 1000.000000000000000 ) ;
#2429 = EDGE_CURVE ( 'NONE', #7070, #3683, #5396, .T. ) ;
#2430 = CARTESIAN_POINT ( 'NONE',  ( -65.75833333333449104, 1.100000000000000311, 4.250000000000023981 ) ) ;
#2431 = EDGE_CURVE ( 'NONE', #10583, #12085, #5211, .T. ) ;
#2432 =( NAMED_UNIT ( * ) SI_UNIT ( $, .STERADIAN. ) SOLID_ANGLE_UNIT ( ) );
#2433 = DIRECTION ( 'NONE',  ( -1.000000000000000000, 0.000000000000000000, -3.252606517456419901E-14 ) ) ;
#2434 =( LENGTH_UNIT ( ) NAMED_UNIT ( * ) SI_UNIT ( .MILLI., .METRE. ) );
#2435 = DIRECTION ( 'NONE',  ( -0.7071067811865218156, -7.071067811865480264E-16, -0.7071067811865732189 ) ) ;
#2436 = VECTOR ( 'NONE', #8320, 1000.000000000000000 ) ;
#2437 = DIRECTION ( 'NONE',  ( 3.700000000000000011E-14, -0.000000000000000000, -1.000000000000000000 ) ) ;
#2438 =( NAMED_UNIT ( * ) SI_UNIT ( $, .STERADIAN. ) SOLID_ANGLE_UNIT ( ) );
#2439 = VECTOR ( 'NONE', #5347, 1000.000000000000000 ) ;
#2440 = CARTESIAN_POINT ( 'NONE',  ( -63.97777777777776009, -10.44999999999999751, 3.000000000000089706 ) ) ;
#2441 = CIRCLE ( 'NONE', #1852, 0.1000000000000000749 ) ;
#2442 =( GEOMETRIC_REPRESENTATION_CONTEXT ( 3 ) GLOBAL_UNCERTAINTY_ASSIGNED_CONTEXT ( ( #7928 ) ) GLOBAL_UNIT_ASSIGNED_CONTEXT ( ( #10875, #2132, #1214 ) ) REPRESENTATION_CONTEXT ( 'NONE', 'WORKASPACE' ) );
#2443 = ORIENTED_EDGE ( 'NONE', *, *, #11344, .F. ) ;
#2444 = ORIENTED_EDGE ( 'NONE', *, *, #11795, .T. ) ;
#2445 = SURFACE_STYLE_FILL_AREA ( #10000 ) ;
#2446 = CARTESIAN_POINT ( 'NONE',  ( -71.24999999999997158, 1.549999999999995826, 2.299999999999820410 ) ) ;
#2447 = VECTOR ( 'NONE', #1366, 1000.000000000000000 ) ;
#2448 = ORIENTED_EDGE ( 'NONE', *, *, #8315, .F. ) ;
#2449 = SURFACE_STYLE_USAGE ( .BOTH. , #576 ) ;
#2450 = VECTOR ( 'NONE', #6880, 1000.000000000000000 ) ;
#2451 = VECTOR ( 'NONE', #5326, 1000.000000000000000 ) ;
#2452 = CARTESIAN_POINT ( 'NONE',  ( -61.35000000000004405, -10.44999999999999396, 4.600000000000187050 ) ) ;
#2453 = CARTESIAN_POINT ( 'NONE',  ( -67.73333333333332007, -3.950000000000001066, 3.074999999999950884 ) ) ;
#2454 = FACE_BOUND ( 'NONE', #9720, .T. ) ;
#2455 =( NAMED_UNIT ( * ) PLANE_ANGLE_UNIT ( ) SI_UNIT ( $, .RADIAN. ) );
#2456 = PRESENTATION_LAYER_ASSIGNMENT (  '', '', ( #4246 ) ) ;
#2457 =( NAMED_UNIT ( * ) PLANE_ANGLE_UNIT ( ) SI_UNIT ( $, .RADIAN. ) );
#2458 = STYLED_ITEM ( 'NONE', ( #3820 ), #10101 ) ;
#2459 =( NAMED_UNIT ( * ) PLANE_ANGLE_UNIT ( ) SI_UNIT ( $, .RADIAN. ) );
#2460 = CARTESIAN_POINT ( 'NONE',  ( -62.56568542494919427, -10.44999999999999574, 2.300000000000142375 ) ) ;
#2461 = DIRECTION ( 'NONE',  ( -1.000000000000000078E-15, 1.000000000000000000, 0.000000000000000000 ) ) ;
#2462 = FILL_AREA_STYLE ('',( #470 ) ) ;
#2463 = AXIS2_PLACEMENT_3D ( 'NONE', #8614, #1184, #8862 ) ;
#2464 = CARTESIAN_POINT ( 'NONE',  ( -64.12777777777775157, -10.44999999999999751, 3.000000000000084377 ) ) ;
#2465 = LINE ( 'NONE', #10204, #11681 ) ;
#2466 = PRESENTATION_STYLE_ASSIGNMENT (( #5327 ) ) ;
#2467 = ADVANCED_BREP_SHAPE_REPRESENTATION ( 'hdmi_mini_19_stand', ( #5455, #1382, #1420, #10061 ), #9273 ) ;
#2468 = CARTESIAN_POINT ( 'NONE',  ( -61.54999999999998295, 1.550000000000006262, 2.700000000000179590 ) ) ;
#2469 = DIRECTION ( 'NONE',  ( -3.700000000000000011E-14, 0.000000000000000000, 1.000000000000000000 ) ) ;
#2470 = DIRECTION ( 'NONE',  ( 1.000000000000000000, 1.000000000000000472E-15, 3.700000000000000011E-14 ) ) ;
#2471 = FACE_OUTER_BOUND ( 'NONE', #6784, .T. ) ;
#2472 = EDGE_CURVE ( 'NONE', #631, #2727, #7379, .T. ) ;
#2473 = ORIENTED_EDGE ( 'NONE', *, *, #4191, .T. ) ;
#2474 = COLOUR_RGB ( '',0.9529411764705881804, 0.7960784313725489669, 0.4862745098039215619 ) ;
#2475 = ORIENTED_EDGE ( 'NONE', *, *, #6830, .T. ) ;
#2476 = SURFACE_STYLE_FILL_AREA ( #8343 ) ;
#2477 = LINE ( 'NONE', #1550, #217 ) ;
#2478 = EDGE_CURVE ( 'NONE', #6125, #59, #6308, .T. ) ;
#2479 =( NAMED_UNIT ( * ) SI_UNIT ( $, .STERADIAN. ) SOLID_ANGLE_UNIT ( ) );
#2480 = CYLINDRICAL_SURFACE ( 'NONE', #2121, 0.2000000000000057288 ) ;
#2481 = LINE ( 'NONE', #8293, #1547 ) ;
#2482 = CARTESIAN_POINT ( 'NONE',  ( -61.35000000000000853, -10.44999999999999396, 3.715685424949425997 ) ) ;
#2483 = SURFACE_STYLE_FILL_AREA ( #4475 ) ;
#2484 = FILL_AREA_STYLE ('',( #11097 ) ) ;
#2485 = STYLED_ITEM ( 'NONE', ( #10596 ), #10593 ) ;
#2486 = CARTESIAN_POINT ( 'NONE',  ( -64.46568542494919996, -9.849999999999997868, 2.300000000000071765 ) ) ;
#2487 = EDGE_CURVE ( 'NONE', #9442, #10507, #5275, .T. ) ;
#2488 = EDGE_LOOP ( 'NONE', ( #9433, #5562, #7711, #9071 ) ) ;
#2489 = VERTEX_POINT ( 'NONE', #11946 ) ;
#2490 = VERTEX_POINT ( 'NONE', #659 ) ;
#2491 = ORIENTED_EDGE ( 'NONE', *, *, #12386, .F. ) ;
#2492 = LINE ( 'NONE', #1508, #4038 ) ;
#2493 = DIRECTION ( 'NONE',  ( -1.000000000000000078E-15, 1.000000000000000000, 0.000000000000000000 ) ) ;
#2494 = CYLINDRICAL_SURFACE ( 'NONE', #10576, 3.076972644202590423 ) ;
#2495 = DIRECTION ( 'NONE',  ( -3.448907672462272700E-14, 2.510923275377270607E-30, 1.000000000000000000 ) ) ;
#2496 = UNCERTAINTY_MEASURE_WITH_UNIT (LENGTH_MEASURE( 1.000000000000000082E-05 ), #4326, 'distance_accuracy_value', 'NONE');
#2497 = LINE ( 'NONE', #6336, #8437 ) ;
#2498 = SURFACE_SIDE_STYLE ('',( #12041 ) ) ;
#2499 = ADVANCED_FACE ( 'NONE', ( #3285 ), #6113, .F. ) ;
#2500 = FACE_OUTER_BOUND ( 'NONE', #4894, .T. ) ;
#2501 = DIRECTION ( 'NONE',  ( -3.700000000000000011E-14, 0.000000000000000000, 1.000000000000000000 ) ) ;
#2502 = EDGE_CURVE ( 'NONE', #10098, #10663, #1662, .T. ) ;
#2503 = EDGE_LOOP ( 'NONE', ( #7885, #10703, #12240, #904 ) ) ;
#2504 = ORIENTED_EDGE ( 'NONE', *, *, #12079, .F. ) ;
#2505 = SURFACE_STYLE_FILL_AREA ( #5310 ) ;
#2506 = CARTESIAN_POINT ( 'NONE',  ( -61.55000000000000426, -10.44999999999999396, 3.715685424949415783 ) ) ;
#2507 = ORIENTED_EDGE ( 'NONE', *, *, #2282, .F. ) ;
#2508 = DIRECTION ( 'NONE',  ( -1.000000000000000078E-15, 1.000000000000000000, 0.000000000000000000 ) ) ;
#2509 = LINE ( 'NONE', #6164, #7708 ) ;
#2510 = PRODUCT_DEFINITION ( 'æœ', '', #7059, #6704 ) ;
#2511 = CARTESIAN_POINT ( 'NONE',  ( -68.72777777777891117, -0.4499998509884007847, 3.799999999999914113 ) ) ;
#2512 = CYLINDRICAL_SURFACE ( 'NONE', #9631, 0.1000000000000022399 ) ;
#2513 = VECTOR ( 'NONE', #6138, 1000.000000000000000 ) ;
#2514 = DIRECTION ( 'NONE',  ( -3.700000000000000011E-14, 0.000000000000000000, 1.000000000000000000 ) ) ;
#2515 = DIRECTION ( 'NONE',  ( -1.000000000000000078E-15, 1.000000000000000000, 0.000000000000000000 ) ) ;
#2516 = STYLED_ITEM ( 'NONE', ( #8678 ), #1648 ) ;
#2517 = EDGE_CURVE ( 'NONE', #11313, #11610, #12201, .T. ) ;
#2518 =( LENGTH_UNIT ( ) NAMED_UNIT ( * ) SI_UNIT ( .MILLI., .METRE. ) );
#2519 = FACE_OUTER_BOUND ( 'NONE', #3420, .T. ) ;
#2520 =( GEOMETRIC_REPRESENTATION_CONTEXT ( 3 ) GLOBAL_UNCERTAINTY_ASSIGNED_CONTEXT ( ( #3919 ) ) GLOBAL_UNIT_ASSIGNED_CONTEXT ( ( #3518, #10270, #7265 ) ) REPRESENTATION_CONTEXT ( 'NONE', 'WORKASPACE' ) );
#2521 = ORIENTED_EDGE ( 'NONE', *, *, #9457, .T. ) ;
#2522 = PRESENTATION_LAYER_ASSIGNMENT (  '', '', ( #3326 ) ) ;
#2523 = DIRECTION ( 'NONE',  ( 1.000000000000000000, 0.000000000000000000, 3.903127820947704260E-14 ) ) ;
#2524 =( NAMED_UNIT ( * ) PLANE_ANGLE_UNIT ( ) SI_UNIT ( $, .RADIAN. ) );
#2525 = FILL_AREA_STYLE_COLOUR ( '', #11176 ) ;
#2526 = PRESENTATION_STYLE_ASSIGNMENT (( #8516 ) ) ;
#2527 = LINE ( 'NONE', #11136, #8258 ) ;
#2528 = DIRECTION ( 'NONE',  ( 5.374070730728520780E-16, -1.000000000000000000, -1.709686968299370976E-29 ) ) ;
#2529 = VECTOR ( 'NONE', #486, 1000.000000000000000 ) ;
#2530 =( NAMED_UNIT ( * ) PLANE_ANGLE_UNIT ( ) SI_UNIT ( $, .RADIAN. ) );
#2531 = VECTOR ( 'NONE', #11384, 1000.000000000000000 ) ;
#2532 = ORIENTED_EDGE ( 'NONE', *, *, #3882, .T. ) ;
#2533 = ORIENTED_EDGE ( 'NONE', *, *, #9397, .F. ) ;
#2534 = DIRECTION ( 'NONE',  ( -1.000000000000000000, -1.000000000000000078E-15, -3.700000000000000011E-14 ) ) ;
#2535 = CARTESIAN_POINT ( 'NONE',  ( -64.39444444444556837, -0.4499999999999972911, 4.050000000000074429 ) ) ;
#2536 = LINE ( 'NONE', #539, #5161 ) ;
#2537 = FILL_AREA_STYLE_COLOUR ( '', #1809 ) ;
#2538 = CARTESIAN_POINT ( 'NONE',  ( -68.20277777777776862, -3.950000000000001066, 2.999999999999933387 ) ) ;
#2539 = DIRECTION ( 'NONE',  ( -1.000000000000000078E-15, 1.000000000000000000, 0.000000000000000000 ) ) ;
#2540 =( GEOMETRIC_REPRESENTATION_CONTEXT ( 3 ) GLOBAL_UNCERTAINTY_ASSIGNED_CONTEXT ( ( #11615 ) ) GLOBAL_UNIT_ASSIGNED_CONTEXT ( ( #3331, #3394, #5146 ) ) REPRESENTATION_CONTEXT ( 'NONE', 'WORKASPACE' ) );
#2541 =( LENGTH_UNIT ( ) NAMED_UNIT ( * ) SI_UNIT ( .MILLI., .METRE. ) );
#2542 = CARTESIAN_POINT ( 'NONE',  ( -68.20555555555671390, 1.099999999999998535, 4.249999999999933387 ) ) ;
#2543 = DIRECTION ( 'NONE',  ( -3.700000000000000011E-14, 0.000000000000000000, 1.000000000000000000 ) ) ;
#2544 =( NAMED_UNIT ( * ) SI_UNIT ( $, .STERADIAN. ) SOLID_ANGLE_UNIT ( ) );
#2545 = VERTEX_POINT ( 'NONE', #1028 ) ;
#2546 =( NAMED_UNIT ( * ) PLANE_ANGLE_UNIT ( ) SI_UNIT ( $, .RADIAN. ) );
#2547 = PRESENTATION_LAYER_ASSIGNMENT (  '', '', ( #3938 ) ) ;
#2548 = ORIENTED_EDGE ( 'NONE', *, *, #523, .T. ) ;
#2549 = ORIENTED_EDGE ( 'NONE', *, *, #11867, .T. ) ;
#2550 = LINE ( 'NONE', #10168, #3433 ) ;
#2551 = CARTESIAN_POINT ( 'NONE',  ( -65.31666666666781396, 0.5500000000000018208, 4.250000000000039968 ) ) ;
#2552 = LINE ( 'NONE', #6394, #11362 ) ;
#2553 = EDGE_CURVE ( 'NONE', #9753, #8138, #11252, .T. ) ;
#2554 = DIRECTION ( 'NONE',  ( -1.000000000000000078E-15, 1.000000000000000000, 0.000000000000000000 ) ) ;
#2555 = EDGE_CURVE ( 'NONE', #4554, #10583, #3579, .T. ) ;
#2556 = CARTESIAN_POINT ( 'NONE',  ( -61.85784271247462840, 1.550000000000006262, 3.550000000000169020 ) ) ;
#2557 = AXIS2_PLACEMENT_3D ( 'NONE', #5712, #5772, #962 ) ;
#2558 = VECTOR ( 'NONE', #3632, 1000.000000000000000 ) ;
#2559 = STYLED_ITEM ( 'NONE', ( #3630 ), #3064 ) ;
#2560 = SURFACE_SIDE_STYLE ('',( #3612 ) ) ;
#2561 = PRESENTATION_STYLE_ASSIGNMENT (( #9570 ) ) ;
#2562 = VERTEX_POINT ( 'NONE', #6498 ) ;
#2563 = ORIENTED_EDGE ( 'NONE', *, *, #3388, .F. ) ;
#2564 = SURFACE_STYLE_FILL_AREA ( #2637 ) ;
#2565 = AXIS2_PLACEMENT_3D ( 'NONE', #4915, #4152, #1173 ) ;
#2566 = ORIENTED_EDGE ( 'NONE', *, *, #4857, .F. ) ;
#2567 = PRESENTATION_LAYER_ASSIGNMENT (  '', '', ( #3369 ) ) ;
#2568 = LINE ( 'NONE', #10252, #6989 ) ;
#2569 =( NAMED_UNIT ( * ) SI_UNIT ( $, .STERADIAN. ) SOLID_ANGLE_UNIT ( ) );
#2570 = EDGE_CURVE ( 'NONE', #615, #2315, #2895, .T. ) ;
#2571 = CARTESIAN_POINT ( 'NONE',  ( -70.23055555555554008, -10.45000000000000284, 2.999999999999858780 ) ) ;
#2572 = CARTESIAN_POINT ( 'NONE',  ( -70.23431457505071762, -2.199999617645522765, 2.299999999999858602 ) ) ;
#2573 = DIRECTION ( 'NONE',  ( -3.700000000000000011E-14, 0.000000000000000000, 1.000000000000000000 ) ) ;
#2574 = VECTOR ( 'NONE', #10519, 1000.000000000000000 ) ;
#2575 =( GEOMETRIC_REPRESENTATION_CONTEXT ( 3 ) GLOBAL_UNCERTAINTY_ASSIGNED_CONTEXT ( ( #8615 ) ) GLOBAL_UNIT_ASSIGNED_CONTEXT ( ( #1060, #8727, #6896 ) ) REPRESENTATION_CONTEXT ( 'NONE', 'WORKASPACE' ) );
#2576 = EDGE_CURVE ( 'NONE', #5019, #3759, #4759, .T. ) ;
#2577 = FACE_OUTER_BOUND ( 'NONE', #6810, .T. ) ;
#2578 = STYLED_ITEM ( 'NONE', ( #2655 ), #12139 ) ;
#2579 = DIRECTION ( 'NONE',  ( 1.000000000000000000, 9.999999999999923863E-16, 3.700000000000010109E-14 ) ) ;
#2580 = CARTESIAN_POINT ( 'NONE',  ( -63.50833333333331865, -10.44999999999999574, 3.300000000000107292 ) ) ;
#2581 = SURFACE_SIDE_STYLE ('',( #9400 ) ) ;
#2582 = ORIENTED_EDGE ( 'NONE', *, *, #6121, .T. ) ;
#2583 = DIRECTION ( 'NONE',  ( -3.422444243843710876E-14, 2.775557561562890384E-30, 1.000000000000000000 ) ) ;
#2584 = SURFACE_SIDE_STYLE ('',( #10323 ) ) ;
#2585 = COLOUR_RGB ( '',0.05882352941176470507, 0.3921568627450980338, 0.7019607843137254388 ) ;
#2586 = EDGE_CURVE ( 'NONE', #5950, #1279, #10559, .T. ) ;
#2587 =( GEOMETRIC_REPRESENTATION_CONTEXT ( 3 ) GLOBAL_UNCERTAINTY_ASSIGNED_CONTEXT ( ( #11493 ) ) GLOBAL_UNIT_ASSIGNED_CONTEXT ( ( #11858, #4062, #5064 ) ) REPRESENTATION_CONTEXT ( 'NONE', 'WORKASPACE' ) );
#2588 = EDGE_CURVE ( 'NONE', #2545, #8341, #560, .T. ) ;
#2589 = FACE_OUTER_BOUND ( 'NONE', #5752, .T. ) ;
#2590 = MECHANICAL_DESIGN_GEOMETRIC_PRESENTATION_REPRESENTATION (  '', ( #3795 ), #10027 ) ;
#2591 = EDGE_CURVE ( 'NONE', #221, #2299, #4545, .T. ) ;
#2592 =( NAMED_UNIT ( * ) PLANE_ANGLE_UNIT ( ) SI_UNIT ( $, .RADIAN. ) );
#2593 = DIRECTION ( 'NONE',  ( -3.700000000000000011E-14, 0.000000000000000000, 1.000000000000000000 ) ) ;
#2594 = LINE ( 'NONE', #5465, #11635 ) ;
#2595 = DIRECTION ( 'NONE',  ( 1.000000000000000000, 1.173472347597680984E-15, 3.700000000000000011E-14 ) ) ;
#2596 =( GEOMETRIC_REPRESENTATION_CONTEXT ( 3 ) GLOBAL_UNCERTAINTY_ASSIGNED_CONTEXT ( ( #9874 ) ) GLOBAL_UNIT_ASSIGNED_CONTEXT ( ( #2805, #925, #6444 ) ) REPRESENTATION_CONTEXT ( 'NONE', 'WORKASPACE' ) );
#2597 = STYLED_ITEM ( 'NONE', ( #3808 ), #6785 ) ;
#2598 = VERTEX_POINT ( 'NONE', #1567 ) ;
#2599 = VECTOR ( 'NONE', #6153, 1000.000000000000000 ) ;
#2600 = ORIENTED_EDGE ( 'NONE', *, *, #2588, .T. ) ;
#2601 = DIRECTION ( 'NONE',  ( -3.700000000000000011E-14, 0.000000000000000000, 1.000000000000000000 ) ) ;
#2602 = SURFACE_SIDE_STYLE ('',( #6570 ) ) ;
#2603 = FILL_AREA_STYLE ('',( #3662 ) ) ;
#2604 = CARTESIAN_POINT ( 'NONE',  ( -68.33431457505072615, -7.950000000000000178, 2.299999999999928768 ) ) ;
#2605 = MECHANICAL_DESIGN_GEOMETRIC_PRESENTATION_REPRESENTATION (  '', ( #7646 ), #2194 ) ;
#2606 = FILL_AREA_STYLE ('',( #8413 ) ) ;
#2607 = MECHANICAL_DESIGN_GEOMETRIC_PRESENTATION_REPRESENTATION (  '', ( #6019 ), #618 ) ;
#2608 =( LENGTH_UNIT ( ) NAMED_UNIT ( * ) SI_UNIT ( .MILLI., .METRE. ) );
#2609 = DIRECTION ( 'NONE',  ( 3.700000000000000011E-14, -0.000000000000000000, -1.000000000000000000 ) ) ;
#2610 = ORIENTED_EDGE ( 'NONE', *, *, #10635, .F. ) ;
#2611 =( NAMED_UNIT ( * ) PLANE_ANGLE_UNIT ( ) SI_UNIT ( $, .RADIAN. ) );
#2612 = ORIENTED_EDGE ( 'NONE', *, *, #10642, .F. ) ;
#2613 = ORIENTED_EDGE ( 'NONE', *, *, #11844, .F. ) ;
#2614 = ORIENTED_EDGE ( 'NONE', *, *, #10096, .T. ) ;
#2615 = COLOUR_RGB ( '',0.9529411764705881804, 0.7960784313725489669, 0.4862745098039215619 ) ;
#2616 = AXIS2_PLACEMENT_3D ( 'NONE', #11260, #11203, #6507 ) ;
#2617 = DIRECTION ( 'NONE',  ( -1.000000000000000000, -1.000000000000000078E-15, -3.700000000000000011E-14 ) ) ;
#2618 = MECHANICAL_DESIGN_GEOMETRIC_PRESENTATION_REPRESENTATION (  '', ( #2214 ), #11052 ) ;
#2619 =( GEOMETRIC_REPRESENTATION_CONTEXT ( 3 ) GLOBAL_UNCERTAINTY_ASSIGNED_CONTEXT ( ( #11549 ) ) GLOBAL_UNIT_ASSIGNED_CONTEXT ( ( #8929, #4105, #9115 ) ) REPRESENTATION_CONTEXT ( 'NONE', 'WORKASPACE' ) );
#2620 = CARTESIAN_POINT ( 'NONE',  ( -62.42426406871189215, -10.44999999999999574, 2.558578643762837945 ) ) ;
#2621 = UNCERTAINTY_MEASURE_WITH_UNIT (LENGTH_MEASURE( 1.000000000000000082E-05 ), #4056, 'distance_accuracy_value', 'NONE');
#2622 = PRESENTATION_STYLE_ASSIGNMENT (( #10236 ) ) ;
#2623 = EDGE_CURVE ( 'NONE', #8235, #6563, #10979, .T. ) ;
#2624 = LINE ( 'NONE', #12416, #519 ) ;
#2625 = SURFACE_STYLE_USAGE ( .BOTH. , #11226 ) ;
#2626 = CARTESIAN_POINT ( 'NONE',  ( -63.67222222222336825, 3.550000074505803571, 4.050000000000101075 ) ) ;
#2627 = DIRECTION ( 'NONE',  ( 1.000000000000000000, 8.346526565410730873E-16, 3.700000000000000011E-14 ) ) ;
#2628 = ORIENTED_EDGE ( 'NONE', *, *, #11309, .T. ) ;
#2629 = DIRECTION ( 'NONE',  ( -3.448907672462272700E-14, 2.510923275377270607E-30, 1.000000000000000000 ) ) ;
#2630 = STYLED_ITEM ( 'NONE', ( #839 ), #4031 ) ;
#2631 = STYLED_ITEM ( 'NONE', ( #5281 ), #3881 ) ;
#2632 = PRESENTATION_LAYER_ASSIGNMENT (  '', '', ( #3238 ) ) ;
#2633 = EDGE_CURVE ( 'NONE', #11313, #8142, #5034, .T. ) ;
#2634 = ORIENTED_EDGE ( 'NONE', *, *, #9700, .T. ) ;
#2635 = ORIENTED_EDGE ( 'NONE', *, *, #8261, .F. ) ;
#2636 = CYLINDRICAL_SURFACE ( 'NONE', #5641, 0.2000000000000057288 ) ;
#2637 = FILL_AREA_STYLE ('',( #3441 ) ) ;
#2638 = CARTESIAN_POINT ( 'NONE',  ( -65.85555555555554008, -10.44999999999999929, 3.000000000000020428 ) ) ;
#2639 = EDGE_CURVE ( 'NONE', #2781, #8490, #7412, .T. ) ;
#2640 =( NAMED_UNIT ( * ) PLANE_ANGLE_UNIT ( ) SI_UNIT ( $, .RADIAN. ) );
#2641 = VECTOR ( 'NONE', #3556, 1000.000000000000000 ) ;
#2642 = CIRCLE ( 'NONE', #5226, 0.2000000000000005107 ) ;
#2643 = STYLED_ITEM ( 'NONE', ( #2466 ), #2759 ) ;
#2644 = CARTESIAN_POINT ( 'NONE',  ( -66.94444444444442865, -10.44999999999999929, 2.999999999999980016 ) ) ;
#2645 = VECTOR ( 'NONE', #5228, 1000.000000000000000 ) ;
#2646 = ADVANCED_FACE ( 'NONE', ( #623 ), #8369, .T. ) ;
#2647 =( NAMED_UNIT ( * ) PLANE_ANGLE_UNIT ( ) SI_UNIT ( $, .RADIAN. ) );
#2648 = VECTOR ( 'NONE', #10857, 1000.000000000000000 ) ;
#2649 = LINE ( 'NONE', #2580, #4203 ) ;
#2650 = AXIS2_PLACEMENT_3D ( 'NONE', #9405, #8460, #12263 ) ;
#2652 = SURFACE_STYLE_USAGE ( .BOTH. , #2581 ) ;
#2651 = COLOUR_RGB ( '',0.9529411764705881804, 0.7960784313725489669, 0.4862745098039215619 ) ;
#2653 = MECHANICAL_DESIGN_GEOMETRIC_PRESENTATION_REPRESENTATION (  '', ( #7486 ), #6888 ) ;
#2654 = ORIENTED_EDGE ( 'NONE', *, *, #5784, .T. ) ;
#2655 = PRESENTATION_STYLE_ASSIGNMENT (( #12326 ) ) ;
#2656 = DIRECTION ( 'NONE',  ( -1.000000000000000000, -1.000000000000000078E-15, -3.700000000000000011E-14 ) ) ;
#2657 =( NAMED_UNIT ( * ) PLANE_ANGLE_UNIT ( ) SI_UNIT ( $, .RADIAN. ) );
#2658 = CARTESIAN_POINT ( 'NONE',  ( -65.98701378195157474, -8.174896124021048038, 2.310000000000015152 ) ) ;
#2659 = DIRECTION ( 'NONE',  ( 3.700000000000000011E-14, -0.000000000000000000, -1.000000000000000000 ) ) ;
#2660 =( NAMED_UNIT ( * ) SI_UNIT ( $, .STERADIAN. ) SOLID_ANGLE_UNIT ( ) );
#2661 = CARTESIAN_POINT ( 'NONE',  ( -71.65000000000001990, -2.450000000000004174, 3.715685424949044968 ) ) ;
#2662 = CARTESIAN_POINT ( 'NONE',  ( -68.20277777777776862, -10.45000000000000107, 3.299999999999933653 ) ) ;
#2663 = CARTESIAN_POINT ( 'NONE',  ( -70.54999999999998295, -10.45000000000000284, 3.299999999999846612 ) ) ;
#2664 = ORIENTED_EDGE ( 'NONE', *, *, #8448, .T. ) ;
#2665 = VERTEX_POINT ( 'NONE', #9189 ) ;
#2666 = UNCERTAINTY_MEASURE_WITH_UNIT (LENGTH_MEASURE( 1.000000000000000082E-05 ), #6266, 'distance_accuracy_value', 'NONE');
#2667 = CYLINDRICAL_SURFACE ( 'NONE', #2616, 0.2000000000000005107 ) ;
#2668 = SURFACE_SIDE_STYLE ('',( #729 ) ) ;
#2669 = CARTESIAN_POINT ( 'NONE',  ( -69.29166666666665719, -10.45000000000000284, 2.999999999999893419 ) ) ;
#2670 = CARTESIAN_POINT ( 'NONE',  ( -66.45508560325724545, -9.211424702849289048, 2.299999999999998046 ) ) ;
#2671 = VECTOR ( 'NONE', #6097, 1000.000000000000000 ) ;
#2672 = CARTESIAN_POINT ( 'NONE',  ( -62.71944444444444144, -3.949999999999996181, 3.300000000000136158 ) ) ;
#2673 = DIRECTION ( 'NONE',  ( -1.000000000000000078E-15, 1.000000000000000000, 0.000000000000000000 ) ) ;
#2674 = CARTESIAN_POINT ( 'NONE',  ( -68.23431457505071762, -8.050000000000000711, 2.299999999999932321 ) ) ;
#2675 =( NAMED_UNIT ( * ) SI_UNIT ( $, .STERADIAN. ) SOLID_ANGLE_UNIT ( ) );
#2676 = EDGE_CURVE ( 'NONE', #4081, #2761, #8432, .T. ) ;
#2677 = CARTESIAN_POINT ( 'NONE',  ( -66.47499999999999432, -3.949999999999999734, 3.224999999999997424 ) ) ;
#2678 = SURFACE_STYLE_USAGE ( .BOTH. , #5607 ) ;
#2679 = EDGE_LOOP ( 'NONE', ( #10251, #3182, #8762, #285 ) ) ;
#2680 = LINE ( 'NONE', #3481, #514 ) ;
#2681 = VECTOR ( 'NONE', #4487, 1000.000000000000000 ) ;
#2682 = VERTEX_POINT ( 'NONE', #5245 ) ;
#2683 =( GEOMETRIC_REPRESENTATION_CONTEXT ( 3 ) GLOBAL_UNCERTAINTY_ASSIGNED_CONTEXT ( ( #1025 ) ) GLOBAL_UNIT_ASSIGNED_CONTEXT ( ( #1301, #5023, #3153 ) ) REPRESENTATION_CONTEXT ( 'NONE', 'WORKASPACE' ) );
#2684 = ORIENTED_EDGE ( 'NONE', *, *, #4537, .F. ) ;
#2685 = ORIENTED_EDGE ( 'NONE', *, *, #693, .T. ) ;
#2686 =( LENGTH_UNIT ( ) NAMED_UNIT ( * ) SI_UNIT ( .MILLI., .METRE. ) );
#2687 = SURFACE_STYLE_USAGE ( .BOTH. , #11489 ) ;
#2688 =( NAMED_UNIT ( * ) SI_UNIT ( $, .STERADIAN. ) SOLID_ANGLE_UNIT ( ) );
#2689 = PRESENTATION_LAYER_ASSIGNMENT (  '', '', ( #9337 ) ) ;
#2690 =( NAMED_UNIT ( * ) SI_UNIT ( $, .STERADIAN. ) SOLID_ANGLE_UNIT ( ) );
#2691 = LINE ( 'NONE', #4614, #7115 ) ;
#2692 = VECTOR ( 'NONE', #4115, 1000.000000000000000 ) ;
#2693 = CARTESIAN_POINT ( 'NONE',  ( -63.56568542494919427, -9.849999999999996092, 2.300000000000105072 ) ) ;
#2694 = ADVANCED_FACE ( 'NONE', ( #7232 ), #501, .T. ) ;
#2695 = LINE ( 'NONE', #2760, #4805 ) ;
#2696 = ORIENTED_EDGE ( 'NONE', *, *, #61, .T. ) ;
#2697 = CARTESIAN_POINT ( 'NONE',  ( -62.35000000000004405, -9.374999999999994671, 4.800000000000149925 ) ) ;
#2698 = VERTEX_POINT ( 'NONE', #882 ) ;
#2699 = ORIENTED_EDGE ( 'NONE', *, *, #12350, .T. ) ;
#2700 =( NAMED_UNIT ( * ) PLANE_ANGLE_UNIT ( ) SI_UNIT ( $, .RADIAN. ) );
#2701 = CARTESIAN_POINT ( 'NONE',  ( -66.81902440614794614, -5.865754152547689948, 2.299999999999984723 ) ) ;
#2702 = FILL_AREA_STYLE ('',( #6606 ) ) ;
#2703 = ADVANCED_FACE ( 'NONE', ( #5759 ), #3805, .F. ) ;
#2704 = SURFACE_SIDE_STYLE ('',( #11305 ) ) ;
#2705 = CARTESIAN_POINT ( 'NONE',  ( -71.64999999999997726, 1.549999999999995826, 2.699999999999819877 ) ) ;
#2706 = PRESENTATION_STYLE_ASSIGNMENT (( #901 ) ) ;
#2707 = DIRECTION ( 'NONE',  ( -1.000000000000000000, -1.000000000000000078E-15, -3.526527652402319302E-14 ) ) ;
#2708 = MECHANICAL_DESIGN_GEOMETRIC_PRESENTATION_REPRESENTATION (  '', ( #8151 ), #4294 ) ;
#2709 = ORIENTED_EDGE ( 'NONE', *, *, #6103, .F. ) ;
#2710 = VERTEX_POINT ( 'NONE', #7541 ) ;
#2711 = SURFACE_STYLE_USAGE ( .BOTH. , #9529 ) ;
#2712 = SURFACE_STYLE_FILL_AREA ( #2904 ) ;
#2713 = ORIENTED_EDGE ( 'NONE', *, *, #11512, .T. ) ;
#2714 = DIRECTION ( 'NONE',  ( -1.000000000000000000, -1.000000000000000078E-15, -3.700000000000000011E-14 ) ) ;
#2715 = FILL_AREA_STYLE_COLOUR ( '', #9498 ) ;
#2716 = PRESENTATION_STYLE_ASSIGNMENT (( #9342 ) ) ;
#2717 = SURFACE_SIDE_STYLE ('',( #2787 ) ) ;
#2718 = MECHANICAL_DESIGN_GEOMETRIC_PRESENTATION_REPRESENTATION (  '', ( #4256 ), #5499 ) ;
#2719 = ADVANCED_FACE ( 'NONE', ( #11553 ), #9505, .T. ) ;
#2720 = LINE ( 'NONE', #719, #11011 ) ;
#2721 = SURFACE_SIDE_STYLE ('',( #7566 ) ) ;
#2722 = SURFACE_STYLE_USAGE ( .BOTH. , #10329 ) ;
#2723 = PLANE ( 'NONE',  #7351 ) ;
#2724 =( NAMED_UNIT ( * ) PLANE_ANGLE_UNIT ( ) SI_UNIT ( $, .RADIAN. ) );
#2725 = COLOUR_RGB ( '',0.007843137254901960675, 0.007843137254901960675, 0.007843137254901960675 ) ;
#2726 = DIRECTION ( 'NONE',  ( 1.000000000000000078E-15, -1.000000000000000000, 0.000000000000000000 ) ) ;
#2727 = VERTEX_POINT ( 'NONE', #948 ) ;
#2728 = ORIENTED_EDGE ( 'NONE', *, *, #8496, .F. ) ;
#2729 = DIRECTION ( 'NONE',  ( -3.700000000000000011E-14, 0.000000000000000000, 1.000000000000000000 ) ) ;
#2730 = MECHANICAL_DESIGN_GEOMETRIC_PRESENTATION_REPRESENTATION (  '', ( #314 ), #10355 ) ;
#2731 =( NAMED_UNIT ( * ) SI_UNIT ( $, .STERADIAN. ) SOLID_ANGLE_UNIT ( ) );
#2732 = SURFACE_SIDE_STYLE ('',( #6636 ) ) ;
#2733 = LINE ( 'NONE', #7589, #5309 ) ;
#2734 = SURFACE_STYLE_USAGE ( .BOTH. , #10591 ) ;
#2735 =( NAMED_UNIT ( * ) PLANE_ANGLE_UNIT ( ) SI_UNIT ( $, .RADIAN. ) );
#2736 =( NAMED_UNIT ( * ) SI_UNIT ( $, .STERADIAN. ) SOLID_ANGLE_UNIT ( ) );
#2737 = AXIS2_PLACEMENT_3D ( 'NONE', #11663, #2941, #4879 ) ;
#2738 = PRESENTATION_STYLE_ASSIGNMENT (( #12286 ) ) ;
#2739 = PLANE ( 'NONE',  #7434 ) ;
#2740 = SURFACE_STYLE_FILL_AREA ( #4731 ) ;
#2741 = ORIENTED_EDGE ( 'NONE', *, *, #11514, .F. ) ;
#2742 = FILL_AREA_STYLE ('',( #6521 ) ) ;
#2743 = VECTOR ( 'NONE', #6657, 1000.000000000000000 ) ;
#2744 = DIRECTION ( 'NONE',  ( -3.700000000000000011E-14, 0.000000000000000000, 1.000000000000000000 ) ) ;
#2745 = EDGE_CURVE ( 'NONE', #12365, #9587, #1991, .T. ) ;
#2746 = VERTEX_POINT ( 'NONE', #4745 ) ;
#2747 = ORIENTED_EDGE ( 'NONE', *, *, #11388, .T. ) ;
#2748 = ORIENTED_EDGE ( 'NONE', *, *, #6686, .T. ) ;
#2749 = CARTESIAN_POINT ( 'NONE',  ( -68.33431457505072615, -8.050000000000000711, 2.499999999999928502 ) ) ;
#2750 =( NAMED_UNIT ( * ) PLANE_ANGLE_UNIT ( ) SI_UNIT ( $, .RADIAN. ) );
#2751 =( GEOMETRIC_REPRESENTATION_CONTEXT ( 3 ) GLOBAL_UNCERTAINTY_ASSIGNED_CONTEXT ( ( #8754 ) ) GLOBAL_UNIT_ASSIGNED_CONTEXT ( ( #6946, #8838, #3043 ) ) REPRESENTATION_CONTEXT ( 'NONE', 'WORKASPACE' ) );
#2752 = DIRECTION ( 'NONE',  ( 1.000000000000000000, 1.000000000000000078E-15, 3.700000000000000011E-14 ) ) ;
#2753 = UNCERTAINTY_MEASURE_WITH_UNIT (LENGTH_MEASURE( 1.000000000000000082E-05 ), #5745, 'distance_accuracy_value', 'NONE');
#2754 =( LENGTH_UNIT ( ) NAMED_UNIT ( * ) SI_UNIT ( .MILLI., .METRE. ) );
#2755 = SURFACE_STYLE_USAGE ( .BOTH. , #3608 ) ;
#2756 = EDGE_CURVE ( 'NONE', #808, #1342, #8613, .T. ) ;
#2757 = CARTESIAN_POINT ( 'NONE',  ( -66.39999994970861508, -3.650000151991839026, 4.299999999999999822 ) ) ;
#2758 = VECTOR ( 'NONE', #7005, 1000.000000000000000 ) ;
#2759 = ADVANCED_FACE ( 'NONE', ( #1080 ), #7262, .T. ) ;
#2760 = CARTESIAN_POINT ( 'NONE',  ( -70.89999994970860087, -3.650000151991843023, 3.799999999999841727 ) ) ;
#2761 = VERTEX_POINT ( 'NONE', #7380 ) ;
#2762 = FILL_AREA_STYLE_COLOUR ( '', #3655 ) ;
#2763 = STYLED_ITEM ( 'NONE', ( #11302 ), #9226 ) ;
#2764 = EDGE_CURVE ( 'NONE', #3912, #10305, #3465, .T. ) ;
#2765 = ORIENTED_EDGE ( 'NONE', *, *, #8821, .F. ) ;
#2766 = ORIENTED_EDGE ( 'NONE', *, *, #4714, .F. ) ;
#2767 = CARTESIAN_POINT ( 'NONE',  ( -68.20277777777776862, -10.45000000000000107, 3.299999999999933653 ) ) ;
#2768 =( NAMED_UNIT ( * ) SI_UNIT ( $, .STERADIAN. ) SOLID_ANGLE_UNIT ( ) );
#2769 =( NAMED_UNIT ( * ) PLANE_ANGLE_UNIT ( ) SI_UNIT ( $, .RADIAN. ) );
#2770 = LINE ( 'NONE', #2701, #3355 ) ;
#2771 =( GEOMETRIC_REPRESENTATION_CONTEXT ( 3 ) GLOBAL_UNCERTAINTY_ASSIGNED_CONTEXT ( ( #10239 ) ) GLOBAL_UNIT_ASSIGNED_CONTEXT ( ( #8124, #2307, #11918 ) ) REPRESENTATION_CONTEXT ( 'NONE', 'WORKASPACE' ) );
#2772 = AXIS2_PLACEMENT_3D ( 'NONE', #3208, #386, #6937 ) ;
#2773 = PLANE ( 'NONE',  #6895 ) ;
#2774 = DIRECTION ( 'NONE',  ( -1.000000000000000000, -1.000000000000000472E-15, -3.699999999999998749E-14 ) ) ;
#2775 = CARTESIAN_POINT ( 'NONE',  ( -71.65000000000004832, -10.45000000000000462, 4.599999999999806022 ) ) ;
#2776 = DIRECTION ( 'NONE',  ( 1.000000000000000078E-15, -1.000000000000000000, 0.000000000000000000 ) ) ;
#2777 = CARTESIAN_POINT ( 'NONE',  ( -64.46568542494919996, -9.949999999999997513, 2.500000000000071498 ) ) ;
#2778 = VECTOR ( 'NONE', #6978, 1000.000000000000114 ) ;
#2779 = ORIENTED_EDGE ( 'NONE', *, *, #6325, .T. ) ;
#2780 = STYLED_ITEM ( 'NONE', ( #11568 ), #7767 ) ;
#2781 = VERTEX_POINT ( 'NONE', #9281 ) ;
#2782 = LINE ( 'NONE', #12378, #4212 ) ;
#2783 = PLANE ( 'NONE',  #102 ) ;
#2784 = VERTEX_POINT ( 'NONE', #9467 ) ;
#2785 = SURFACE_SIDE_STYLE ('',( #5268 ) ) ;
#2786 =( NAMED_UNIT ( * ) SI_UNIT ( $, .STERADIAN. ) SOLID_ANGLE_UNIT ( ) );
#2787 = SURFACE_STYLE_FILL_AREA ( #4574 ) ;
#2788 = VECTOR ( 'NONE', #5210, 1000.000000000000000 ) ;
#2789 = DIRECTION ( 'NONE',  ( 1.061907311267009442E-15, -1.000000000000000000, 2.290570516879343540E-30 ) ) ;
#2790 = DIRECTION ( 'NONE',  ( -0.6623823368164242220, 0.7491659628370825885, -2.474830423272712003E-14 ) ) ;
#2791 = PRESENTATION_LAYER_ASSIGNMENT (  '', '', ( #11994 ) ) ;
#2792 = CARTESIAN_POINT ( 'NONE',  ( -70.25000000000004263, -8.100000000000003197, 4.799999999999858602 ) ) ;
#2793 = CARTESIAN_POINT ( 'NONE',  ( -62.15000000000002700, -2.449999999999995737, 4.075000000000157385 ) ) ;
#2794 = CARTESIAN_POINT ( 'NONE',  ( -62.24999999999997868, -10.44999999999999574, 3.000000000000153655 ) ) ;
#2795 = CARTESIAN_POINT ( 'NONE',  ( -71.39142135623731633, -10.45000000000000462, 3.574264068711742848 ) ) ;
#2796 = ORIENTED_EDGE ( 'NONE', *, *, #11030, .T. ) ;
#2797 = COLOUR_RGB ( '',0.9529411764705881804, 0.7960784313725489669, 0.4862745098039215619 ) ;
#2798 = ORIENTED_EDGE ( 'NONE', *, *, #140, .T. ) ;
#2799 = UNCERTAINTY_MEASURE_WITH_UNIT (LENGTH_MEASURE( 1.000000000000000082E-05 ), #5582, 'distance_accuracy_value', 'NONE');
#2801 = ADVANCED_FACE ( 'NONE', ( #7322 ), #720, .T. ) ;
#2800 = FILL_AREA_STYLE_COLOUR ( '', #10124 ) ;
#2802 = CIRCLE ( 'NONE', #4176, 0.08500000000000174083 ) ;
#2803 = CARTESIAN_POINT ( 'NONE',  ( -66.79444444444442297, -10.44999999999999929, 2.999999999999985345 ) ) ;
#2804 =( NAMED_UNIT ( * ) SI_UNIT ( $, .STERADIAN. ) SOLID_ANGLE_UNIT ( ) );
#2805 =( LENGTH_UNIT ( ) NAMED_UNIT ( * ) SI_UNIT ( .MILLI., .METRE. ) );
#2806 = FILL_AREA_STYLE ('',( #3847 ) ) ;
#2807 = VECTOR ( 'NONE', #11709, 1000.000000000000000 ) ;
#2808 =( NAMED_UNIT ( * ) PLANE_ANGLE_UNIT ( ) SI_UNIT ( $, .RADIAN. ) );
#2809 = DIRECTION ( 'NONE',  ( -1.000000000000000078E-15, 1.000000000000000000, 0.000000000000000000 ) ) ;
#2810 = DIRECTION ( 'NONE',  ( -1.000000000000000078E-15, 1.000000000000000000, 0.000000000000000000 ) ) ;
#2811 = CARTESIAN_POINT ( 'NONE',  ( -64.15000000000003411, -9.699999999999997513, 4.600000000000083134 ) ) ;
#2812 = ORIENTED_EDGE ( 'NONE', *, *, #10040, .T. ) ;
#2813 = DIRECTION ( 'NONE',  ( -3.700000000000000011E-14, 0.000000000000000000, 1.000000000000000000 ) ) ;
#2814 =( GEOMETRIC_REPRESENTATION_CONTEXT ( 3 ) GLOBAL_UNCERTAINTY_ASSIGNED_CONTEXT ( ( #3900 ) ) GLOBAL_UNIT_ASSIGNED_CONTEXT ( ( #5356, #1511, #10052 ) ) REPRESENTATION_CONTEXT ( 'NONE', 'WORKASPACE' ) );
#2815 = ORIENTED_EDGE ( 'NONE', *, *, #1985, .T. ) ;
#2816 = ORIENTED_EDGE ( 'NONE', *, *, #10590, .F. ) ;
#2817 = VERTEX_POINT ( 'NONE', #4396 ) ;
#2818 = FILL_AREA_STYLE_COLOUR ( '', #4608 ) ;
#2819 = CARTESIAN_POINT ( 'NONE',  ( -62.56568542494919427, -2.449999999999995737, 2.300000000000142375 ) ) ;
#2820 = FILL_AREA_STYLE_COLOUR ( '', #1013 ) ;
#2821 = PLANE ( 'NONE',  #12364 ) ;
#2822 = FILL_AREA_STYLE_COLOUR ( '', #1305 ) ;
#2823 =( NAMED_UNIT ( * ) PLANE_ANGLE_UNIT ( ) SI_UNIT ( $, .RADIAN. ) );
#2824 = VERTEX_POINT ( 'NONE', #3397 ) ;
#2825 = PLANE ( 'NONE',  #2258 ) ;
#2826 = CIRCLE ( 'NONE', #616, 0.1999999999999996503 ) ;
#2827 = AXIS2_PLACEMENT_3D ( 'NONE', #10964, #6193, #9110 ) ;
#2828 = ORIENTED_EDGE ( 'NONE', *, *, #6845, .T. ) ;
#2829 = ORIENTED_EDGE ( 'NONE', *, *, #1340, .F. ) ;
#2830 = ADVANCED_FACE ( 'NONE', ( #8274 ), #12078, .F. ) ;
#2831 = CARTESIAN_POINT ( 'NONE',  ( -71.45000000000004547, 1.549999999999995826, 4.249999999999827693 ) ) ;
#2832 = DIRECTION ( 'NONE',  ( 3.700000000000000011E-14, -9.860761315262649757E-32, -1.000000000000000000 ) ) ;
#2833 = DIRECTION ( 'NONE',  ( 1.000000000000000078E-15, -1.000000000000000000, 0.000000000000000000 ) ) ;
#2834 = CIRCLE ( 'NONE', #9863, 0.2000000000000005107 ) ;
#2835 =( GEOMETRIC_REPRESENTATION_CONTEXT ( 3 ) GLOBAL_UNCERTAINTY_ASSIGNED_CONTEXT ( ( #3865 ) ) GLOBAL_UNIT_ASSIGNED_CONTEXT ( ( #7370, #3569, #4227 ) ) REPRESENTATION_CONTEXT ( 'NONE', 'WORKASPACE' ) );
#2836 = CARTESIAN_POINT ( 'NONE',  ( -65.98103322277067662, -8.259685468350888016, 2.300000000000015365 ) ) ;
#2837 =( LENGTH_UNIT ( ) NAMED_UNIT ( * ) SI_UNIT ( .MILLI., .METRE. ) );
#2838 = DIRECTION ( 'NONE',  ( 3.700000000000000011E-14, -9.860761315262649757E-32, -1.000000000000000000 ) ) ;
#2839 = ORIENTED_EDGE ( 'NONE', *, *, #3499, .F. ) ;
#2840 = VERTEX_POINT ( 'NONE', #7765 ) ;
#2841 = DIRECTION ( 'NONE',  ( -1.000000000000000000, -1.000000000000000078E-15, -3.421580731527764731E-14 ) ) ;
#2842 = DIRECTION ( 'NONE',  ( -1.000000000000000000, -1.000000000000000472E-15, -3.699999999999998749E-14 ) ) ;
#2843 = ORIENTED_EDGE ( 'NONE', *, *, #9534, .T. ) ;
#2844 = DIRECTION ( 'NONE',  ( 3.448907672462272700E-14, -2.510923275377270607E-30, -1.000000000000000000 ) ) ;
#2845 = DIRECTION ( 'NONE',  ( -0.7071067811865269226, 0.000000000000000000, -0.7071067811865681119 ) ) ;
#2846 = AXIS2_PLACEMENT_3D ( 'NONE', #7866, #1275, #11682 ) ;
#2847 = LINE ( 'NONE', #10514, #4565 ) ;
#2848 = PRESENTATION_STYLE_ASSIGNMENT (( #11456 ) ) ;
#2849 = LINE ( 'NONE', #661, #199 ) ;
#2850 = VECTOR ( 'NONE', #1640, 1000.000000000000114 ) ;
#2851 =( GEOMETRIC_REPRESENTATION_CONTEXT ( 3 ) GLOBAL_UNCERTAINTY_ASSIGNED_CONTEXT ( ( #11575 ) ) GLOBAL_UNIT_ASSIGNED_CONTEXT ( ( #9031, #7012, #10830 ) ) REPRESENTATION_CONTEXT ( 'NONE', 'WORKASPACE' ) );
#2852 = AXIS2_PLACEMENT_3D ( 'NONE', #9435, #10541, #12297 ) ;
#2853 = VECTOR ( 'NONE', #10197, 1000.000000000000000 ) ;
#2854 = VECTOR ( 'NONE', #1632, 1000.000000000000000 ) ;
#2855 = VECTOR ( 'NONE', #3350, 1000.000000000000000 ) ;
#2856 = VECTOR ( 'NONE', #2383, 1000.000000000000000 ) ;
#2857 = SURFACE_SIDE_STYLE ('',( #6766 ) ) ;
#2858 = VERTEX_POINT ( 'NONE', #83 ) ;
#2859 = ORIENTED_EDGE ( 'NONE', *, *, #7274, .F. ) ;
#2860 = CARTESIAN_POINT ( 'NONE',  ( -61.35000000000000853, -10.44999999999999396, 3.715685424949425997 ) ) ;
#2861 = CARTESIAN_POINT ( 'NONE',  ( -66.76111111111225682, 0.5500000000000001554, 4.049999999999986500 ) ) ;
#2862 = FILL_AREA_STYLE ('',( #8724 ) ) ;
#2863 =( NAMED_UNIT ( * ) SI_UNIT ( $, .STERADIAN. ) SOLID_ANGLE_UNIT ( ) );
#2864 = PRESENTATION_STYLE_ASSIGNMENT (( #12279 ) ) ;
#2865 =( GEOMETRIC_REPRESENTATION_CONTEXT ( 3 ) GLOBAL_UNCERTAINTY_ASSIGNED_CONTEXT ( ( #3643 ) ) GLOBAL_UNIT_ASSIGNED_CONTEXT ( ( #3993, #2008, #3932 ) ) REPRESENTATION_CONTEXT ( 'NONE', 'WORKASPACE' ) );
#2866 = SURFACE_SIDE_STYLE ('',( #9483 ) ) ;
#2867 = CARTESIAN_POINT ( 'NONE',  ( -67.26388888888887152, -3.950000000000000178, 2.999999999999968026 ) ) ;
#2868 = DIRECTION ( 'NONE',  ( -3.700000000000000011E-14, 0.000000000000000000, 1.000000000000000000 ) ) ;
#2870 = EDGE_CURVE ( 'NONE', #8519, #126, #4844, .T. ) ;
#2869 = FACE_OUTER_BOUND ( 'NONE', #3403, .T. ) ;
#2871 = ORIENTED_EDGE ( 'NONE', *, *, #5009, .F. ) ;
#2872 =( NAMED_UNIT ( * ) PLANE_ANGLE_UNIT ( ) SI_UNIT ( $, .RADIAN. ) );
#2873 = COLOUR_RGB ( '',0.007843137254901960675, 0.007843137254901960675, 0.007843137254901960675 ) ;
#2874 = FILL_AREA_STYLE ('',( #3730 ) ) ;
#2875 = EDGE_CURVE ( 'NONE', #1462, #12171, #4758, .T. ) ;
#2876 = ORIENTED_EDGE ( 'NONE', *, *, #10191, .F. ) ;
#2877 = VECTOR ( 'NONE', #2124, 1000.000000000000000 ) ;
#2878 = EDGE_LOOP ( 'NONE', ( #586, #3946, #6312, #2859 ) ) ;
#2879 = ORIENTED_EDGE ( 'NONE', *, *, #1819, .F. ) ;
#2880 = LINE ( 'NONE', #7603, #432 ) ;
#2881 = DIRECTION ( 'NONE',  ( 9.999999999999923863E-16, -1.000000000000000000, 6.360191048344121816E-30 ) ) ;
#2882 = CARTESIAN_POINT ( 'NONE',  ( -69.21666666666666856, -3.950000000000001954, 3.149999999999895994 ) ) ;
#2883 = UNCERTAINTY_MEASURE_WITH_UNIT (LENGTH_MEASURE( 1.000000000000000082E-05 ), #10753, 'distance_accuracy_value', 'NONE');
#2884 = SURFACE_STYLE_FILL_AREA ( #4744 ) ;
#2885 = COLOUR_RGB ( '',0.9529411764705881804, 0.7960784313725489669, 0.4862745098039215619 ) ;
#2886 =( LENGTH_UNIT ( ) NAMED_UNIT ( * ) SI_UNIT ( .MILLI., .METRE. ) );
#2887 = VERTEX_POINT ( 'NONE', #5795 ) ;
#2888 = ORIENTED_EDGE ( 'NONE', *, *, #3283, .T. ) ;
#2889 = ORIENTED_EDGE ( 'NONE', *, *, #4648, .F. ) ;
#2890 = DIRECTION ( 'NONE',  ( 1.000000000000000000, 0.000000000000000000, 3.903127820947704260E-14 ) ) ;
#2891 = CARTESIAN_POINT ( 'NONE',  ( -63.87589120702013901, -8.627649221922066403, 2.300000000000093525 ) ) ;
#2892 = MECHANICAL_DESIGN_GEOMETRIC_PRESENTATION_REPRESENTATION (  '', ( #10713 ), #5263 ) ;
#2893 = DIRECTION ( 'NONE',  ( 1.000000000000000000, 1.154197642309050035E-15, 3.700000000000000011E-14 ) ) ;
#2894 = ADVANCED_FACE ( 'NONE', ( #1843 ), #5913, .T. ) ;
#2895 = LINE ( 'NONE', #5776, #6275 ) ;
#2896 =( LENGTH_UNIT ( ) NAMED_UNIT ( * ) SI_UNIT ( .MILLI., .METRE. ) );
#2897 = EDGE_CURVE ( 'NONE', #8746, #11543, #913, .T. ) ;
#2898 = CARTESIAN_POINT ( 'NONE',  ( -66.28508571451726539, -6.469648114959189122, 2.310000000000004938 ) ) ;
#2899 = COLOUR_RGB ( '',0.9529411764705881804, 0.7960784313725489669, 0.4862745098039215619 ) ;
#2900 = VERTEX_POINT ( 'NONE', #136 ) ;
#2901 = ORIENTED_EDGE ( 'NONE', *, *, #6486, .T. ) ;
#2902 = EDGE_LOOP ( 'NONE', ( #3007, #10065, #2491, #4338 ) ) ;
#2903 = SURFACE_STYLE_FILL_AREA ( #1899 ) ;
#2904 = FILL_AREA_STYLE ('',( #7633 ) ) ;
#2905 = VERTEX_POINT ( 'NONE', #7818 ) ;
#2906 = EDGE_CURVE ( 'NONE', #11865, #4821, #8585, .T. ) ;
#2907 = PRESENTATION_STYLE_ASSIGNMENT (( #9658 ) ) ;
#2908 = ADVANCED_FACE ( 'NONE', ( #6625 ), #6759, .F. ) ;
#2909 =( NAMED_UNIT ( * ) PLANE_ANGLE_UNIT ( ) SI_UNIT ( $, .RADIAN. ) );
#2910 = EDGE_CURVE ( 'NONE', #5845, #9017, #8952, .T. ) ;
#2911 = LINE ( 'NONE', #3095, #2994 ) ;
#2912 =( GEOMETRIC_REPRESENTATION_CONTEXT ( 3 ) GLOBAL_UNCERTAINTY_ASSIGNED_CONTEXT ( ( #6012 ) ) GLOBAL_UNIT_ASSIGNED_CONTEXT ( ( #3498, #572, #12178 ) ) REPRESENTATION_CONTEXT ( 'NONE', 'WORKASPACE' ) );
#2913 = DIRECTION ( 'NONE',  ( 1.000000000000000078E-15, -1.000000000000000000, 0.000000000000000000 ) ) ;
#2914 = ORIENTED_EDGE ( 'NONE', *, *, #11656, .F. ) ;
#2915 = EDGE_LOOP ( 'NONE', ( #10778, #4094, #11910, #6116 ) ) ;
#2916 = UNCERTAINTY_MEASURE_WITH_UNIT (LENGTH_MEASURE( 1.000000000000000082E-05 ), #12233, 'distance_accuracy_value', 'NONE');
#2917 = CARTESIAN_POINT ( 'NONE',  ( -71.64999999999997726, -2.450000000000004174, 2.699999999999819877 ) ) ;
#2918 = LINE ( 'NONE', #10524, #224 ) ;
#2919 = PRESENTATION_LAYER_ASSIGNMENT (  '', '', ( #10943 ) ) ;
#2920 = DIRECTION ( 'NONE',  ( -1.000000000000000078E-15, 1.000000000000000000, 0.000000000000000000 ) ) ;
#2921 = SURFACE_SIDE_STYLE ('',( #8659 ) ) ;
#2922 = CARTESIAN_POINT ( 'NONE',  ( -66.40999999999995396, -9.854547328739318601, 2.299999999999999822 ) ) ;
#2923 = CARTESIAN_POINT ( 'NONE',  ( -70.45000000000004547, -8.300000000000004263, 4.599999999999850431 ) ) ;
#2924 =( LENGTH_UNIT ( ) NAMED_UNIT ( * ) SI_UNIT ( .MILLI., .METRE. ) );
#2925 =( NAMED_UNIT ( * ) PLANE_ANGLE_UNIT ( ) SI_UNIT ( $, .RADIAN. ) );
#2926 = DIRECTION ( 'NONE',  ( -1.000000000000000078E-15, 1.000000000000000000, 0.000000000000000000 ) ) ;
#2927 = VERTEX_POINT ( 'NONE', #7884 ) ;
#2928 = LINE ( 'NONE', #6780, #9966 ) ;
#2929 = COLOUR_RGB ( '',0.007843137254901960675, 0.007843137254901960675, 0.007843137254901960675 ) ;
#2930 = SURFACE_STYLE_USAGE ( .BOTH. , #11411 ) ;
#2931 = ORIENTED_EDGE ( 'NONE', *, *, #364, .F. ) ;
#2932 = VECTOR ( 'NONE', #10542, 1000.000000000000000 ) ;
#2933 = ORIENTED_EDGE ( 'NONE', *, *, #3818, .T. ) ;
#2934 = ORIENTED_EDGE ( 'NONE', *, *, #1875, .T. ) ;
#2935 = PLANE ( 'NONE',  #9082 ) ;
#2936 = DIRECTION ( 'NONE',  ( -1.000000000000000078E-15, 1.000000000000000000, 0.000000000000000000 ) ) ;
#2937 = PRESENTATION_LAYER_ASSIGNMENT (  '', '', ( #10560 ) ) ;
#2938 = DIRECTION ( 'NONE',  ( -1.000000000000000000, -1.000000000000000078E-15, -3.695877884809559986E-14 ) ) ;
#2939 = VECTOR ( 'NONE', #1728, 1000.000000000000000 ) ;
#2940 = CARTESIAN_POINT ( 'NONE',  ( -71.45000000000004547, -10.45000000000000462, 4.599999999999813127 ) ) ;
#2941 = DIRECTION ( 'NONE',  ( 1.000000000000000000, 1.000000000000000078E-15, 3.700000000000000011E-14 ) ) ;
#2942 = CARTESIAN_POINT ( 'NONE',  ( -66.47499999999998010, -10.44999999999999929, 2.999999999999997335 ) ) ;
#2943 = STYLED_ITEM ( 'NONE', ( #9236 ), #1826 ) ;
#2944 = UNCERTAINTY_MEASURE_WITH_UNIT (LENGTH_MEASURE( 1.000000000000000082E-05 ), #7533, 'distance_accuracy_value', 'NONE');
#2945 = VERTEX_POINT ( 'NONE', #11811 ) ;
#2946 = DIRECTION ( 'NONE',  ( -1.000000000000000000, -1.000000000000000078E-15, -3.647958295720695799E-14 ) ) ;
#2947 =( GEOMETRIC_REPRESENTATION_CONTEXT ( 3 ) GLOBAL_UNCERTAINTY_ASSIGNED_CONTEXT ( ( #11602 ) ) GLOBAL_UNIT_ASSIGNED_CONTEXT ( ( #3739, #9635, #2690 ) ) REPRESENTATION_CONTEXT ( 'NONE', 'WORKASPACE' ) );
#2948 = ORIENTED_EDGE ( 'NONE', *, *, #9755, .T. ) ;
#2949 = ORIENTED_EDGE ( 'NONE', *, *, #2986, .T. ) ;
#2950 = CARTESIAN_POINT ( 'NONE',  ( -63.87222222222337109, 0.5500000000000018208, 4.250000000000094147 ) ) ;
#2951 = AXIS2_PLACEMENT_3D ( 'NONE', #5473, #10529, #7394 ) ;
#2952 = CARTESIAN_POINT ( 'NONE',  ( -65.38611111111110574, -10.44999999999999751, 3.300000000000037570 ) ) ;
#2953 =( NAMED_UNIT ( * ) PLANE_ANGLE_UNIT ( ) SI_UNIT ( $, .RADIAN. ) );
#2954 = EDGE_CURVE ( 'NONE', #11279, #9007, #265, .T. ) ;
#2955 = EDGE_CURVE ( 'NONE', #9315, #7726, #11773, .T. ) ;
#2956 = PRESENTATION_LAYER_ASSIGNMENT (  '', '', ( #4329 ) ) ;
#2957 =( NAMED_UNIT ( * ) PLANE_ANGLE_UNIT ( ) SI_UNIT ( $, .RADIAN. ) );
#2958 = FACE_OUTER_BOUND ( 'NONE', #7507, .T. ) ;
#2959 = AXIS2_PLACEMENT_3D ( 'NONE', #2146, #10198, #7133 ) ;
#2960 = SURFACE_STYLE_USAGE ( .BOTH. , #7867 ) ;
#2961 = ORIENTED_EDGE ( 'NONE', *, *, #12424, .F. ) ;
#2962 = ORIENTED_EDGE ( 'NONE', *, *, #3283, .F. ) ;
#2963 = ORIENTED_EDGE ( 'NONE', *, *, #6297, .F. ) ;
#2964 = DIRECTION ( 'NONE',  ( -3.700000000000000011E-14, 0.000000000000000000, 1.000000000000000000 ) ) ;
#2965 = PRESENTATION_LAYER_ASSIGNMENT (  '', '', ( #8403 ) ) ;
#2966 = SURFACE_STYLE_FILL_AREA ( #6618 ) ;
#2967 = ORIENTED_EDGE ( 'NONE', *, *, #10141, .F. ) ;
#2968 = EDGE_CURVE ( 'NONE', #7339, #10838, #7063, .T. ) ;
#2969 =( NAMED_UNIT ( * ) SI_UNIT ( $, .STERADIAN. ) SOLID_ANGLE_UNIT ( ) );
#2971 = ADVANCED_FACE ( 'NONE', ( #3091, #10757 ), #8073, .T. ) ;
#2970 =( NAMED_UNIT ( * ) SI_UNIT ( $, .STERADIAN. ) SOLID_ANGLE_UNIT ( ) );
#2972 = CARTESIAN_POINT ( 'NONE',  ( -71.24999999999998579, 1.549999999999995826, 2.499999999999821032 ) ) ;
#2973 = VECTOR ( 'NONE', #8757, 1000.000000000000000 ) ;
#2974 = PRESENTATION_LAYER_ASSIGNMENT (  '', '', ( #6801 ) ) ;
#2975 = DIRECTION ( 'NONE',  ( -1.000000000000000000, -1.000000000000000078E-15, -3.700000000000000011E-14 ) ) ;
#2976 =( NAMED_UNIT ( * ) SI_UNIT ( $, .STERADIAN. ) SOLID_ANGLE_UNIT ( ) );
#2977 = ORIENTED_EDGE ( 'NONE', *, *, #10325, .T. ) ;
#2978 = EDGE_CURVE ( 'NONE', #2598, #3439, #11692, .T. ) ;
#2979 = ORIENTED_EDGE ( 'NONE', *, *, #8644, .T. ) ;
#2980 = LINE ( 'NONE', #6824, #10716 ) ;
#2981 = ADVANCED_FACE ( 'NONE', ( #9085 ), #1291, .T. ) ;
#2982 = DIRECTION ( 'NONE',  ( -3.700000000000000011E-14, 0.000000000000000000, 1.000000000000000000 ) ) ;
#2983 =( NAMED_UNIT ( * ) PLANE_ANGLE_UNIT ( ) SI_UNIT ( $, .RADIAN. ) );
#2984 = CARTESIAN_POINT ( 'NONE',  ( -70.54999999999998295, -3.950000000000003730, 3.074999999999846523 ) ) ;
#2985 = COLOUR_RGB ( '',0.007843137254901960675, 0.007843137254901960675, 0.007843137254901960675 ) ;
#2986 = EDGE_CURVE ( 'NONE', #12, #3814, #12183, .T. ) ;
#2987 = DIRECTION ( 'NONE',  ( 1.000000000000000078E-15, -1.000000000000000000, 0.000000000000000000 ) ) ;
#2988 = DIRECTION ( 'NONE',  ( -0.03909037293409971248, -0.9992356792788541497, -1.337846218380133420E-15 ) ) ;
#2989 = CARTESIAN_POINT ( 'NONE',  ( -70.89999989941718184, -10.45000000000000462, 4.299999999999833733 ) ) ;
#2990 = CARTESIAN_POINT ( 'NONE',  ( -65.31666666666781396, -0.4499999999999972911, 4.250000000000039968 ) ) ;
#2991 = VERTEX_POINT ( 'NONE', #9266 ) ;
#2992 = PRESENTATION_STYLE_ASSIGNMENT (( #4971 ) ) ;
#2993 = CARTESIAN_POINT ( 'NONE',  ( -66.49609096270656039, -2.253759288013719608, 2.299999999999996270 ) ) ;
#2994 = VECTOR ( 'NONE', #2975, 1000.000000000000000 ) ;
#2995 = COLOUR_RGB ( '',0.9529411764705881804, 0.7960784313725489669, 0.4862745098039215619 ) ;
#2996 = ORIENTED_EDGE ( 'NONE', *, *, #8732, .F. ) ;
#2997 = COLOUR_RGB ( '',0.007843137254901960675, 0.007843137254901960675, 0.007843137254901960675 ) ;
#2998 = ORIENTED_EDGE ( 'NONE', *, *, #9397, .T. ) ;
#2999 = PLANE ( 'NONE',  #1637 ) ;
#3000 = DIRECTION ( 'NONE',  ( -3.700000000000000011E-14, 0.000000000000000000, 1.000000000000000000 ) ) ;
#3001 = CARTESIAN_POINT ( 'NONE',  ( -62.09999999999998010, -10.44999999999999574, 3.000000000000159428 ) ) ;
#3002 = VECTOR ( 'NONE', #5651, 1000.000000000000000 ) ;
#3003 = MECHANICAL_DESIGN_GEOMETRIC_PRESENTATION_REPRESENTATION (  '', ( #3974 ), #5380 ) ;
#3004 = SURFACE_STYLE_FILL_AREA ( #1252 ) ;
#3005 = CARTESIAN_POINT ( 'NONE',  ( -71.65000000000000568, -10.45000000000000462, 3.715685424949044968 ) ) ;
#3006 = VERTEX_POINT ( 'NONE', #2572 ) ;
#3007 = ORIENTED_EDGE ( 'NONE', *, *, #9659, .T. ) ;
#3008 = VERTEX_POINT ( 'NONE', #10189 ) ;
#3009 = MECHANICAL_DESIGN_GEOMETRIC_PRESENTATION_REPRESENTATION (  '', ( #9451 ), #5592 ) ;
#3010 =( GEOMETRIC_REPRESENTATION_CONTEXT ( 3 ) GLOBAL_UNCERTAINTY_ASSIGNED_CONTEXT ( ( #1162 ) ) GLOBAL_UNIT_ASSIGNED_CONTEXT ( ( #10031, #540, #5163 ) ) REPRESENTATION_CONTEXT ( 'NONE', 'WORKASPACE' ) );
#3011 = LINE ( 'NONE', #5897, #3094 ) ;
#3012 = SURFACE_STYLE_FILL_AREA ( #1889 ) ;
#3013 =( NAMED_UNIT ( * ) SI_UNIT ( $, .STERADIAN. ) SOLID_ANGLE_UNIT ( ) );
#3014 = VECTOR ( 'NONE', #7575, 1000.000000000000000 ) ;
#3015 = CARTESIAN_POINT ( 'NONE',  ( -65.90201378195156678, -8.174896124021048038, 2.310000000000018705 ) ) ;
#3016 = PRESENTATION_LAYER_ASSIGNMENT (  '', '', ( #11230 ) ) ;
#3017 = EDGE_CURVE ( 'NONE', #4942, #254, #10256, .T. ) ;
#3018 = VERTEX_POINT ( 'NONE', #6354 ) ;
#3019 = ORIENTED_EDGE ( 'NONE', *, *, #1361, .F. ) ;
#3020 = ORIENTED_EDGE ( 'NONE', *, *, #4857, .T. ) ;
#3021 = EDGE_CURVE ( 'NONE', #1812, #10473, #10138, .T. ) ;
#3022 = CYLINDRICAL_SURFACE ( 'NONE', #1446, 0.06500000000000000222 ) ;
#3023 = CARTESIAN_POINT ( 'NONE',  ( -61.35000000000001563, -1.449999999999994627, 3.682842712474807101 ) ) ;
#3024 = MECHANICAL_DESIGN_GEOMETRIC_PRESENTATION_REPRESENTATION (  '', ( #1820 ), #6238 ) ;
#3025 = VECTOR ( 'NONE', #5735, 1000.000000000000000 ) ;
#3026 = VERTEX_POINT ( 'NONE', #3450 ) ;
#3027 = PRESENTATION_LAYER_ASSIGNMENT (  '', '', ( #2214 ) ) ;
#3028 = DIRECTION ( 'NONE',  ( -3.448907672462272700E-14, 2.510923275377272709E-30, 1.000000000000000000 ) ) ;
#3029 = MECHANICAL_DESIGN_GEOMETRIC_PRESENTATION_REPRESENTATION (  '', ( #2417 ), #2219 ) ;
#3030 = EDGE_CURVE ( 'NONE', #5894, #6823, #1584, .T. ) ;
#3031 = ORIENTED_EDGE ( 'NONE', *, *, #7955, .T. ) ;
#3032 =( LENGTH_UNIT ( ) NAMED_UNIT ( * ) SI_UNIT ( .MILLI., .METRE. ) );
#3033 = DIRECTION ( 'NONE',  ( -1.000000000000000000, -1.000000000000000078E-15, -3.700000000000000011E-14 ) ) ;
#3034 = PRESENTATION_LAYER_ASSIGNMENT (  '', '', ( #5212 ) ) ;
#3035 = VECTOR ( 'NONE', #8475, 1000.000000000000000 ) ;
#3036 = VERTEX_POINT ( 'NONE', #2705 ) ;
#3037 = MECHANICAL_DESIGN_GEOMETRIC_PRESENTATION_REPRESENTATION (  '', ( #640 ), #11662 ) ;
#3038 = ORIENTED_EDGE ( 'NONE', *, *, #9734, .T. ) ;
#3039 = UNCERTAINTY_MEASURE_WITH_UNIT (LENGTH_MEASURE( 1.000000000000000082E-05 ), #9611, 'distance_accuracy_value', 'NONE');
#3040 = FILL_AREA_STYLE_COLOUR ( '', #5451 ) ;
#3041 = CARTESIAN_POINT ( 'NONE',  ( -67.41388888888889142, -10.45000000000000107, 3.299999999999962519 ) ) ;
#3042 = DIRECTION ( 'NONE',  ( -3.700000000000000011E-14, 0.000000000000000000, 1.000000000000000000 ) ) ;
#3043 =( NAMED_UNIT ( * ) SI_UNIT ( $, .STERADIAN. ) SOLID_ANGLE_UNIT ( ) );
#3044 = CARTESIAN_POINT ( 'NONE',  ( -70.89999989941715342, -3.650000151991843023, 3.299999999999839506 ) ) ;
#3045 = ADVANCED_FACE ( 'NONE', ( #8199, #2454, #12056 ), #5450, .T. ) ;
#3046 = FACE_OUTER_BOUND ( 'NONE', #9414, .T. ) ;
#3047 =( NAMED_UNIT ( * ) SI_UNIT ( $, .STERADIAN. ) SOLID_ANGLE_UNIT ( ) );
#3048 =( GEOMETRIC_REPRESENTATION_CONTEXT ( 3 ) GLOBAL_UNCERTAINTY_ASSIGNED_CONTEXT ( ( #12038 ) ) GLOBAL_UNIT_ASSIGNED_CONTEXT ( ( #7369, #9515, #11561 ) ) REPRESENTATION_CONTEXT ( 'NONE', 'WORKASPACE' ) );
#3049 = LINE ( 'NONE', #6897, #12280 ) ;
#3050 = CARTESIAN_POINT ( 'NONE',  ( -63.67222222222336825, -0.4499999999999955147, 4.250000000000101252 ) ) ;
#3051 = COLOUR_RGB ( '',0.007843137254901960675, 0.007843137254901960675, 0.007843137254901960675 ) ;
#3052 = ORIENTED_EDGE ( 'NONE', *, *, #3489, .T. ) ;
#3053 = AXIS2_PLACEMENT_3D ( 'NONE', #3005, #9800, #8988 ) ;
#3054 = LINE ( 'NONE', #4030, #11990 ) ;
#3055 = MECHANICAL_DESIGN_GEOMETRIC_PRESENTATION_REPRESENTATION (  '', ( #7881 ), #2442 ) ;
#3056 = EDGE_CURVE ( 'NONE', #8219, #9627, #1529, .T. ) ;
#3057 = ORIENTED_EDGE ( 'NONE', *, *, #370, .T. ) ;
#3058 = ORIENTED_EDGE ( 'NONE', *, *, #5642, .F. ) ;
#3059 = STYLED_ITEM ( 'NONE', ( #8094 ), #4843 ) ;
#3060 = LINE ( 'NONE', #6064, #10254 ) ;
#3061 = AXIS2_PLACEMENT_3D ( 'NONE', #9220, #12135, #8212 ) ;
#3062 = DIRECTION ( 'NONE',  ( -1.000000000000000000, -1.000000000000000078E-15, -3.700000000000000011E-14 ) ) ;
#3063 = LINE ( 'NONE', #3001, #3222 ) ;
#3064 = ADVANCED_FACE ( 'NONE', ( #8263 ), #2512, .T. ) ;
#3065 = DIRECTION ( 'NONE',  ( 0.000000000000000000, -1.000000000000000000, 0.000000000000000000 ) ) ;
#3066 = CARTESIAN_POINT ( 'NONE',  ( -69.45000000000113971, 1.099999999999996758, 4.049999999999887024 ) ) ;
#3067 = UNCERTAINTY_MEASURE_WITH_UNIT (LENGTH_MEASURE( 1.000000000000000082E-05 ), #10786, 'distance_accuracy_value', 'NONE');
#3068 = VERTEX_POINT ( 'NONE', #5944 ) ;
#3069 = FACE_OUTER_BOUND ( 'NONE', #9459, .T. ) ;
#3070 = ADVANCED_FACE ( 'NONE', ( #1892 ), #4986, .F. ) ;
#3071 = VERTEX_POINT ( 'NONE', #4761 ) ;
#3072 = ORIENTED_EDGE ( 'NONE', *, *, #7349, .F. ) ;
#3073 = LINE ( 'NONE', #7797, #9068 ) ;
#3074 = LINE ( 'NONE', #8999, #6102 ) ;
#3075 = SURFACE_STYLE_USAGE ( .BOTH. , #11675 ) ;
#3076 =( GEOMETRIC_REPRESENTATION_CONTEXT ( 3 ) GLOBAL_UNCERTAINTY_ASSIGNED_CONTEXT ( ( #2916 ) ) GLOBAL_UNIT_ASSIGNED_CONTEXT ( ( #12233, #11361, #4684 ) ) REPRESENTATION_CONTEXT ( 'NONE', 'WORKASPACE' ) );
#3077 = CARTESIAN_POINT ( 'NONE',  ( -68.00555555555671106, 1.099999999999998535, 4.099999999999940137 ) ) ;
#3078 = CARTESIAN_POINT ( 'NONE',  ( -61.54999999999996874, -2.449999999999993960, 2.300000000000179678 ) ) ;
#3079 = CARTESIAN_POINT ( 'NONE',  ( -70.23431457505071762, -10.45000000000000284, 2.499999999999858336 ) ) ;
#3080 =( NAMED_UNIT ( * ) SI_UNIT ( $, .STERADIAN. ) SOLID_ANGLE_UNIT ( ) );
#3081 =( GEOMETRIC_REPRESENTATION_CONTEXT ( 3 ) GLOBAL_UNCERTAINTY_ASSIGNED_CONTEXT ( ( #9354 ) ) GLOBAL_UNIT_ASSIGNED_CONTEXT ( ( #672, #7529, #7396 ) ) REPRESENTATION_CONTEXT ( 'NONE', 'WORKASPACE' ) );
#3082 = ORIENTED_EDGE ( 'NONE', *, *, #7869, .T. ) ;
#3083 = VERTEX_POINT ( 'NONE', #9582 ) ;
#3084 = ORIENTED_EDGE ( 'NONE', *, *, #12188, .F. ) ;
#3085 = SURFACE_SIDE_STYLE ('',( #8888 ) ) ;
#3086 =( NAMED_UNIT ( * ) PLANE_ANGLE_UNIT ( ) SI_UNIT ( $, .RADIAN. ) );
#3087 = ORIENTED_EDGE ( 'NONE', *, *, #8950, .T. ) ;
#3088 = SURFACE_STYLE_USAGE ( .BOTH. , #6878 ) ;
#3089 = DIRECTION ( 'NONE',  ( -1.000000000000000078E-15, 1.000000000000000000, 0.000000000000000000 ) ) ;
#3090 = COLOUR_RGB ( '',0.9529411764705881804, 0.7960784313725489669, 0.4862745098039215619 ) ;
#3091 = FACE_BOUND ( 'NONE', #6873, .T. ) ;
#3092 = ORIENTED_EDGE ( 'NONE', *, *, #4820, .F. ) ;
#3093 = CARTESIAN_POINT ( 'NONE',  ( -65.53611111111108301, -10.44999999999999929, 3.000000000000031974 ) ) ;
#3094 = VECTOR ( 'NONE', #9933, 1000.000000000000000 ) ;
#3095 = CARTESIAN_POINT ( 'NONE',  ( -62.68194444444442581, -3.949999999999996181, 3.000000000000138112 ) ) ;
#3096 = DIRECTION ( 'NONE',  ( -1.000000000000000000, -1.000000000000000078E-15, -3.700000000000000011E-14 ) ) ;
#3097 = ORIENTED_EDGE ( 'NONE', *, *, #11940, .F. ) ;
#3098 = ORIENTED_EDGE ( 'NONE', *, *, #2623, .T. ) ;
#3099 = FACE_BOUND ( 'NONE', #6597, .T. ) ;
#3100 = PRESENTATION_STYLE_ASSIGNMENT (( #3954 ) ) ;
#3101 = SURFACE_STYLE_FILL_AREA ( #9669 ) ;
#3102 = EDGE_CURVE ( 'NONE', #6616, #8885, #1188, .T. ) ;
#3103 =( NAMED_UNIT ( * ) PLANE_ANGLE_UNIT ( ) SI_UNIT ( $, .RADIAN. ) );
#3104 = FILL_AREA_STYLE_COLOUR ( '', #245 ) ;
#3105 = DIRECTION ( 'NONE',  ( -3.825546163768862720E-14, -1.255461637688630224E-30, 1.000000000000000000 ) ) ;
#3106 = LINE ( 'NONE', #10660, #8366 ) ;
#3107 = DIRECTION ( 'NONE',  ( -1.000000000000000078E-15, 1.000000000000000000, 0.000000000000000000 ) ) ;
#3108 = VERTEX_POINT ( 'NONE', #6545 ) ;
#3109 = ORIENTED_EDGE ( 'NONE', *, *, #9940, .T. ) ;
#3110 = DIRECTION ( 'NONE',  ( -3.700000000000000011E-14, 0.000000000000000000, 1.000000000000000000 ) ) ;
#3111 = DIRECTION ( 'NONE',  ( -1.341104967744417741E-07, -1.341104967744417916E-22, 0.9999999999999910072 ) ) ;
#3112 = SURFACE_STYLE_USAGE ( .BOTH. , #11717 ) ;
#3113 = PRESENTATION_STYLE_ASSIGNMENT (( #1179 ) ) ;
#3114 = DIRECTION ( 'NONE',  ( 3.700000000000000011E-14, -0.000000000000000000, -1.000000000000000000 ) ) ;
#3115 = CARTESIAN_POINT ( 'NONE',  ( -68.35277777777777430, -10.45000000000000107, 3.299999999999927880 ) ) ;
#3116 = CARTESIAN_POINT ( 'NONE',  ( -62.09999999999999432, -3.949999999999995293, 3.300000000000159250 ) ) ;
#3117 = FACE_OUTER_BOUND ( 'NONE', #10436, .T. ) ;
#3118 = PRESENTATION_STYLE_ASSIGNMENT (( #10847 ) ) ;
#3119 = SURFACE_SIDE_STYLE ('',( #6968 ) ) ;
#3120 = ORIENTED_EDGE ( 'NONE', *, *, #3656, .F. ) ;
#3121 = EDGE_CURVE ( 'NONE', #9838, #1854, #5557, .T. ) ;
#3122 = SURFACE_STYLE_FILL_AREA ( #11727 ) ;
#3123 = EDGE_LOOP ( 'NONE', ( #8960, #2815, #4137, #8472, #45, #2444, #6703, #11200, #8379, #10565, #11216, #3841, #7702, #7289, #7795, #7083, #5419 ) ) ;
#3124 = ORIENTED_EDGE ( 'NONE', *, *, #3623, .F. ) ;
#3125 = VECTOR ( 'NONE', #3289, 1000.000000000000000 ) ;
#3126 = CARTESIAN_POINT ( 'NONE',  ( -68.35277777777776009, -3.950000000000001066, 2.999999999999928058 ) ) ;
#3127 = PLANE ( 'NONE',  #7524 ) ;
#3128 = EDGE_CURVE ( 'NONE', #3500, #695, #7918, .T. ) ;
#3129 =( NAMED_UNIT ( * ) SI_UNIT ( $, .STERADIAN. ) SOLID_ANGLE_UNIT ( ) );
#3130 = UNCERTAINTY_MEASURE_WITH_UNIT (LENGTH_MEASURE( 1.000000000000000082E-05 ), #9075, 'distance_accuracy_value', 'NONE');
#3131 = CARTESIAN_POINT ( 'NONE',  ( -63.18888888888887578, -10.44999999999999574, 3.300000000000118838 ) ) ;
#3132 = ADVANCED_FACE ( 'NONE', ( #11725 ), #5715, .T. ) ;
#3133 = FACE_OUTER_BOUND ( 'NONE', #10551, .T. ) ;
#3134 = EDGE_CURVE ( 'NONE', #6631, #2840, #12024, .T. ) ;
#3135 = DIRECTION ( 'NONE',  ( -1.000000000000000000, -1.000000000000000078E-15, -3.700000000000000011E-14 ) ) ;
#3136 = FILL_AREA_STYLE ('',( #5777 ) ) ;
#3137 = COLOUR_RGB ( '',0.6274509803921568540, 0.6274509803921568540, 0.6274509803921568540 ) ;
#3138 =( GEOMETRIC_REPRESENTATION_CONTEXT ( 3 ) GLOBAL_UNCERTAINTY_ASSIGNED_CONTEXT ( ( #5486 ) ) GLOBAL_UNIT_ASSIGNED_CONTEXT ( ( #4644, #8456, #4389 ) ) REPRESENTATION_CONTEXT ( 'NONE', 'WORKASPACE' ) );
#3139 = ORIENTED_EDGE ( 'NONE', *, *, #27, .T. ) ;
#3140 = ORIENTED_EDGE ( 'NONE', *, *, #8692, .T. ) ;
#3141 = ORIENTED_EDGE ( 'NONE', *, *, #9967, .T. ) ;
#3142 = ORIENTED_EDGE ( 'NONE', *, *, #1388, .F. ) ;
#3143 = DIRECTION ( 'NONE',  ( -0.7071067811865269226, 0.000000000000000000, -0.7071067811865681119 ) ) ;
#3144 =( LENGTH_UNIT ( ) NAMED_UNIT ( * ) SI_UNIT ( .MILLI., .METRE. ) );
#3145 = EDGE_LOOP ( 'NONE', ( #8851, #4600, #1641, #6348 ) ) ;
#3146 = CARTESIAN_POINT ( 'NONE',  ( -71.45000000000004547, -10.45000000000000462, 4.599999999999813127 ) ) ;
#3147 = SURFACE_SIDE_STYLE ('',( #2138 ) ) ;
#3148 = VECTOR ( 'NONE', #9144, 1000.000000000000000 ) ;
#3149 = PLANE ( 'NONE',  #9069 ) ;
#3150 = ORIENTED_EDGE ( 'NONE', *, *, #7158, .T. ) ;
#3151 = ORIENTED_EDGE ( 'NONE', *, *, #4537, .T. ) ;
#3152 = UNCERTAINTY_MEASURE_WITH_UNIT (LENGTH_MEASURE( 1.000000000000000082E-05 ), #10697, 'distance_accuracy_value', 'NONE');
#3154 = EDGE_CURVE ( 'NONE', #8735, #9557, #612, .T. ) ;
#3153 =( NAMED_UNIT ( * ) SI_UNIT ( $, .STERADIAN. ) SOLID_ANGLE_UNIT ( ) );
#3155 = SURFACE_SIDE_STYLE ('',( #11757 ) ) ;
#3156 =( LENGTH_UNIT ( ) NAMED_UNIT ( * ) SI_UNIT ( .MILLI., .METRE. ) );
#3157 = SURFACE_SIDE_STYLE ('',( #3101 ) ) ;
#3158 = MECHANICAL_DESIGN_GEOMETRIC_PRESENTATION_REPRESENTATION (  '', ( #563 ), #10193 ) ;
#3159 =( NAMED_UNIT ( * ) SI_UNIT ( $, .STERADIAN. ) SOLID_ANGLE_UNIT ( ) );
#3160 = MECHANICAL_DESIGN_GEOMETRIC_PRESENTATION_REPRESENTATION (  '', ( #1571 ), #9806 ) ;
#3161 = CARTESIAN_POINT ( 'NONE',  ( -69.76111111111110574, -3.950000000000002842, 3.299999999999875921 ) ) ;
#3162 = FILL_AREA_STYLE ('',( #400 ) ) ;
#3163 = EDGE_LOOP ( 'NONE', ( #8869, #2189, #2361, #2901 ) ) ;
#3164 = CARTESIAN_POINT ( 'NONE',  ( -66.47499999999998010, -10.44999999999999929, 2.999999999999997335 ) ) ;
#3165 = ADVANCED_FACE ( 'NONE', ( #1441 ), #4414, .F. ) ;
#3166 = ORIENTED_EDGE ( 'NONE', *, *, #2756, .F. ) ;
#3167 = STYLED_ITEM ( 'NONE', ( #339 ), #7930 ) ;
#3168 = ORIENTED_EDGE ( 'NONE', *, *, #6520, .F. ) ;
#3169 = CARTESIAN_POINT ( 'NONE',  ( -63.18888888888888999, -3.949999999999996181, 3.300000000000118838 ) ) ;
#3170 = ADVANCED_FACE ( 'NONE', ( #8044 ), #9049, .T. ) ;
#3171 = COLOUR_RGB ( '',0.9529411764705881804, 0.7960784313725489669, 0.4862745098039215619 ) ;
#3172 =( LENGTH_UNIT ( ) NAMED_UNIT ( * ) SI_UNIT ( .MILLI., .METRE. ) );
#3173 =( NAMED_UNIT ( * ) SI_UNIT ( $, .STERADIAN. ) SOLID_ANGLE_UNIT ( ) );
#3174 = DIRECTION ( 'NONE',  ( 3.421580731527764731E-14, -2.899748481385584827E-30, -1.000000000000000000 ) ) ;
#3175 = CARTESIAN_POINT ( 'NONE',  ( -70.51715728752533607, -10.45000000000000284, 2.417157287525228071 ) ) ;
#3176 = UNCERTAINTY_MEASURE_WITH_UNIT (LENGTH_MEASURE( 1.000000000000000082E-05 ), #12343, 'distance_accuracy_value', 'NONE');
#3177 = SURFACE_SIDE_STYLE ('',( #4882 ) ) ;
#3178 =( GEOMETRIC_REPRESENTATION_CONTEXT ( 3 ) GLOBAL_UNCERTAINTY_ASSIGNED_CONTEXT ( ( #10499 ) ) GLOBAL_UNIT_ASSIGNED_CONTEXT ( ( #8159, #11019, #12138 ) ) REPRESENTATION_CONTEXT ( 'NONE', 'WORKASPACE' ) );
#3179 =( LENGTH_UNIT ( ) NAMED_UNIT ( * ) SI_UNIT ( .MILLI., .METRE. ) );
#3180 =( GEOMETRIC_REPRESENTATION_CONTEXT ( 3 ) GLOBAL_UNCERTAINTY_ASSIGNED_CONTEXT ( ( #6851 ) ) GLOBAL_UNIT_ASSIGNED_CONTEXT ( ( #473, #7195, #7260 ) ) REPRESENTATION_CONTEXT ( 'NONE', 'WORKASPACE' ) );
#3181 = EDGE_CURVE ( 'NONE', #9717, #3933, #11908, .T. ) ;
#3182 = ORIENTED_EDGE ( 'NONE', *, *, #1591, .T. ) ;
#3183 = STYLED_ITEM ( 'NONE', ( #11008 ), #12072 ) ;
#3184 = ORIENTED_EDGE ( 'NONE', *, *, #9677, .F. ) ;
#3185 = EDGE_LOOP ( 'NONE', ( #1299, #10662, #7305, #11431 ) ) ;
#3186 = FILL_AREA_STYLE_COLOUR ( '', #9097 ) ;
#3187 = SURFACE_SIDE_STYLE ('',( #2172 ) ) ;
#3188 = VECTOR ( 'NONE', #10259, 1000.000000000000000 ) ;
#3189 = CARTESIAN_POINT ( 'NONE',  ( -66.81902440614794614, -5.865754152547689948, 2.299999999999984723 ) ) ;
#3190 = CIRCLE ( 'NONE', #7230, 0.2000000000000005107 ) ;
#3191 = DIRECTION ( 'NONE',  ( -1.000000000000000078E-15, 1.000000000000000000, 0.000000000000000000 ) ) ;
#3192 = CARTESIAN_POINT ( 'NONE',  ( -70.89999999999999147, -10.45000000000000462, 3.299999999999833733 ) ) ;
#3193 = STYLED_ITEM ( 'NONE', ( #12007 ), #122 ) ;
#3194 = DIRECTION ( 'NONE',  ( -1.000000000000000000, -1.000000000000000078E-15, -3.700000000000000011E-14 ) ) ;
#3195 = LINE ( 'NONE', #1338, #8220 ) ;
#3196 = PRESENTATION_LAYER_ASSIGNMENT (  '', '', ( #1606 ) ) ;
#3197 = PRESENTATION_LAYER_ASSIGNMENT (  '', '', ( #2597 ) ) ;
#3198 = ADVANCED_FACE ( 'NONE', ( #4351 ), #8356, .T. ) ;
#3199 = ORIENTED_EDGE ( 'NONE', *, *, #7327, .F. ) ;
#3200 = VERTEX_POINT ( 'NONE', #4597 ) ;
#3201 = ORIENTED_EDGE ( 'NONE', *, *, #298, .F. ) ;
#3202 = CARTESIAN_POINT ( 'NONE',  ( -66.84270045686480444, -8.240424250241819237, 2.299999999999983391 ) ) ;
#3203 = DIRECTION ( 'NONE',  ( -1.000000000000000078E-15, 1.000000000000000000, 0.000000000000000000 ) ) ;
#3204 = ORIENTED_EDGE ( 'NONE', *, *, #5727, .T. ) ;
#3205 = LINE ( 'NONE', #9079, #11175 ) ;
#3206 = MECHANICAL_DESIGN_GEOMETRIC_PRESENTATION_REPRESENTATION (  '', ( #12227 ), #5190 ) ;
#3207 = PRESENTATION_STYLE_ASSIGNMENT (( #2261 ) ) ;
#3208 = CARTESIAN_POINT ( 'NONE',  ( -66.84270045686480444, -8.240424250241819237, 2.309999999999984066 ) ) ;
#3209 = ORIENTED_EDGE ( 'NONE', *, *, #5488, .T. ) ;
#3210 = SURFACE_STYLE_FILL_AREA ( #3276 ) ;
#3211 = DIRECTION ( 'NONE',  ( -1.000000000000000078E-15, 1.000000000000000000, 0.000000000000000000 ) ) ;
#3212 = STYLED_ITEM ( 'NONE', ( #6818 ), #7352 ) ;
#3213 = VECTOR ( 'NONE', #5822, 1000.000000000000000 ) ;
#3214 = DIRECTION ( 'NONE',  ( 1.000000000000000000, 0.000000000000000000, 4.003208021485209118E-14 ) ) ;
#3215 = ORIENTED_EDGE ( 'NONE', *, *, #973, .F. ) ;
#3216 = ORIENTED_EDGE ( 'NONE', *, *, #6045, .T. ) ;
#3217 = CARTESIAN_POINT ( 'NONE',  ( -70.23431457505073183, -10.45000000000000284, 2.699999999999858513 ) ) ;
#3218 = VECTOR ( 'NONE', #797, 1000.000000000000000 ) ;
#3219 = EDGE_CURVE ( 'NONE', #6525, #3814, #676, .T. ) ;
#3220 = FACE_OUTER_BOUND ( 'NONE', #3813, .T. ) ;
#3221 = VECTOR ( 'NONE', #9810, 1000.000000000000000 ) ;
#3222 = VECTOR ( 'NONE', #5100, 1000.000000000000000 ) ;
#3223 = CARTESIAN_POINT ( 'NONE',  ( -66.43749999999998579, -3.949999999999999734, 2.999999999999998668 ) ) ;
#3224 = AXIS2_PLACEMENT_3D ( 'NONE', #7505, #8706, #11446 ) ;
#3225 = EDGE_LOOP ( 'NONE', ( #4265, #9946, #9530, #1386 ) ) ;
#3226 = STYLED_ITEM ( 'NONE', ( #4874 ), #3664 ) ;
#3227 = DIRECTION ( 'NONE',  ( -0.6878285594753009713, 0.7258731795362962647, -2.527374108194470085E-14 ) ) ;
#3228 =( NAMED_UNIT ( * ) SI_UNIT ( $, .STERADIAN. ) SOLID_ANGLE_UNIT ( ) );
#3229 = ORIENTED_EDGE ( 'NONE', *, *, #9696, .F. ) ;
#3230 = VERTEX_POINT ( 'NONE', #9363 ) ;
#3231 = CARTESIAN_POINT ( 'NONE',  ( -66.43999999999995509, -9.259094657478639689, 2.299999999999998490 ) ) ;
#3232 = LINE ( 'NONE', #5935, #3825 ) ;
#3233 = SURFACE_STYLE_USAGE ( .BOTH. , #1551 ) ;
#3234 = FACE_OUTER_BOUND ( 'NONE', #7, .T. ) ;
#3235 = FACE_OUTER_BOUND ( 'NONE', #9808, .T. ) ;
#3236 =( GEOMETRIC_REPRESENTATION_CONTEXT ( 3 ) GLOBAL_UNCERTAINTY_ASSIGNED_CONTEXT ( ( #12412 ) ) GLOBAL_UNIT_ASSIGNED_CONTEXT ( ( #3179, #2354, #9116 ) ) REPRESENTATION_CONTEXT ( 'NONE', 'WORKASPACE' ) );
#3237 = CARTESIAN_POINT ( 'NONE',  ( -65.44999999999994600, -7.949999999999998401, 2.300000000000035350 ) ) ;
#3238 = STYLED_ITEM ( 'NONE', ( #9016 ), #10732 ) ;
#3239 = EDGE_CURVE ( 'NONE', #4928, #1897, #12154, .T. ) ;
#3240 = DIRECTION ( 'NONE',  ( -3.700000000000000011E-14, 6.360191048344410484E-30, 1.000000000000000000 ) ) ;
#3241 = DIRECTION ( 'NONE',  ( -3.695877884809559986E-14, 4.122115190439933564E-32, 1.000000000000000000 ) ) ;
#3242 = DIRECTION ( 'NONE',  ( 3.700000000000000011E-14, -0.000000000000000000, -1.000000000000000000 ) ) ;
#3243 =( NAMED_UNIT ( * ) SI_UNIT ( $, .STERADIAN. ) SOLID_ANGLE_UNIT ( ) );
#3244 = ORIENTED_EDGE ( 'NONE', *, *, #11026, .T. ) ;
#3245 = FILL_AREA_STYLE ('',( #8047 ) ) ;
#3246 = EDGE_CURVE ( 'NONE', #6296, #6313, #7594, .T. ) ;
#3247 = AXIS2_PLACEMENT_3D ( 'NONE', #3709, #2913, #1962 ) ;
#3248 = VECTOR ( 'NONE', #5538, 1000.000000000000000 ) ;
#3249 = CIRCLE ( 'NONE', #11079, 0.1000000000000028644 ) ;
#3250 = VECTOR ( 'NONE', #1595, 1000.000000000000000 ) ;
#3251 = ORIENTED_EDGE ( 'NONE', *, *, #8750, .T. ) ;
#3252 = EDGE_LOOP ( 'NONE', ( #9656, #3798, #10166, #12030, #1949, #4069, #10538, #2378, #7967, #6535 ) ) ;
#3253 = PRESENTATION_LAYER_ASSIGNMENT (  '', '', ( #4852 ) ) ;
#3254 = MECHANICAL_DESIGN_GEOMETRIC_PRESENTATION_REPRESENTATION (  '', ( #9500 ), #8101 ) ;
#3255 = SURFACE_STYLE_FILL_AREA ( #6332 ) ;
#3256 = DIRECTION ( 'NONE',  ( 3.700000000000000011E-14, -0.000000000000000000, -1.000000000000000000 ) ) ;
#3257 = UNCERTAINTY_MEASURE_WITH_UNIT (LENGTH_MEASURE( 1.000000000000000082E-05 ), #8487, 'distance_accuracy_value', 'NONE');
#3258 = CARTESIAN_POINT ( 'NONE',  ( -71.53284271247461845, -10.45000000000000462, 3.432842712474428293 ) ) ;
#3259 = CARTESIAN_POINT ( 'NONE',  ( -69.14166666666665151, -3.950000000000001954, 3.074999999999898925 ) ) ;
#3260 = DIRECTION ( 'NONE',  ( -1.000000000000000078E-15, 1.000000000000000000, 0.000000000000000000 ) ) ;
#3261 = PRESENTATION_LAYER_ASSIGNMENT (  '', '', ( #5657 ) ) ;
#3262 = DIRECTION ( 'NONE',  ( -1.000000000000000000, -1.000000000000000078E-15, -3.700000000000000011E-14 ) ) ;
#3263 = VECTOR ( 'NONE', #6242, 1000.000000000000000 ) ;
#3264 = ORIENTED_EDGE ( 'NONE', *, *, #5722, .F. ) ;
#3265 = ORIENTED_EDGE ( 'NONE', *, *, #955, .T. ) ;
#3266 =( GEOMETRIC_REPRESENTATION_CONTEXT ( 3 ) GLOBAL_UNCERTAINTY_ASSIGNED_CONTEXT ( ( #1903 ) ) GLOBAL_UNIT_ASSIGNED_CONTEXT ( ( #5703, #1705, #7611 ) ) REPRESENTATION_CONTEXT ( 'NONE', 'WORKASPACE' ) );
#3267 =( NAMED_UNIT ( * ) SI_UNIT ( $, .STERADIAN. ) SOLID_ANGLE_UNIT ( ) );
#3268 = MECHANICAL_DESIGN_GEOMETRIC_PRESENTATION_REPRESENTATION (  '', ( #6074 ), #7898 ) ;
#3269 = FACE_OUTER_BOUND ( 'NONE', #321, .T. ) ;
#3270 = ORIENTED_EDGE ( 'NONE', *, *, #6649, .F. ) ;
#3271 = LINE ( 'NONE', #457, #5862 ) ;
#3272 = EDGE_CURVE ( 'NONE', #2011, #6631, #12289, .T. ) ;
#3273 =( LENGTH_UNIT ( ) NAMED_UNIT ( * ) SI_UNIT ( .MILLI., .METRE. ) );
#3274 = SURFACE_STYLE_FILL_AREA ( #11879 ) ;
#3275 = ORIENTED_EDGE ( 'NONE', *, *, #8305, .F. ) ;
#3276 = FILL_AREA_STYLE ('',( #579 ) ) ;
#3277 = PRESENTATION_LAYER_ASSIGNMENT (  '', '', ( #5257 ) ) ;
#3278 = FILL_AREA_STYLE_COLOUR ( '', #383 ) ;
#3279 =( NAMED_UNIT ( * ) PLANE_ANGLE_UNIT ( ) SI_UNIT ( $, .RADIAN. ) );
#3280 = ORIENTED_EDGE ( 'NONE', *, *, #6293, .F. ) ;
#3281 = SURFACE_STYLE_USAGE ( .BOTH. , #4204 ) ;
#3282 = PLANE ( 'NONE',  #7982 ) ;
#3283 = EDGE_CURVE ( 'NONE', #1424, #9491, #934, .T. ) ;
#3284 = EDGE_CURVE ( 'NONE', #190, #10974, #5643, .T. ) ;
#3285 = FACE_OUTER_BOUND ( 'NONE', #9954, .T. ) ;
#3286 = DIRECTION ( 'NONE',  ( 3.700000000000000011E-14, -0.000000000000000000, -1.000000000000000000 ) ) ;
#3287 = EDGE_CURVE ( 'NONE', #10974, #8342, #10341, .T. ) ;
#3288 = CARTESIAN_POINT ( 'NONE',  ( -63.18888888888887578, -3.949999999999996181, 3.000000000000119016 ) ) ;
#3289 = DIRECTION ( 'NONE',  ( -1.000000000000000078E-15, 1.000000000000000000, 0.000000000000000000 ) ) ;
#3290 = LINE ( 'NONE', #4464, #1585 ) ;
#3291 = VERTEX_POINT ( 'NONE', #2811 ) ;
#3292 = ORIENTED_EDGE ( 'NONE', *, *, #1430, .T. ) ;
#3293 = CARTESIAN_POINT ( 'NONE',  ( -66.94444444444444287, -3.950000000000000178, 3.224999999999980105 ) ) ;
#3294 = LINE ( 'NONE', #6196, #5746 ) ;
#3295 = DIRECTION ( 'NONE',  ( -1.000000000000000000, 0.000000000000000000, -3.469446951953515108E-14 ) ) ;
#3296 = DIRECTION ( 'NONE',  ( 1.000000000000000000, 0.000000000000000000, 4.003208021485209118E-14 ) ) ;
#3297 = SURFACE_SIDE_STYLE ('',( #11962 ) ) ;
#3298 = UNCERTAINTY_MEASURE_WITH_UNIT (LENGTH_MEASURE( 1.000000000000000082E-05 ), #6533, 'distance_accuracy_value', 'NONE');
#3299 = SURFACE_STYLE_USAGE ( .BOTH. , #6323 ) ;
#3300 = FILL_AREA_STYLE ('',( #7282 ) ) ;
#3301 = ORIENTED_EDGE ( 'NONE', *, *, #5569, .F. ) ;
#3302 = LINE ( 'NONE', #6073, #2513 ) ;
#3303 = VECTOR ( 'NONE', #1772, 1000.000000000000000 ) ;
#3304 = ORIENTED_EDGE ( 'NONE', *, *, #8157, .F. ) ;
#3305 = EDGE_LOOP ( 'NONE', ( #7757, #10440, #446, #1744 ) ) ;
#3306 = PRESENTATION_STYLE_ASSIGNMENT (( #2366 ) ) ;
#3307 = STYLED_ITEM ( 'NONE', ( #12156 ), #5384 ) ;
#3308 = CARTESIAN_POINT ( 'NONE',  ( -61.35000000000000853, -10.44999999999999396, 3.715685424949425997 ) ) ;
#3309 = CARTESIAN_POINT ( 'NONE',  ( -64.46568542494921417, -9.849999999999997868, 2.500000000000071498 ) ) ;
#3310 = CARTESIAN_POINT ( 'NONE',  ( -61.40857864376269504, -10.44999999999999396, 3.574264068712112774 ) ) ;
#3311 = CARTESIAN_POINT ( 'NONE',  ( -69.28431457505072899, -7.950000000000001954, 2.499999999999893863 ) ) ;
#3312 = DIRECTION ( 'NONE',  ( -3.700000000000000011E-14, 0.000000000000000000, 1.000000000000000000 ) ) ;
#3313 = DIRECTION ( 'NONE',  ( -1.000000000000000078E-15, 1.000000000000000000, 0.000000000000000000 ) ) ;
#3314 = ADVANCED_FACE ( 'NONE', ( #6453 ), #5687, .T. ) ;
#3315 = ORIENTED_EDGE ( 'NONE', *, *, #3489, .F. ) ;
#3316 = ORIENTED_EDGE ( 'NONE', *, *, #4777, .F. ) ;
#3317 = ADVANCED_FACE ( 'NONE', ( #2869 ), #8567, .F. ) ;
#3318 = CARTESIAN_POINT ( 'NONE',  ( -69.13431457505073752, -7.950000000000001954, 2.499999999999899192 ) ) ;
#3319 = COLOUR_RGB ( '',0.007843137254901960675, 0.007843137254901960675, 0.007843137254901960675 ) ;
#3320 = CARTESIAN_POINT ( 'NONE',  ( -66.38999999999995794, -4.915476664617918878, 2.300000000000000711 ) ) ;
#3321 = DIRECTION ( 'NONE',  ( 1.000000000000000078E-15, -1.000000000000000000, 0.000000000000000000 ) ) ;
#3322 = ORIENTED_EDGE ( 'NONE', *, *, #7656, .F. ) ;
#3323 = STYLED_ITEM ( 'NONE', ( #11225 ), #5854 ) ;
#3324 = CARTESIAN_POINT ( 'NONE',  ( -69.29166666666667140, -10.45000000000000284, 3.299999999999893241 ) ) ;
#3325 = CARTESIAN_POINT ( 'NONE',  ( -70.08055555555553440, -10.45000000000000284, 2.999999999999864109 ) ) ;
#3326 = STYLED_ITEM ( 'NONE', ( #11904 ), #1767 ) ;
#3327 = EDGE_LOOP ( 'NONE', ( #10522, #1121, #10564, #3827 ) ) ;
#3328 = EDGE_CURVE ( 'NONE', #1279, #10548, #4753, .T. ) ;
#3329 =( NAMED_UNIT ( * ) SI_UNIT ( $, .STERADIAN. ) SOLID_ANGLE_UNIT ( ) );
#3330 = CARTESIAN_POINT ( 'NONE',  ( -65.85555555555554008, -10.44999999999999929, 3.000000000000020428 ) ) ;
#3331 =( LENGTH_UNIT ( ) NAMED_UNIT ( * ) SI_UNIT ( .MILLI., .METRE. ) );
#3332 = EDGE_CURVE ( 'NONE', #8491, #10473, #1087, .T. ) ;
#3333 = PRESENTATION_LAYER_ASSIGNMENT (  '', '', ( #4935 ) ) ;
#3334 = FACE_OUTER_BOUND ( 'NONE', #7781, .T. ) ;
#3335 = DIRECTION ( 'NONE',  ( -1.000000000000000000, -1.000000000000000078E-15, -3.700000000000000011E-14 ) ) ;
#3336 = FILL_AREA_STYLE_COLOUR ( '', #7296 ) ;
#3337 = CARTESIAN_POINT ( 'NONE',  ( -68.20555555555669969, 1.099999999999998535, 4.099999999999933920 ) ) ;
#3338 = ORIENTED_EDGE ( 'NONE', *, *, #7410, .F. ) ;
#3339 =( NAMED_UNIT ( * ) PLANE_ANGLE_UNIT ( ) SI_UNIT ( $, .RADIAN. ) );
#3340 = EDGE_CURVE ( 'NONE', #8317, #12273, #6669, .T. ) ;
#3341 = ADVANCED_FACE ( 'NONE', ( #9272 ), #8329, .T. ) ;
#3342 = VERTEX_POINT ( 'NONE', #2831 ) ;
#3343 = VERTEX_POINT ( 'NONE', #10492 ) ;
#3344 = CARTESIAN_POINT ( 'NONE',  ( -67.84583333333331723, -3.950000000000001066, 2.999999999999946709 ) ) ;
#3345 =( NAMED_UNIT ( * ) SI_UNIT ( $, .STERADIAN. ) SOLID_ANGLE_UNIT ( ) );
#3346 =( GEOMETRIC_REPRESENTATION_CONTEXT ( 3 ) GLOBAL_UNCERTAINTY_ASSIGNED_CONTEXT ( ( #5063 ) ) GLOBAL_UNIT_ASSIGNED_CONTEXT ( ( #1287, #6162, #2193 ) ) REPRESENTATION_CONTEXT ( 'NONE', 'WORKASPACE' ) );
#3347 = EDGE_CURVE ( 'NONE', #11805, #4751, #3249, .T. ) ;
#3348 =( NAMED_UNIT ( * ) PLANE_ANGLE_UNIT ( ) SI_UNIT ( $, .RADIAN. ) );
#3349 = CARTESIAN_POINT ( 'NONE',  ( -62.56568542494920848, -10.44999999999999574, 2.700000000000142286 ) ) ;
#3350 = DIRECTION ( 'NONE',  ( 1.000000000000000000, 9.999999999999923863E-16, 3.700000000000010109E-14 ) ) ;
#3351 = LINE ( 'NONE', #7975, #12310 ) ;
#3352 =( NAMED_UNIT ( * ) SI_UNIT ( $, .STERADIAN. ) SOLID_ANGLE_UNIT ( ) );
#3353 = ORIENTED_EDGE ( 'NONE', *, *, #1093, .F. ) ;
#3354 = DIRECTION ( 'NONE',  ( 1.000000000000000078E-15, -1.000000000000000000, 0.000000000000000000 ) ) ;
#3355 = VECTOR ( 'NONE', #6480, 1000.000000000000000 ) ;
#3356 =( GEOMETRIC_REPRESENTATION_CONTEXT ( 3 ) GLOBAL_UNCERTAINTY_ASSIGNED_CONTEXT ( ( #963 ) ) GLOBAL_UNIT_ASSIGNED_CONTEXT ( ( #123, #5961, #3080 ) ) REPRESENTATION_CONTEXT ( 'NONE', 'WORKASPACE' ) );
#3357 = ORIENTED_EDGE ( 'NONE', *, *, #9209, .T. ) ;
#3358 = ORIENTED_EDGE ( 'NONE', *, *, #7752, .F. ) ;
#3359 = PLANE ( 'NONE',  #1848 ) ;
#3360 = FACE_OUTER_BOUND ( 'NONE', #5787, .T. ) ;
#3361 = FACE_OUTER_BOUND ( 'NONE', #11328, .T. ) ;
#3362 = CARTESIAN_POINT ( 'NONE',  ( -63.66568542494920280, -7.949999999999996625, 2.300000000000101519 ) ) ;
#3363 = UNCERTAINTY_MEASURE_WITH_UNIT (LENGTH_MEASURE( 1.000000000000000082E-05 ), #5677, 'distance_accuracy_value', 'NONE');
#3364 = MECHANICAL_DESIGN_GEOMETRIC_PRESENTATION_REPRESENTATION (  '', ( #7400 ), #10009 ) ;
#3365 = PRESENTATION_LAYER_ASSIGNMENT (  '', '', ( #5782 ) ) ;
#3366 = CARTESIAN_POINT ( 'NONE',  ( -71.25000000000001421, -10.45000000000000462, 3.715685424949058735 ) ) ;
#3367 = CARTESIAN_POINT ( 'NONE',  ( -67.73333333333332007, -10.45000000000000107, 3.299999999999950973 ) ) ;
#3368 = SURFACE_STYLE_USAGE ( .BOTH. , #5062 ) ;
#3369 = STYLED_ITEM ( 'NONE', ( #605 ), #11848 ) ;
#3370 = DIRECTION ( 'NONE',  ( 1.000000000000000000, 1.000000000000000078E-15, 3.701809683000205097E-14 ) ) ;
#3371 = DIRECTION ( 'NONE',  ( 0.000000000000000000, 1.000000000000000000, 0.000000000000000000 ) ) ;
#3372 = CARTESIAN_POINT ( 'NONE',  ( -69.14166666666665151, -3.950000000000001954, 2.999999999999898748 ) ) ;
#3373 = COLOUR_RGB ( '',0.9529411764705881804, 0.7960784313725489669, 0.4862745098039215619 ) ;
#3374 = ORIENTED_EDGE ( 'NONE', *, *, #9987, .T. ) ;
#3375 = VERTEX_POINT ( 'NONE', #6738 ) ;
#3376 =( GEOMETRIC_REPRESENTATION_CONTEXT ( 3 ) GLOBAL_UNCERTAINTY_ASSIGNED_CONTEXT ( ( #2058 ) ) GLOBAL_UNIT_ASSIGNED_CONTEXT ( ( #10240, #4248, #9130 ) ) REPRESENTATION_CONTEXT ( 'NONE', 'WORKASPACE' ) );
#3377 = UNCERTAINTY_MEASURE_WITH_UNIT (LENGTH_MEASURE( 1.000000000000000082E-05 ), #7571, 'distance_accuracy_value', 'NONE');
#3378 = CARTESIAN_POINT ( 'NONE',  ( -66.47499999999998010, -10.44999999999999929, 2.999999999999997335 ) ) ;
#3379 = LINE ( 'NONE', #4375, #2009 ) ;
#3380 = ORIENTED_EDGE ( 'NONE', *, *, #7349, .T. ) ;
#3381 = CARTESIAN_POINT ( 'NONE',  ( -64.91666666666665719, -3.949999999999997957, 3.300000000000054889 ) ) ;
#3382 = LINE ( 'NONE', #3324, #2671 ) ;
#3383 = VECTOR ( 'NONE', #2707, 1000.000000000000000 ) ;
#3384 = EDGE_CURVE ( 'NONE', #3710, #8190, #10552, .T. ) ;
#3385 =( GEOMETRIC_REPRESENTATION_CONTEXT ( 3 ) GLOBAL_UNCERTAINTY_ASSIGNED_CONTEXT ( ( #3298 ) ) GLOBAL_UNIT_ASSIGNED_CONTEXT ( ( #6533, #10485, #7741 ) ) REPRESENTATION_CONTEXT ( 'NONE', 'WORKASPACE' ) );
#3386 = AXIS2_PLACEMENT_3D ( 'NONE', #11522, #6814, #10638 ) ;
#3387 = SURFACE_STYLE_USAGE ( .BOTH. , #5076 ) ;
#3388 = EDGE_CURVE ( 'NONE', #9704, #9879, #1020, .T. ) ;
#3389 = LINE ( 'NONE', #1533, #2416 ) ;
#3390 = DIRECTION ( 'NONE',  ( -1.000000000000000000, -1.000000000000000078E-15, -3.700000000000000011E-14 ) ) ;
#3391 = AXIS2_PLACEMENT_3D ( 'NONE', #5031, #3961, #10831 ) ;
#3392 = MECHANICAL_DESIGN_GEOMETRIC_PRESENTATION_REPRESENTATION (  '', ( #8042 ), #2392 ) ;
#3393 = CARTESIAN_POINT ( 'NONE',  ( -70.54999999999998295, -3.950000000000003730, 2.999999999999846345 ) ) ;
#3394 =( NAMED_UNIT ( * ) PLANE_ANGLE_UNIT ( ) SI_UNIT ( $, .RADIAN. ) );
#3395 = EDGE_CURVE ( 'NONE', #9900, #10802, #10792, .T. ) ;
#3396 = CARTESIAN_POINT ( 'NONE',  ( -71.45000000000004547, -10.45000000000000462, 4.599999999999813127 ) ) ;
#3397 = CARTESIAN_POINT ( 'NONE',  ( -66.39999999951841403, -2.153835720861538849, 2.299999999999999822 ) ) ;
#3398 = CARTESIAN_POINT ( 'NONE',  ( -63.97777777777777430, -10.44999999999999751, 3.300000000000089972 ) ) ;
#3399 = LINE ( 'NONE', #3223, #3 ) ;
#3400 =( GEOMETRIC_REPRESENTATION_CONTEXT ( 3 ) GLOBAL_UNCERTAINTY_ASSIGNED_CONTEXT ( ( #9978 ) ) GLOBAL_UNIT_ASSIGNED_CONTEXT ( ( #10643, #5797, #10577 ) ) REPRESENTATION_CONTEXT ( 'NONE', 'WORKASPACE' ) );
#3401 = FILL_AREA_STYLE ('',( #531 ) ) ;
#3402 = VECTOR ( 'NONE', #9389, 1000.000000000000000 ) ;
#3403 = EDGE_LOOP ( 'NONE', ( #2443, #10228, #41, #127 ) ) ;
#3404 = ORIENTED_EDGE ( 'NONE', *, *, #10586, .T. ) ;
#3405 = DIRECTION ( 'NONE',  ( 1.000000000000000078E-15, -1.000000000000000000, 0.000000000000000000 ) ) ;
#3406 = CARTESIAN_POINT ( 'NONE',  ( -64.46568542494921417, -7.949999999999996625, 2.500000000000071498 ) ) ;
#3407 = DIRECTION ( 'NONE',  ( -3.700000000000000011E-14, 0.000000000000000000, 1.000000000000000000 ) ) ;
#3408 = EDGE_CURVE ( 'NONE', #9900, #2237, #11786, .T. ) ;
#3409 = COLOUR_RGB ( '',0.007843137254901960675, 0.007843137254901960675, 0.007843137254901960675 ) ;
#3410 = FILL_AREA_STYLE_COLOUR ( '', #12161 ) ;
#3411 = VECTOR ( 'NONE', #6375, 1000.000000000000000 ) ;
#3412 = EDGE_CURVE ( 'NONE', #8850, #9586, #238, .T. ) ;
#3413 = FILL_AREA_STYLE_COLOUR ( '', #648 ) ;
#3414 = CARTESIAN_POINT ( 'NONE',  ( -66.38999999999994373, -9.259094657478639689, 2.300000000000000711 ) ) ;
#3415 = DIRECTION ( 'NONE',  ( -1.000000000000000000, -1.000000000000000078E-15, -3.700000000000000011E-14 ) ) ;
#3416 = VERTEX_POINT ( 'NONE', #7161 ) ;
#3417 = DIRECTION ( 'NONE',  ( -1.000000000000000000, -1.000000000000000078E-15, -3.700000000000000011E-14 ) ) ;
#3418 = MECHANICAL_DESIGN_GEOMETRIC_PRESENTATION_REPRESENTATION (  '', ( #2630 ), #11658 ) ;
#3419 = ORIENTED_EDGE ( 'NONE', *, *, #9982, .T. ) ;
#3420 = EDGE_LOOP ( 'NONE', ( #8566, #5610, #12272, #381 ) ) ;
#3421 = ORIENTED_EDGE ( 'NONE', *, *, #10202, .F. ) ;
#3422 = DIRECTION ( 'NONE',  ( 1.000000000000000000, 9.999999999999923863E-16, 3.700000000000010109E-14 ) ) ;
#3423 = AXIS2_PLACEMENT_3D ( 'NONE', #10038, #4229, #2420 ) ;
#3424 = CARTESIAN_POINT ( 'NONE',  ( -64.91666666666665719, -10.44999999999999751, 3.000000000000055067 ) ) ;
#3425 = VECTOR ( 'NONE', #2774, 1000.000000000000000 ) ;
#3426 = LINE ( 'NONE', #6278, #4310 ) ;
#3427 = FILL_AREA_STYLE ('',( #10119 ) ) ;
#3428 = CARTESIAN_POINT ( 'NONE',  ( -65.53611111111108301, -10.44999999999999929, 3.000000000000031974 ) ) ;
#3429 = UNCERTAINTY_MEASURE_WITH_UNIT (LENGTH_MEASURE( 1.000000000000000082E-05 ), #2068, 'distance_accuracy_value', 'NONE');
#3430 = EDGE_CURVE ( 'NONE', #3482, #551, #2171, .T. ) ;
#3431 = DIRECTION ( 'NONE',  ( -1.000000000000000078E-15, 1.000000000000000000, 0.000000000000000000 ) ) ;
#3432 = LINE ( 'NONE', #11051, #9518 ) ;
#3433 = VECTOR ( 'NONE', #1562, 1000.000000000000000 ) ;
#3434 = PRESENTATION_LAYER_ASSIGNMENT (  '', '', ( #8892 ) ) ;
#3435 = COLOUR_RGB ( '',0.6274509803921568540, 0.6274509803921568540, 0.6274509803921568540 ) ;
#3436 = MECHANICAL_DESIGN_GEOMETRIC_PRESENTATION_REPRESENTATION (  '', ( #2643 ), #7477 ) ;
#3437 = STYLED_ITEM ( 'NONE', ( #6362 ), #2024 ) ;
#3438 = ORIENTED_EDGE ( 'NONE', *, *, #2097, .F. ) ;
#3439 = VERTEX_POINT ( 'NONE', #1328 ) ;
#3440 = LINE ( 'NONE', #10938, #34 ) ;
#3441 = FILL_AREA_STYLE_COLOUR ( '', #4595 ) ;
#3442 = SURFACE_STYLE_USAGE ( .BOTH. , #7304 ) ;
#3443 = EDGE_CURVE ( 'NONE', #6599, #4943, #7860, .T. ) ;
#3444 = MECHANICAL_DESIGN_GEOMETRIC_PRESENTATION_REPRESENTATION (  '', ( #7285 ), #2851 ) ;
#3445 = ORIENTED_EDGE ( 'NONE', *, *, #1464, .T. ) ;
#3446 = DIRECTION ( 'NONE',  ( 3.700000000000000011E-14, -0.000000000000000000, -1.000000000000000000 ) ) ;
#3447 = MECHANICAL_DESIGN_GEOMETRIC_PRESENTATION_REPRESENTATION (  '', ( #12282 ), #1678 ) ;
#3448 =( GEOMETRIC_REPRESENTATION_CONTEXT ( 3 ) GLOBAL_UNCERTAINTY_ASSIGNED_CONTEXT ( ( #1391 ) ) GLOBAL_UNIT_ASSIGNED_CONTEXT ( ( #5152, #2524, #11076 ) ) REPRESENTATION_CONTEXT ( 'NONE', 'WORKASPACE' ) );
#3449 = LINE ( 'NONE', #10073, #3618 ) ;
#3450 = CARTESIAN_POINT ( 'NONE',  ( -68.35277777777777430, -3.950000000000001066, 3.299999999999927880 ) ) ;
#3451 = VECTOR ( 'NONE', #6086, 1000.000000000000000 ) ;
#3452 = DIRECTION ( 'NONE',  ( -0.6623823368164242220, 0.7491659628370825885, -2.474830423272712003E-14 ) ) ;
#3453 = AXIS2_PLACEMENT_3D ( 'NONE', #6979, #1094, #4891 ) ;
#3454 = LINE ( 'NONE', #10142, #7252 ) ;
#3455 = LINE ( 'NONE', #11938, #718 ) ;
#3456 = VERTEX_POINT ( 'NONE', #2065 ) ;
#3457 = SURFACE_SIDE_STYLE ('',( #587 ) ) ;
#3458 = DIRECTION ( 'NONE',  ( -8.458023576909501199E-16, 1.000000000000000000, 5.708103253954433514E-30 ) ) ;
#3459 = SURFACE_STYLE_USAGE ( .BOTH. , #7191 ) ;
#3460 =( NAMED_UNIT ( * ) SI_UNIT ( $, .STERADIAN. ) SOLID_ANGLE_UNIT ( ) );
#3461 = AXIS2_PLACEMENT_3D ( 'NONE', #953, #4688, #5437 ) ;
#3462 = CARTESIAN_POINT ( 'NONE',  ( -65.31666666666781396, 1.100000000000002087, 4.050000000000040679 ) ) ;
#3463 = STYLED_ITEM ( 'NONE', ( #3741 ), #10344 ) ;
#3464 = LINE ( 'NONE', #1365, #11083 ) ;
#3465 = LINE ( 'NONE', #5588, #10479 ) ;
#3466 = CARTESIAN_POINT ( 'NONE',  ( -70.25000000000004263, -8.100000000000003197, 4.799999999999858602 ) ) ;
#3467 = VERTEX_POINT ( 'NONE', #4112 ) ;
#3468 = ORIENTED_EDGE ( 'NONE', *, *, #10049, .F. ) ;
#3470 = EDGE_CURVE ( 'NONE', #4976, #9106, #2115, .T. ) ;
#3469 =( NAMED_UNIT ( * ) PLANE_ANGLE_UNIT ( ) SI_UNIT ( $, .RADIAN. ) );
#3471 = DIRECTION ( 'NONE',  ( 3.700000000000000011E-14, -0.000000000000000000, -1.000000000000000000 ) ) ;
#3472 = EDGE_CURVE ( 'NONE', #3008, #2155, #9758, .T. ) ;
#3473 = SURFACE_STYLE_USAGE ( .BOTH. , #2411 ) ;
#3474 =( LENGTH_UNIT ( ) NAMED_UNIT ( * ) SI_UNIT ( .MILLI., .METRE. ) );
#3475 = CARTESIAN_POINT ( 'NONE',  ( -66.03888888889002828, -0.4499999999999990119, 4.250000000000013323 ) ) ;
#3476 = CARTESIAN_POINT ( 'NONE',  ( -66.01201378195158043, -5.807670578265018868, 2.310000000000014264 ) ) ;
#3477 = DIRECTION ( 'NONE',  ( 9.821109781064282613E-16, -1.000000000000000000, -6.618938100621565234E-31 ) ) ;
#3478 = FACE_OUTER_BOUND ( 'NONE', #7983, .T. ) ;
#3479 =( NAMED_UNIT ( * ) PLANE_ANGLE_UNIT ( ) SI_UNIT ( $, .RADIAN. ) );
#3480 = ORIENTED_EDGE ( 'NONE', *, *, #1749, .T. ) ;
#3481 = CARTESIAN_POINT ( 'NONE',  ( -67.34999999999996589, -9.950000000000001066, 2.499999999999964917 ) ) ;
#3482 = VERTEX_POINT ( 'NONE', #9809 ) ;
#3483 = VERTEX_POINT ( 'NONE', #7107 ) ;
#3484 = ADVANCED_FACE ( 'NONE', ( #7925 ), #2301, .T. ) ;
#3485 = PLANE ( 'NONE',  #214 ) ;
#3486 = LINE ( 'NONE', #1390, #1922 ) ;
#3487 = UNCERTAINTY_MEASURE_WITH_UNIT (LENGTH_MEASURE( 1.000000000000000082E-05 ), #11914, 'distance_accuracy_value', 'NONE');
#3488 = DIRECTION ( 'NONE',  ( -3.699999999999998749E-14, 9.860761315263910926E-32, 1.000000000000000000 ) ) ;
#3489 = EDGE_CURVE ( 'NONE', #8005, #10098, #1387, .T. ) ;
#3490 =( NAMED_UNIT ( * ) PLANE_ANGLE_UNIT ( ) SI_UNIT ( $, .RADIAN. ) );
#3491 = MECHANICAL_DESIGN_GEOMETRIC_PRESENTATION_REPRESENTATION (  '', ( #6119 ), #1329 ) ;
#3492 = ADVANCED_FACE ( 'NONE', ( #5176 ), #433, .F. ) ;
#3493 = EDGE_LOOP ( 'NONE', ( #971, #6871, #12011, #11258 ) ) ;
#3494 = EDGE_LOOP ( 'NONE', ( #12336, #1623, #11055, #2796 ) ) ;
#3495 = EDGE_CURVE ( 'NONE', #8818, #808, #8503, .T. ) ;
#3496 = CIRCLE ( 'NONE', #11554, 0.2000000000000000944 ) ;
#3497 =( NAMED_UNIT ( * ) PLANE_ANGLE_UNIT ( ) SI_UNIT ( $, .RADIAN. ) );
#3498 =( LENGTH_UNIT ( ) NAMED_UNIT ( * ) SI_UNIT ( .MILLI., .METRE. ) );
#3499 = EDGE_CURVE ( 'NONE', #7239, #2236, #2492, .T. ) ;
#3500 = VERTEX_POINT ( 'NONE', #9247 ) ;
#3501 = LINE ( 'NONE', #8385, #6799 ) ;
#3502 = EDGE_CURVE ( 'NONE', #103, #10750, #9371, .T. ) ;
#3503 = CARTESIAN_POINT ( 'NONE',  ( -71.39142135623731633, -10.45000000000000462, 3.574264068711742848 ) ) ;
#3504 = CARTESIAN_POINT ( 'NONE',  ( -70.23431457505071762, -10.45000000000000284, 2.499999999999858336 ) ) ;
#3505 = STYLED_ITEM ( 'NONE', ( #7103 ), #5298 ) ;
#3506 = PLANE ( 'NONE',  #356 ) ;
#3507 = FILL_AREA_STYLE_COLOUR ( '', #2585 ) ;
#3508 = VECTOR ( 'NONE', #5953, 1000.000000000000000 ) ;
#3509 = DIRECTION ( 'NONE',  ( 1.462592926927147979E-15, -1.000000000000000000, 1.711593829630447511E-29 ) ) ;
#3510 = PRESENTATION_LAYER_ASSIGNMENT (  '', '', ( #8972 ) ) ;
#3511 = AXIS2_PLACEMENT_3D ( 'NONE', #2280, #2339, #3227 ) ;
#3512 = ORIENTED_EDGE ( 'NONE', *, *, #1095, .T. ) ;
#3513 = FILL_AREA_STYLE ('',( #6303 ) ) ;
#3514 = VECTOR ( 'NONE', #4222, 1000.000000000000000 ) ;
#3515 = DIRECTION ( 'NONE',  ( -1.000000000000000000, -1.000000000000000078E-15, -3.700000000000000011E-14 ) ) ;
#3516 = DIRECTION ( 'NONE',  ( -1.000000000000000078E-15, 1.000000000000000000, 0.000000000000000000 ) ) ;
#3517 = SURFACE_STYLE_FILL_AREA ( #6432 ) ;
#3518 =( LENGTH_UNIT ( ) NAMED_UNIT ( * ) SI_UNIT ( .MILLI., .METRE. ) );
#3519 = MECHANICAL_DESIGN_GEOMETRIC_PRESENTATION_REPRESENTATION (  '', ( #9777 ), #3722 ) ;
#3520 =( LENGTH_UNIT ( ) NAMED_UNIT ( * ) SI_UNIT ( .MILLI., .METRE. ) );
#3521 = ADVANCED_FACE ( 'NONE', ( #2426 ), #3359, .F. ) ;
#3522 = STYLED_ITEM ( 'NONE', ( #5514 ), #1961 ) ;
#3523 = ORIENTED_EDGE ( 'NONE', *, *, #425, .F. ) ;
#3524 = VERTEX_POINT ( 'NONE', #683 ) ;
#3525 = SURFACE_STYLE_USAGE ( .BOTH. , #9230 ) ;
#3526 = CARTESIAN_POINT ( 'NONE',  ( -62.28284271247457582, -10.44999999999999574, 2.417157287525532716 ) ) ;
#3527 = STYLED_ITEM ( 'NONE', ( #4140 ), #1278 ) ;
#3528 = CARTESIAN_POINT ( 'NONE',  ( -65.83888888889002544, -0.4499999999999990119, 4.050000000000020250 ) ) ;
#3529 =( NAMED_UNIT ( * ) PLANE_ANGLE_UNIT ( ) SI_UNIT ( $, .RADIAN. ) );
#3530 = SURFACE_STYLE_USAGE ( .BOTH. , #10861 ) ;
#3531 = STYLED_ITEM ( 'NONE', ( #8527 ), #9024 ) ;
#3532 = CARTESIAN_POINT ( 'NONE',  ( -70.54999999808084965, -3.650000151991843023, 3.299999999999846612 ) ) ;
#3533 = CARTESIAN_POINT ( 'NONE',  ( -63.03888888888887720, -3.949999999999996181, 3.000000000000124345 ) ) ;
#3534 = DIRECTION ( 'NONE',  ( 1.000000000000000000, 1.000000000000000078E-15, 3.700000000000000011E-14 ) ) ;
#3536 = EDGE_CURVE ( 'NONE', #271, #1745, #8238, .T. ) ;
#3535 =( NAMED_UNIT ( * ) SI_UNIT ( $, .STERADIAN. ) SOLID_ANGLE_UNIT ( ) );
#3537 = ORIENTED_EDGE ( 'NONE', *, *, #2022, .F. ) ;
#3538 = EDGE_CURVE ( 'NONE', #11899, #2130, #2550, .T. ) ;
#3539 = ORIENTED_EDGE ( 'NONE', *, *, #4647, .T. ) ;
#3540 = EDGE_LOOP ( 'NONE', ( #2949, #8730, #11556, #9175 ) ) ;
#3541 = ORIENTED_EDGE ( 'NONE', *, *, #11542, .F. ) ;
#3542 = MECHANICAL_DESIGN_GEOMETRIC_PRESENTATION_REPRESENTATION (  '', ( #4346 ), #7187 ) ;
#3543 = FILL_AREA_STYLE_COLOUR ( '', #3821 ) ;
#3544 = FACE_OUTER_BOUND ( 'NONE', #9245, .T. ) ;
#3545 = FILL_AREA_STYLE ('',( #12166 ) ) ;
#3546 = EDGE_CURVE ( 'NONE', #11060, #1471, #10230, .T. ) ;
#3547 = DIRECTION ( 'NONE',  ( 1.000000000000000000, 0.000000000000000000, 4.770489558936248540E-14 ) ) ;
#3548 = UNCERTAINTY_MEASURE_WITH_UNIT (LENGTH_MEASURE( 1.000000000000000082E-05 ), #5027, 'distance_accuracy_value', 'NONE');
#3549 = CARTESIAN_POINT ( 'NONE',  ( -70.54999999999999716, -3.950000000000003730, 3.299999999999846612 ) ) ;
#3550 = COLOUR_RGB ( '',0.9529411764705881804, 0.7960784313725489669, 0.4862745098039215619 ) ;
#3551 = COLOUR_RGB ( '',0.007843137254901960675, 0.007843137254901960675, 0.007843137254901960675 ) ;
#3552 = ORIENTED_EDGE ( 'NONE', *, *, #3121, .F. ) ;
#3553 = FILL_AREA_STYLE ('',( #12110 ) ) ;
#3554 = VERTEX_POINT ( 'NONE', #1450 ) ;
#3555 = EDGE_LOOP ( 'NONE', ( #4371, #7420, #8501, #10388, #3911, #11654, #7159, #9514, #6124, #4912, #4602, #4802, #11715, #8705, #7301, #8175 ) ) ;
#3556 = DIRECTION ( 'NONE',  ( -1.000000000000000000, -1.000000000000000078E-15, -3.645695612925943688E-14 ) ) ;
#3557 = SURFACE_STYLE_FILL_AREA ( #10067 ) ;
#3558 = PRESENTATION_LAYER_ASSIGNMENT (  '', '', ( #3167 ) ) ;
#3559 = COLOUR_RGB ( '',0.9529411764705881804, 0.7960784313725489669, 0.4862745098039215619 ) ;
#3560 = MECHANICAL_DESIGN_GEOMETRIC_PRESENTATION_REPRESENTATION (  '', ( #1193 ), #7000 ) ;
#3561 = FILL_AREA_STYLE ('',( #8388 ) ) ;
#3562 = UNCERTAINTY_MEASURE_WITH_UNIT (LENGTH_MEASURE( 1.000000000000000082E-05 ), #9785, 'distance_accuracy_value', 'NONE');
#3563 = CARTESIAN_POINT ( 'NONE',  ( -66.39999999999997726, -2.153988700957759406, 2.500000000000000444 ) ) ;
#3564 = EDGE_CURVE ( 'NONE', #11100, #11474, #2364, .T. ) ;
#3565 = FACE_OUTER_BOUND ( 'NONE', #187, .T. ) ;
#3566 = CIRCLE ( 'NONE', #580, 2.549767123345839881 ) ;
#3567 = COLOUR_RGB ( '',0.007843137254901960675, 0.007843137254901960675, 0.007843137254901960675 ) ;
#3568 = CARTESIAN_POINT ( 'NONE',  ( -65.92201378195157702, -5.807670578265017980, 2.300000000000018030 ) ) ;
#3569 =( NAMED_UNIT ( * ) PLANE_ANGLE_UNIT ( ) SI_UNIT ( $, .RADIAN. ) );
#3570 = CARTESIAN_POINT ( 'NONE',  ( -70.37573593128804816, -10.45000000000000284, 2.558578643762543958 ) ) ;
#3571 = VERTEX_POINT ( 'NONE', #6210 ) ;
#3572 =( NAMED_UNIT ( * ) PLANE_ANGLE_UNIT ( ) SI_UNIT ( $, .RADIAN. ) );
#3573 = EDGE_CURVE ( 'NONE', #8720, #3599, #1696, .T. ) ;
#3574 = PLANE ( 'NONE',  #149 ) ;
#3575 = VECTOR ( 'NONE', #7166, 1000.000000000000000 ) ;
#3576 = SURFACE_STYLE_FILL_AREA ( #7640 ) ;
#3577 = MECHANICAL_DESIGN_GEOMETRIC_PRESENTATION_REPRESENTATION (  '', ( #8245 ), #5370 ) ;
#3578 = CARTESIAN_POINT ( 'NONE',  ( -64.44722222222220864, -10.44999999999999751, 3.300000000000072209 ) ) ;
#3579 = LINE ( 'NONE', #7444, #871 ) ;
#3580 = DIRECTION ( 'NONE',  ( -1.000000000000000078E-15, 1.000000000000000000, 0.000000000000000000 ) ) ;
#3581 = LINE ( 'NONE', #1908, #10014 ) ;
#3582 = ORIENTED_EDGE ( 'NONE', *, *, #135, .T. ) ;
#3583 = PRESENTATION_LAYER_ASSIGNMENT (  '', '', ( #8449 ) ) ;
#3584 = ORIENTED_EDGE ( 'NONE', *, *, #4194, .T. ) ;
#3585 = CARTESIAN_POINT ( 'NONE',  ( -71.44999999999998863, 1.549999999999995826, 2.699999999999828315 ) ) ;
#3586 = DIRECTION ( 'NONE',  ( -1.000000000000000078E-15, 1.000000000000000000, 0.000000000000000000 ) ) ;
#3587 = EDGE_CURVE ( 'NONE', #9606, #3467, #1259, .T. ) ;
#3588 = DIRECTION ( 'NONE',  ( 0.7071067811865833219, 0.000000000000000000, -0.7071067811865117125 ) ) ;
#3589 = LINE ( 'NONE', #5534, #1849 ) ;
#3590 = CIRCLE ( 'NONE', #11835, 0.06000000000000195455 ) ;
#3591 = FILL_AREA_STYLE_COLOUR ( '', #9091 ) ;
#3592 = MECHANICAL_DESIGN_GEOMETRIC_PRESENTATION_REPRESENTATION (  '', ( #11830 ), #1625 ) ;
#3593 = DIRECTION ( 'NONE',  ( 3.700000000000000011E-14, -0.000000000000000000, -1.000000000000000000 ) ) ;
#3594 = CARTESIAN_POINT ( 'NONE',  ( -65.38611111111109153, -10.44999999999999751, 3.000000000000037748 ) ) ;
#3595 = DIRECTION ( 'NONE',  ( -1.000000000000000078E-15, 1.000000000000000000, 0.000000000000000000 ) ) ;
#3596 = ORIENTED_EDGE ( 'NONE', *, *, #10233, .T. ) ;
#3597 =( NAMED_UNIT ( * ) SI_UNIT ( $, .STERADIAN. ) SOLID_ANGLE_UNIT ( ) );
#3598 = ORIENTED_EDGE ( 'NONE', *, *, #3538, .T. ) ;
#3599 = VERTEX_POINT ( 'NONE', #5695 ) ;
#3600 = ORIENTED_EDGE ( 'NONE', *, *, #6509, .F. ) ;
#3601 = VECTOR ( 'NONE', #1545, 1000.000000000000000 ) ;
#3602 = CARTESIAN_POINT ( 'NONE',  ( -61.90000000000003411, -0.7499998509883851749, 4.050000000000165912 ) ) ;
#3603 = CARTESIAN_POINT ( 'NONE',  ( -69.14166666666665151, -10.45000000000000284, 3.299999999999899014 ) ) ;
#3604 = MECHANICAL_DESIGN_GEOMETRIC_PRESENTATION_REPRESENTATION (  '', ( #8268 ), #10063 ) ;
#3605 = EDGE_CURVE ( 'NONE', #8, #8237, #1925, .T. ) ;
#3606 = UNCERTAINTY_MEASURE_WITH_UNIT (LENGTH_MEASURE( 1.000000000000000082E-05 ), #3474, 'distance_accuracy_value', 'NONE');
#3607 = CARTESIAN_POINT ( 'NONE',  ( -68.31715728752534744, -2.450000000000000622, 2.499999999999929390 ) ) ;
#3608 = SURFACE_SIDE_STYLE ('',( #2884 ) ) ;
#3609 = MECHANICAL_DESIGN_GEOMETRIC_PRESENTATION_REPRESENTATION (  '', ( #3817 ), #7666 ) ;
#3610 = FACE_OUTER_BOUND ( 'NONE', #7202, .T. ) ;
#3611 = SURFACE_STYLE_FILL_AREA ( #12303 ) ;
#3612 = SURFACE_STYLE_FILL_AREA ( #12170 ) ;
#3613 = ORIENTED_EDGE ( 'NONE', *, *, #5736, .F. ) ;
#3614 = CARTESIAN_POINT ( 'NONE',  ( -70.23431457505073183, -2.450000000000002398, 2.299999999999858602 ) ) ;
#3615 = AXIS2_PLACEMENT_3D ( 'NONE', #3970, #2052, #2160 ) ;
#3616 = COLOUR_RGB ( '',0.6274509803921568540, 0.6274509803921568540, 0.6274509803921568540 ) ;
#3617 = CIRCLE ( 'NONE', #6028, 0.2000000000000057288 ) ;
#3618 = VECTOR ( 'NONE', #642, 1000.000000000000000 ) ;
#3619 = ORIENTED_EDGE ( 'NONE', *, *, #5024, .T. ) ;
#3620 = EDGE_LOOP ( 'NONE', ( #60, #10550, #2879, #10599 ) ) ;
#3621 = CARTESIAN_POINT ( 'NONE',  ( -62.35000000000004405, -9.374999999999994671, 4.600000000000149747 ) ) ;
#3622 = PLANE ( 'NONE',  #3883 ) ;
#3623 = EDGE_CURVE ( 'NONE', #1897, #5705, #9563, .T. ) ;
#3624 = MECHANICAL_DESIGN_GEOMETRIC_PRESENTATION_REPRESENTATION (  '', ( #10269 ), #5420 ) ;
#3625 = VECTOR ( 'NONE', #3595, 1000.000000000000000 ) ;
#3626 = DIRECTION ( 'NONE',  ( -1.000000000000000000, -1.000000000000000078E-15, -3.700000000000000011E-14 ) ) ;
#3627 = COLOUR_RGB ( '',0.6274509803921568540, 0.6274509803921568540, 0.6274509803921568540 ) ;
#3628 = AXIS2_PLACEMENT_3D ( 'NONE', #9253, #2373, #3547 ) ;
#3629 = DIRECTION ( 'NONE',  ( -3.700000000000000011E-14, 0.000000000000000000, 1.000000000000000000 ) ) ;
#3630 = PRESENTATION_STYLE_ASSIGNMENT (( #4562 ) ) ;
#3631 = MECHANICAL_DESIGN_GEOMETRIC_PRESENTATION_REPRESENTATION (  '', ( #5229 ), #857 ) ;
#3632 = DIRECTION ( 'NONE',  ( -3.700000000000000011E-14, 0.000000000000000000, 1.000000000000000000 ) ) ;
#3633 = DIRECTION ( 'NONE',  ( -3.700000000000000011E-14, 0.000000000000000000, 1.000000000000000000 ) ) ;
#3634 = AXIS2_PLACEMENT_3D ( 'NONE', #11538, #7661, #12342 ) ;
#3635 =( GEOMETRIC_REPRESENTATION_CONTEXT ( 3 ) GLOBAL_UNCERTAINTY_ASSIGNED_CONTEXT ( ( #6149 ) ) GLOBAL_UNIT_ASSIGNED_CONTEXT ( ( #8624, #62, #4692 ) ) REPRESENTATION_CONTEXT ( 'NONE', 'WORKASPACE' ) );
#3636 = VECTOR ( 'NONE', #11807, 1000.000000000000000 ) ;
#3638 = DIRECTION ( 'NONE',  ( -3.700000000000000011E-14, 0.000000000000000000, 1.000000000000000000 ) ) ;
#3637 =( GEOMETRIC_REPRESENTATION_CONTEXT ( 3 ) GLOBAL_UNCERTAINTY_ASSIGNED_CONTEXT ( ( #6658 ) ) GLOBAL_UNIT_ASSIGNED_CONTEXT ( ( #5116, #8874, #3129 ) ) REPRESENTATION_CONTEXT ( 'NONE', 'WORKASPACE' ) );
#3639 = ORIENTED_EDGE ( 'NONE', *, *, #748, .F. ) ;
#3640 = CARTESIAN_POINT ( 'NONE',  ( -71.45000000000001705, -10.45000000000000462, 3.715685424949052518 ) ) ;
#3641 =( LENGTH_UNIT ( ) NAMED_UNIT ( * ) SI_UNIT ( .MILLI., .METRE. ) );
#3642 = SURFACE_STYLE_FILL_AREA ( #12260 ) ;
#3643 = UNCERTAINTY_MEASURE_WITH_UNIT (LENGTH_MEASURE( 1.000000000000000082E-05 ), #3993, 'distance_accuracy_value', 'NONE');
#3644 = SURFACE_SIDE_STYLE ('',( #3576 ) ) ;
#3645 = DIRECTION ( 'NONE',  ( 3.700000000000000011E-14, -0.000000000000000000, -1.000000000000000000 ) ) ;
#3646 = STYLED_ITEM ( 'NONE', ( #8843 ), #4869 ) ;
#3647 = EDGE_CURVE ( 'NONE', #1424, #1812, #6723, .T. ) ;
#3648 = AXIS2_PLACEMENT_3D ( 'NONE', #8325, #769, #7623 ) ;
#3649 = CARTESIAN_POINT ( 'NONE',  ( -64.15000000000003411, -8.099999999999996092, 4.600000000000083134 ) ) ;
#3650 =( LENGTH_UNIT ( ) NAMED_UNIT ( * ) SI_UNIT ( .MILLI., .METRE. ) );
#3651 = ORIENTED_EDGE ( 'NONE', *, *, #1417, .F. ) ;
#3652 = EDGE_LOOP ( 'NONE', ( #3019, #8943, #938, #7999 ) ) ;
#3653 = ORIENTED_EDGE ( 'NONE', *, *, #6103, .T. ) ;
#3654 = UNCERTAINTY_MEASURE_WITH_UNIT (LENGTH_MEASURE( 1.000000000000000082E-05 ), #11057, 'distance_accuracy_value', 'NONE');
#3655 = COLOUR_RGB ( '',0.007843137254901960675, 0.007843137254901960675, 0.007843137254901960675 ) ;
#3656 = EDGE_CURVE ( 'NONE', #452, #11865, #7080, .T. ) ;
#3657 = CARTESIAN_POINT ( 'NONE',  ( -67.88333333333331154, -10.45000000000000107, 2.999999999999945377 ) ) ;
#3658 =( NAMED_UNIT ( * ) PLANE_ANGLE_UNIT ( ) SI_UNIT ( $, .RADIAN. ) );
#3659 = CARTESIAN_POINT ( 'NONE',  ( -63.66568542494920280, -8.049999999999997158, 2.300000000000101519 ) ) ;
#3660 = PRESENTATION_LAYER_ASSIGNMENT (  '', '', ( #3463 ) ) ;
#3661 = EDGE_CURVE ( 'NONE', #11623, #6853, #1050, .T. ) ;
#3662 = FILL_AREA_STYLE_COLOUR ( '', #11162 ) ;
#3663 = CARTESIAN_POINT ( 'NONE',  ( -71.45000000000005969, 1.549999999999995826, 4.799999999999813305 ) ) ;
#3664 = ADVANCED_FACE ( 'NONE', ( #810 ), #8493, .F. ) ;
#3665 = SURFACE_STYLE_FILL_AREA ( #12398 ) ;
#3666 = DIRECTION ( 'NONE',  ( -0.9992356792788540387, 0.03909037293409970554, -3.418965546475584628E-14 ) ) ;
#3667 = CARTESIAN_POINT ( 'NONE',  ( -66.89876734635693367, -4.925102411596889773, 2.309999999999981846 ) ) ;
#3668 = SURFACE_STYLE_FILL_AREA ( #1618 ) ;
#3669 = DIRECTION ( 'NONE',  ( 3.700000000000000011E-14, -0.000000000000000000, -1.000000000000000000 ) ) ;
#3670 = ORIENTED_EDGE ( 'NONE', *, *, #10620, .F. ) ;
#3671 =( GEOMETRIC_REPRESENTATION_CONTEXT ( 3 ) GLOBAL_UNCERTAINTY_ASSIGNED_CONTEXT ( ( #2666 ) ) GLOBAL_UNIT_ASSIGNED_CONTEXT ( ( #6266, #4045, #420 ) ) REPRESENTATION_CONTEXT ( 'NONE', 'WORKASPACE' ) );
#3672 = VERTEX_POINT ( 'NONE', #7537 ) ;
#3673 = STYLED_ITEM ( 'NONE', ( #988 ), #394 ) ;
#3674 = VERTEX_POINT ( 'NONE', #1983 ) ;
#3675 = ORIENTED_EDGE ( 'NONE', *, *, #10469, .F. ) ;
#3676 = DIRECTION ( 'NONE',  ( -1.000000000000000078E-15, 1.000000000000000000, 0.000000000000000000 ) ) ;
#3677 = PLANE ( 'NONE',  #1741 ) ;
#3678 = PLANE ( 'NONE',  #4407 ) ;
#3679 = SURFACE_SIDE_STYLE ('',( #6661 ) ) ;
#3680 = SURFACE_STYLE_FILL_AREA ( #6402 ) ;
#3681 = STYLED_ITEM ( 'NONE', ( #10738 ), #969 ) ;
#3682 = FILL_AREA_STYLE_COLOUR ( '', #6224 ) ;
#3683 = VERTEX_POINT ( 'NONE', #8675 ) ;
#3684 = DIRECTION ( 'NONE',  ( -1.000000000000000078E-15, 1.000000000000000000, 0.000000000000000000 ) ) ;
#3685 = EDGE_LOOP ( 'NONE', ( #2871, #11963, #635, #4917 ) ) ;
#3686 = VERTEX_POINT ( 'NONE', #11354 ) ;
#3687 = CARTESIAN_POINT ( 'NONE',  ( -71.45000000000005969, 1.549999999999995826, 4.599999999999813127 ) ) ;
#3688 = LINE ( 'NONE', #2644, #10463 ) ;
#3689 = FILL_AREA_STYLE ('',( #9221 ) ) ;
#3690 = LINE ( 'NONE', #10627, #982 ) ;
#3691 = EDGE_CURVE ( 'NONE', #2746, #1745, #2880, .T. ) ;
#3692 = PRESENTATION_STYLE_ASSIGNMENT (( #4567 ) ) ;
#3693 = ORIENTED_EDGE ( 'NONE', *, *, #3922, .T. ) ;
#3694 = EDGE_LOOP ( 'NONE', ( #2153, #11482, #11685, #5311 ) ) ;
#3695 = FILL_AREA_STYLE ('',( #12323 ) ) ;
#3696 = CARTESIAN_POINT ( 'NONE',  ( -71.65000000000004832, 1.549999999999995826, 4.599999999999806022 ) ) ;
#3697 = VERTEX_POINT ( 'NONE', #5616 ) ;
#3698 = FACE_OUTER_BOUND ( 'NONE', #8886, .T. ) ;
#3699 =( LENGTH_UNIT ( ) NAMED_UNIT ( * ) SI_UNIT ( .MILLI., .METRE. ) );
#3700 =( NAMED_UNIT ( * ) SI_UNIT ( $, .STERADIAN. ) SOLID_ANGLE_UNIT ( ) );
#3701 = PRESENTATION_LAYER_ASSIGNMENT (  '', '', ( #9162 ) ) ;
#3702 = PRESENTATION_STYLE_ASSIGNMENT (( #9344 ) ) ;
#3703 = DIRECTION ( 'NONE',  ( -1.000000000000000000, -1.000000000000000078E-15, -3.700000000000000011E-14 ) ) ;
#3704 = DIRECTION ( 'NONE',  ( 1.000000000000000000, 1.000000000000000078E-15, 3.701809683000205097E-14 ) ) ;
#3705 = DIRECTION ( 'NONE',  ( -1.000000000000000000, -1.000000000000000078E-15, -3.700000000000000011E-14 ) ) ;
#3706 = CARTESIAN_POINT ( 'NONE',  ( -62.95000000000114682, -0.4499999999999955147, 4.250000000000127898 ) ) ;
#3707 = EDGE_CURVE ( 'NONE', #11609, #6599, #8555, .T. ) ;
#3708 = MECHANICAL_DESIGN_GEOMETRIC_PRESENTATION_REPRESENTATION (  '', ( #7762 ), #7558 ) ;
#3709 = CARTESIAN_POINT ( 'NONE',  ( -70.15555555555555145, -3.950000000000002842, 3.149999999999861355 ) ) ;
#3710 = VERTEX_POINT ( 'NONE', #3863 ) ;
#3711 = ORIENTED_EDGE ( 'NONE', *, *, #2359, .F. ) ;
#3712 = FACE_OUTER_BOUND ( 'NONE', #6840, .T. ) ;
#3713 = DIRECTION ( 'NONE',  ( -1.000000000000000000, -1.000000000000000078E-15, -3.448907672462272700E-14 ) ) ;
#3714 = CIRCLE ( 'NONE', #10758, 0.2000000000000048683 ) ;
#3715 = DIRECTION ( 'NONE',  ( 3.700000000000000011E-14, 3.700000000000000308E-29, -1.000000000000000000 ) ) ;
#3716 = VECTOR ( 'NONE', #7341, 1000.000000000000000 ) ;
#3717 = CARTESIAN_POINT ( 'NONE',  ( -61.40857864376270214, 5.204170427930421283E-15, 3.574264068712112774 ) ) ;
#3718 = SURFACE_STYLE_FILL_AREA ( #10458 ) ;
#3719 = FILL_AREA_STYLE ('',( #8479 ) ) ;
#3720 = CARTESIAN_POINT ( 'NONE',  ( -67.73333333333330586, -10.45000000000000107, 2.999999999999950706 ) ) ;
#3721 = PRESENTATION_STYLE_ASSIGNMENT (( #3850 ) ) ;
#3722 =( GEOMETRIC_REPRESENTATION_CONTEXT ( 3 ) GLOBAL_UNCERTAINTY_ASSIGNED_CONTEXT ( ( #9751 ) ) GLOBAL_UNIT_ASSIGNED_CONTEXT ( ( #5166, #7152, #10966 ) ) REPRESENTATION_CONTEXT ( 'NONE', 'WORKASPACE' ) );
#3723 = DIRECTION ( 'NONE',  ( 1.000000000000000078E-15, -1.000000000000000000, 0.000000000000000000 ) ) ;
#3724 = DIRECTION ( 'NONE',  ( -1.000000000000000078E-15, 1.000000000000000000, 0.000000000000000000 ) ) ;
#3725 = EDGE_CURVE ( 'NONE', #8317, #11798, #7734, .T. ) ;
#3726 = ORIENTED_EDGE ( 'NONE', *, *, #6036, .F. ) ;
#3727 = ADVANCED_FACE ( 'NONE', ( #3734 ), #2935, .T. ) ;
#3728 = SURFACE_SIDE_STYLE ('',( #6387 ) ) ;
#3729 = PRESENTATION_LAYER_ASSIGNMENT (  '', '', ( #9185 ) ) ;
#3730 = FILL_AREA_STYLE_COLOUR ( '', #11000 ) ;
#3731 = EDGE_LOOP ( 'NONE', ( #726, #9006, #10870, #5949 ) ) ;
#3732 = ORIENTED_EDGE ( 'NONE', *, *, #9903, .T. ) ;
#3733 = ORIENTED_EDGE ( 'NONE', *, *, #2271, .F. ) ;
#3734 = FACE_OUTER_BOUND ( 'NONE', #9340, .T. ) ;
#3735 = PRESENTATION_STYLE_ASSIGNMENT (( #12226 ) ) ;
#3736 = SURFACE_SIDE_STYLE ('',( #6589 ) ) ;
#3737 = UNCERTAINTY_MEASURE_WITH_UNIT (LENGTH_MEASURE( 1.000000000000000082E-05 ), #9912, 'distance_accuracy_value', 'NONE');
#3738 = CARTESIAN_POINT ( 'NONE',  ( -61.35000000000004405, -10.44999999999999396, 4.600000000000187050 ) ) ;
#3739 =( LENGTH_UNIT ( ) NAMED_UNIT ( * ) SI_UNIT ( .MILLI., .METRE. ) );
#3740 = PRESENTATION_STYLE_ASSIGNMENT (( #7738 ) ) ;
#3741 = PRESENTATION_STYLE_ASSIGNMENT (( #1751 ) ) ;
#3742 = VECTOR ( 'NONE', #29, 1000.000000000000000 ) ;
#3743 = ORIENTED_EDGE ( 'NONE', *, *, #8380, .F. ) ;
#3744 = SURFACE_SIDE_STYLE ('',( #10359 ) ) ;
#3745 = VERTEX_POINT ( 'NONE', #10725 ) ;
#3746 = ORIENTED_EDGE ( 'NONE', *, *, #4454, .F. ) ;
#3747 = UNCERTAINTY_MEASURE_WITH_UNIT (LENGTH_MEASURE( 1.000000000000000082E-05 ), #1841, 'distance_accuracy_value', 'NONE');
#3748 = SURFACE_STYLE_USAGE ( .BOTH. , #7553 ) ;
#3749 = UNCERTAINTY_MEASURE_WITH_UNIT (LENGTH_MEASURE( 1.000000000000000082E-05 ), #9797, 'distance_accuracy_value', 'NONE');
#3750 = AXIS2_PLACEMENT_3D ( 'NONE', #3687, #5504, #4696 ) ;
#3751 = MECHANICAL_DESIGN_GEOMETRIC_PRESENTATION_REPRESENTATION (  '', ( #3940 ), #4541 ) ;
#3752 = DIRECTION ( 'NONE',  ( 1.000000000000000078E-15, -1.000000000000000000, 0.000000000000000000 ) ) ;
#3753 = DIRECTION ( 'NONE',  ( 0.7071067811865788810, 1.084202172485497926E-15, -0.7071067811865160424 ) ) ;
#3754 =( LENGTH_UNIT ( ) NAMED_UNIT ( * ) SI_UNIT ( .MILLI., .METRE. ) );
#3755 = DIRECTION ( 'NONE',  ( 1.000000000000000078E-15, -1.000000000000000000, 0.000000000000000000 ) ) ;
#3756 = VECTOR ( 'NONE', #5877, 1000.000000000000000 ) ;
#3757 = ORIENTED_EDGE ( 'NONE', *, *, #3502, .F. ) ;
#3758 = PRESENTATION_LAYER_ASSIGNMENT (  '', '', ( #5615 ) ) ;
#3759 = VERTEX_POINT ( 'NONE', #8792 ) ;
#3760 = COLOUR_RGB ( '',0.05882352941176470507, 0.3921568627450980338, 0.7019607843137254388 ) ;
#3761 = PRESENTATION_STYLE_ASSIGNMENT (( #2711 ) ) ;
#3762 = LINE ( 'NONE', #11382, #8752 ) ;
#3763 = EDGE_LOOP ( 'NONE', ( #1560, #12362, #986, #4887 ) ) ;
#3764 = CARTESIAN_POINT ( 'NONE',  ( -64.35000000000005116, -9.499999999999998224, 4.600000000000076028 ) ) ;
#3765 = DIRECTION ( 'NONE',  ( -1.000000000000000000, -9.999999999999923863E-16, -3.700000000000000011E-14 ) ) ;
#3766 = CARTESIAN_POINT ( 'NONE',  ( -66.91876734635691548, -4.916632059693410994, 2.299999999999980727 ) ) ;
#3767 = EDGE_CURVE ( 'NONE', #10466, #8802, #2287, .T. ) ;
#3768 = FACE_OUTER_BOUND ( 'NONE', #9143, .T. ) ;
#3769 = MECHANICAL_DESIGN_GEOMETRIC_PRESENTATION_REPRESENTATION (  '', ( #4364 ), #3180 ) ;
#3770 = DIRECTION ( 'NONE',  ( -3.700000000000000011E-14, 0.000000000000000000, 1.000000000000000000 ) ) ;
#3771 = SURFACE_STYLE_FILL_AREA ( #3893 ) ;
#3772 = EDGE_CURVE ( 'NONE', #6667, #8720, #3617, .T. ) ;
#3773 = STYLED_ITEM ( 'NONE', ( #2716 ), #12173 ) ;
#3774 = DIRECTION ( 'NONE',  ( -3.448907672462272700E-14, 2.510923275377270607E-30, 1.000000000000000000 ) ) ;
#3775 = CARTESIAN_POINT ( 'NONE',  ( -68.20277777777776862, -10.45000000000000107, 2.999999999999933387 ) ) ;
#3776 = VERTEX_POINT ( 'NONE', #8981 ) ;
#3777 = VECTOR ( 'NONE', #6612, 1000.000000000000000 ) ;
#3778 = ORIENTED_EDGE ( 'NONE', *, *, #4483, .F. ) ;
#3779 = UNCERTAINTY_MEASURE_WITH_UNIT (LENGTH_MEASURE( 1.000000000000000082E-05 ), #1476, 'distance_accuracy_value', 'NONE');
#3780 = VECTOR ( 'NONE', #2435, 1000.000000000000000 ) ;
#3781 = CARTESIAN_POINT ( 'NONE',  ( -70.23431457505073183, -2.450000000000002398, 2.299999999999858602 ) ) ;
#3782 =( LENGTH_UNIT ( ) NAMED_UNIT ( * ) SI_UNIT ( .MILLI., .METRE. ) );
#3783 = FILL_AREA_STYLE ('',( #732 ) ) ;
#3784 = SURFACE_STYLE_USAGE ( .BOTH. , #2732 ) ;
#3785 = FACE_OUTER_BOUND ( 'NONE', #340, .T. ) ;
#3786 = DIRECTION ( 'NONE',  ( -1.000000000000000000, -1.000000000000000078E-15, -3.700000000000000011E-14 ) ) ;
#3787 = DIRECTION ( 'NONE',  ( 6.938893903907224591E-14, 0.000000000000000000, -1.000000000000000000 ) ) ;
#3788 =( NAMED_UNIT ( * ) PLANE_ANGLE_UNIT ( ) SI_UNIT ( $, .RADIAN. ) );
#3789 = SURFACE_SIDE_STYLE ('',( #6715 ) ) ;
#3790 = DIRECTION ( 'NONE',  ( -1.000000000000000000, 0.000000000000000000, -3.903127820947704260E-14 ) ) ;
#3791 = DIRECTION ( 'NONE',  ( -1.000000000000000078E-15, 1.000000000000000000, -3.700000000000000308E-29 ) ) ;
#3792 = COLOUR_RGB ( '',0.9529411764705881804, 0.7960784313725489669, 0.4862745098039215619 ) ;
#3793 = ORIENTED_EDGE ( 'NONE', *, *, #7904, .F. ) ;
#3794 =( NAMED_UNIT ( * ) PLANE_ANGLE_UNIT ( ) SI_UNIT ( $, .RADIAN. ) );
#3795 = STYLED_ITEM ( 'NONE', ( #1750 ), #12361 ) ;
#3796 = ORIENTED_EDGE ( 'NONE', *, *, #1568, .T. ) ;
#3797 = EDGE_CURVE ( 'NONE', #8948, #11296, #9971, .T. ) ;
#3798 = ORIENTED_EDGE ( 'NONE', *, *, #6488, .T. ) ;
#3799 = EDGE_LOOP ( 'NONE', ( #1149, #2047, #9370, #8438, #10376, #3038, #2082, #4990 ) ) ;
#3800 = DIRECTION ( 'NONE',  ( 3.700000000000000011E-14, -0.000000000000000000, -1.000000000000000000 ) ) ;
#3801 = MECHANICAL_DESIGN_GEOMETRIC_PRESENTATION_REPRESENTATION (  '', ( #812 ), #193 ) ;
#3802 = EDGE_CURVE ( 'NONE', #10332, #9638, #2101, .T. ) ;
#3803 = FILL_AREA_STYLE ('',( #8558 ) ) ;
#3804 = VECTOR ( 'NONE', #1515, 1000.000000000000000 ) ;
#3805 = CYLINDRICAL_SURFACE ( 'NONE', #4224, 0.06000000000000195455 ) ;
#3806 = PRESENTATION_STYLE_ASSIGNMENT (( #12418 ) ) ;
#3807 = UNCERTAINTY_MEASURE_WITH_UNIT (LENGTH_MEASURE( 1.000000000000000082E-05 ), #8461, 'distance_accuracy_value', 'NONE');
#3808 = PRESENTATION_STYLE_ASSIGNMENT (( #11363 ) ) ;
#3809 = ORIENTED_EDGE ( 'NONE', *, *, #2623, .F. ) ;
#3810 = FILL_AREA_STYLE_COLOUR ( '', #4446 ) ;
#3811 = VECTOR ( 'NONE', #1158, 1000.000000000000000 ) ;
#3812 = COLOUR_RGB ( '',0.9529411764705881804, 0.7960784313725489669, 0.4862745098039215619 ) ;
#3813 = EDGE_LOOP ( 'NONE', ( #313, #2384, #11229, #1215 ) ) ;
#3814 = VERTEX_POINT ( 'NONE', #3169 ) ;
#3815 = CARTESIAN_POINT ( 'NONE',  ( -63.66568542494920280, -9.849999999999996092, 2.300000000000101519 ) ) ;
#3816 = CARTESIAN_POINT ( 'NONE',  ( -66.30000000000114824, 1.100000000000000311, 4.150000000000011902 ) ) ;
#3817 = STYLED_ITEM ( 'NONE', ( #3721 ), #2248 ) ;
#3818 = EDGE_CURVE ( 'NONE', #5734, #11560, #9747, .T. ) ;
#3819 = EDGE_CURVE ( 'NONE', #9106, #2927, #3232, .T. ) ;
#3820 = PRESENTATION_STYLE_ASSIGNMENT (( #247 ) ) ;
#3821 = COLOUR_RGB ( '',0.9529411764705881804, 0.7960784313725489669, 0.4862745098039215619 ) ;
#3822 = UNCERTAINTY_MEASURE_WITH_UNIT (LENGTH_MEASURE( 1.000000000000000082E-05 ), #11634, 'distance_accuracy_value', 'NONE');
#3823 = STYLED_ITEM ( 'NONE', ( #4836 ), #4073 ) ;
#3824 = DIRECTION ( 'NONE',  ( 3.700000000000000011E-14, -0.000000000000000000, -1.000000000000000000 ) ) ;
#3825 = VECTOR ( 'NONE', #3969, 1000.000000000000000 ) ;
#3826 = ORIENTED_EDGE ( 'NONE', *, *, #277, .T. ) ;
#3827 = ORIENTED_EDGE ( 'NONE', *, *, #12420, .T. ) ;
#3828 = VERTEX_POINT ( 'NONE', #11770 ) ;
#3829 = CARTESIAN_POINT ( 'NONE',  ( -70.08055555555554861, -10.45000000000000284, 3.299999999999863931 ) ) ;
#3830 = ORIENTED_EDGE ( 'NONE', *, *, #5869, .F. ) ;
#3831 = LINE ( 'NONE', #7761, #10226 ) ;
#3832 = SURFACE_STYLE_USAGE ( .BOTH. , #11574 ) ;
#3833 = FILL_AREA_STYLE ('',( #9598 ) ) ;
#3834 = DIRECTION ( 'NONE',  ( 1.000000000000000078E-15, -1.000000000000000000, 0.000000000000000000 ) ) ;
#3835 = PRESENTATION_LAYER_ASSIGNMENT (  '', '', ( #10269 ) ) ;
#3836 = VECTOR ( 'NONE', #9362, 1000.000000000000114 ) ;
#3837 = LINE ( 'NONE', #6436, #5171 ) ;
#3838 = VECTOR ( 'NONE', #4810, 1000.000000000000000 ) ;
#3839 = AXIS2_PLACEMENT_3D ( 'NONE', #1233, #6948, #5871 ) ;
#3840 = COLOUR_RGB ( '',0.9529411764705881804, 0.7960784313725489669, 0.4862745098039215619 ) ;
#3841 = ORIENTED_EDGE ( 'NONE', *, *, #4454, .T. ) ;
#3842 = ORIENTED_EDGE ( 'NONE', *, *, #5711, .F. ) ;
#3843 = DIRECTION ( 'NONE',  ( -1.000000000000000078E-15, 1.000000000000000000, 0.000000000000000000 ) ) ;
#3844 = LINE ( 'NONE', #2922, #2337 ) ;
#3845 = PRESENTATION_STYLE_ASSIGNMENT (( #8661 ) ) ;
#3846 = STYLED_ITEM ( 'NONE', ( #2526 ), #4951 ) ;
#3847 = FILL_AREA_STYLE_COLOUR ( '', #445 ) ;
#3848 = STYLED_ITEM ( 'NONE', ( #3702 ), #9823 ) ;
#3849 = CARTESIAN_POINT ( 'NONE',  ( -61.35000000000004405, -10.44999999999999396, 4.600000000000187050 ) ) ;
#3850 = SURFACE_STYLE_USAGE ( .BOTH. , #36 ) ;
#3851 = LINE ( 'NONE', #2262, #7317 ) ;
#3852 =( LENGTH_UNIT ( ) NAMED_UNIT ( * ) SI_UNIT ( .MILLI., .METRE. ) );
#3853 = PRESENTATION_STYLE_ASSIGNMENT (( #39 ) ) ;
#3854 = ORIENTED_EDGE ( 'NONE', *, *, #11139, .F. ) ;
#3855 = PRESENTATION_LAYER_ASSIGNMENT (  '', '', ( #63 ) ) ;
#3856 = FACE_OUTER_BOUND ( 'NONE', #9901, .T. ) ;
#3857 = ADVANCED_FACE ( 'NONE', ( #5098 ), #2999, .T. ) ;
#3858 = STYLED_ITEM ( 'NONE', ( #5188 ), #5107 ) ;
#3859 = EDGE_CURVE ( 'NONE', #311, #2545, #8924, .T. ) ;
#3860 = ORIENTED_EDGE ( 'NONE', *, *, #7205, .T. ) ;
#3861 = VERTEX_POINT ( 'NONE', #4341 ) ;
#3862 = ORIENTED_EDGE ( 'NONE', *, *, #11552, .F. ) ;
#3863 = CARTESIAN_POINT ( 'NONE',  ( -68.72777777777892538, 1.099999999999998535, 4.249999999999914735 ) ) ;
#3864 = FACE_OUTER_BOUND ( 'NONE', #4932, .T. ) ;
#3865 = UNCERTAINTY_MEASURE_WITH_UNIT (LENGTH_MEASURE( 1.000000000000000082E-05 ), #7370, 'distance_accuracy_value', 'NONE');
#3866 = SURFACE_SIDE_STYLE ('',( #4612 ) ) ;
#3867 = PLANE ( 'NONE',  #2463 ) ;
#3868 = COLOUR_RGB ( '',0.007843137254901960675, 0.007843137254901960675, 0.007843137254901960675 ) ;
#3869 = EDGE_LOOP ( 'NONE', ( #2230, #10152, #6837, #7919 ) ) ;
#3870 = EDGE_CURVE ( 'NONE', #5219, #3071, #10488, .T. ) ;
#3871 = ORIENTED_EDGE ( 'NONE', *, *, #3443, .F. ) ;
#3872 = ORIENTED_EDGE ( 'NONE', *, *, #8033, .F. ) ;
#3873 =( NAMED_UNIT ( * ) SI_UNIT ( $, .STERADIAN. ) SOLID_ANGLE_UNIT ( ) );
#3874 = MECHANICAL_DESIGN_GEOMETRIC_PRESENTATION_REPRESENTATION (  '', ( #6087 ), #3081 ) ;
#3875 = CARTESIAN_POINT ( 'NONE',  ( -66.35000000000059117, 1.100000000000000311, 4.050000000000002487 ) ) ;
#3876 = DIRECTION ( 'NONE',  ( -3.700000000000000011E-14, 0.000000000000000000, 1.000000000000000000 ) ) ;
#3877 = EDGE_CURVE ( 'NONE', #2077, #1194, #2410, .T. ) ;
#3878 = DIRECTION ( 'NONE',  ( 3.700000000000000011E-14, -0.000000000000000000, -1.000000000000000000 ) ) ;
#3879 =( NAMED_UNIT ( * ) PLANE_ANGLE_UNIT ( ) SI_UNIT ( $, .RADIAN. ) );
#3880 = CARTESIAN_POINT ( 'NONE',  ( -62.56568542494920848, -2.449999999999995737, 2.500000000000141664 ) ) ;
#3881 = ADVANCED_FACE ( 'NONE', ( #4284 ), #11957, .T. ) ;
#3882 = EDGE_CURVE ( 'NONE', #823, #10247, #2477, .T. ) ;
#3883 = AXIS2_PLACEMENT_3D ( 'NONE', #1818, #8691, #3876 ) ;
#3884 = EDGE_CURVE ( 'NONE', #5219, #10507, #9232, .T. ) ;
#3885 = EDGE_LOOP ( 'NONE', ( #9255, #9718, #5128, #7732, #2979, #11312, #4032, #5334, #9653, #8580 ) ) ;
#3886 = ORIENTED_EDGE ( 'NONE', *, *, #11558, .T. ) ;
#3887 = VERTEX_POINT ( 'NONE', #3526 ) ;
#3888 = FACE_OUTER_BOUND ( 'NONE', #11231, .T. ) ;
#3889 = EDGE_CURVE ( 'NONE', #6663, #9163, #11090, .T. ) ;
#3890 = ORIENTED_EDGE ( 'NONE', *, *, #4717, .F. ) ;
#3891 = DIRECTION ( 'NONE',  ( -1.000000000000000000, -1.000000000000000078E-15, -3.448907672462272700E-14 ) ) ;
#3892 = SURFACE_STYLE_FILL_AREA ( #11744 ) ;
#3893 = FILL_AREA_STYLE ('',( #11578 ) ) ;
#3894 = DIRECTION ( 'NONE',  ( 0.000000000000000000, 0.000000000000000000, 1.000000000000000000 ) ) ;
#3895 = VECTOR ( 'NONE', #4837, 1000.000000000000000 ) ;
#3896 =( NAMED_UNIT ( * ) PLANE_ANGLE_UNIT ( ) SI_UNIT ( $, .RADIAN. ) );
#3897 = SURFACE_STYLE_FILL_AREA ( #985 ) ;
#3898 = ORIENTED_EDGE ( 'NONE', *, *, #2429, .T. ) ;
#3899 = ORIENTED_EDGE ( 'NONE', *, *, #6687, .F. ) ;
#3900 = UNCERTAINTY_MEASURE_WITH_UNIT (LENGTH_MEASURE( 1.000000000000000082E-05 ), #5356, 'distance_accuracy_value', 'NONE');
#3902 = COLOUR_RGB ( '',0.9529411764705881804, 0.7960784313725489669, 0.4862745098039215619 ) ;
#3901 = PRESENTATION_LAYER_ASSIGNMENT (  '', '', ( #7754 ) ) ;
#3903 = CARTESIAN_POINT ( 'NONE',  ( -64.46568542494919996, -9.949999999999997513, 2.300000000000071765 ) ) ;
#3904 = DIRECTION ( 'NONE',  ( 1.061907311267009442E-15, -1.000000000000000000, 2.290570516879343540E-30 ) ) ;
#3905 = CARTESIAN_POINT ( 'NONE',  ( -70.54999999999999716, -3.950000000000003730, 3.299999999999846612 ) ) ;
#3906 = CARTESIAN_POINT ( 'NONE',  ( -68.33431457505071194, -9.850000000000001421, 2.299999999999928768 ) ) ;
#3907 = SURFACE_STYLE_USAGE ( .BOTH. , #1116 ) ;
#3908 = ORIENTED_EDGE ( 'NONE', *, *, #1317, .F. ) ;
#3909 = CARTESIAN_POINT ( 'NONE',  ( -70.23431457505073183, -2.450000000000002398, 2.499999999999858336 ) ) ;
#3910 = EDGE_CURVE ( 'NONE', #6156, #3483, #8284, .T. ) ;
#3911 = ORIENTED_EDGE ( 'NONE', *, *, #8189, .T. ) ;
#3912 = VERTEX_POINT ( 'NONE', #7147 ) ;
#3913 =( NAMED_UNIT ( * ) SI_UNIT ( $, .STERADIAN. ) SOLID_ANGLE_UNIT ( ) );
#3914 = SURFACE_STYLE_FILL_AREA ( #7971 ) ;
#3915 = VECTOR ( 'NONE', #11149, 1000.000000000000000 ) ;
#3916 = ADVANCED_FACE ( 'NONE', ( #7389 ), #12087, .T. ) ;
#3917 =( NAMED_UNIT ( * ) SI_UNIT ( $, .STERADIAN. ) SOLID_ANGLE_UNIT ( ) );
#3918 = MECHANICAL_DESIGN_GEOMETRIC_PRESENTATION_REPRESENTATION (  '', ( #524 ), #5516 ) ;
#3919 = UNCERTAINTY_MEASURE_WITH_UNIT (LENGTH_MEASURE( 1.000000000000000082E-05 ), #3518, 'distance_accuracy_value', 'NONE');
#3920 = VERTEX_POINT ( 'NONE', #12212 ) ;
#3921 = LINE ( 'NONE', #1996, #1290 ) ;
#3922 = EDGE_CURVE ( 'NONE', #9831, #11986, #9416, .T. ) ;
#3923 = ORIENTED_EDGE ( 'NONE', *, *, #8545, .F. ) ;
#3924 = ORIENTED_EDGE ( 'NONE', *, *, #6954, .F. ) ;
#3925 = CARTESIAN_POINT ( 'NONE',  ( -63.03888888888886299, -10.44999999999999574, 3.000000000000124345 ) ) ;
#3926 = SURFACE_STYLE_USAGE ( .BOTH. , #3187 ) ;
#3927 = DIRECTION ( 'NONE',  ( -1.000000000000000000, -1.000000000000000078E-15, -3.700000000000000011E-14 ) ) ;
#3928 = EDGE_CURVE ( 'NONE', #12366, #1227, #5737, .T. ) ;
#3929 =( GEOMETRIC_REPRESENTATION_CONTEXT ( 3 ) GLOBAL_UNCERTAINTY_ASSIGNED_CONTEXT ( ( #3363 ) ) GLOBAL_UNIT_ASSIGNED_CONTEXT ( ( #5677, #10588, #10457 ) ) REPRESENTATION_CONTEXT ( 'NONE', 'WORKASPACE' ) );
#3930 = PLANE ( 'NONE',  #6700 ) ;
#3931 = CIRCLE ( 'NONE', #8188, 0.1099999999999990846 ) ;
#3932 =( NAMED_UNIT ( * ) SI_UNIT ( $, .STERADIAN. ) SOLID_ANGLE_UNIT ( ) );
#3933 = VERTEX_POINT ( 'NONE', #3585 ) ;
#3934 = ORIENTED_EDGE ( 'NONE', *, *, #3772, .T. ) ;
#3935 = ORIENTED_EDGE ( 'NONE', *, *, #9791, .F. ) ;
#3936 =( NAMED_UNIT ( * ) SI_UNIT ( $, .STERADIAN. ) SOLID_ANGLE_UNIT ( ) );
#3937 = EDGE_CURVE ( 'NONE', #11986, #6751, #8593, .T. ) ;
#3938 = STYLED_ITEM ( 'NONE', ( #2385 ), #9134 ) ;
#3939 = CARTESIAN_POINT ( 'NONE',  ( -66.30000000000114824, 1.100000000000000311, 4.150000000000011902 ) ) ;
#3940 = STYLED_ITEM ( 'NONE', ( #2848 ), #2908 ) ;
#3941 = ORIENTED_EDGE ( 'NONE', *, *, #7258, .F. ) ;
#3942 = CARTESIAN_POINT ( 'NONE',  ( -66.91876734635691548, -7.683316029846709583, 2.299999999999980727 ) ) ;
#3943 = DIRECTION ( 'NONE',  ( -3.644488848768742184E-14, 5.551115123125791454E-31, 1.000000000000000000 ) ) ;
#3944 = DIRECTION ( 'NONE',  ( 3.700000000000000011E-14, -0.000000000000000000, -1.000000000000000000 ) ) ;
#3945 = ADVANCED_FACE ( 'NONE', ( #863 ), #5528, .T. ) ;
#3946 = ORIENTED_EDGE ( 'NONE', *, *, #3922, .F. ) ;
#3947 = SURFACE_SIDE_STYLE ('',( #1223 ) ) ;
#3948 = COLOUR_RGB ( '',0.6274509803921568540, 0.6274509803921568540, 0.6274509803921568540 ) ;
#3949 = MECHANICAL_DESIGN_GEOMETRIC_PRESENTATION_REPRESENTATION (  '', ( #7393 ), #4147 ) ;
#3950 = SURFACE_SIDE_STYLE ('',( #9726 ) ) ;
#3951 = ORIENTED_EDGE ( 'NONE', *, *, #530, .F. ) ;
#3952 = ORIENTED_EDGE ( 'NONE', *, *, #7110, .F. ) ;
#3953 = PLANE ( 'NONE',  #9396 ) ;
#3954 = SURFACE_STYLE_USAGE ( .BOTH. , #2921 ) ;
#3955 =( NAMED_UNIT ( * ) PLANE_ANGLE_UNIT ( ) SI_UNIT ( $, .RADIAN. ) );
#3956 = PRESENTATION_LAYER_ASSIGNMENT (  '', '', ( #11604 ) ) ;
#3957 =( NAMED_UNIT ( * ) PLANE_ANGLE_UNIT ( ) SI_UNIT ( $, .RADIAN. ) );
#3958 = LINE ( 'NONE', #35, #5159 ) ;
#3959 = CARTESIAN_POINT ( 'NONE',  ( -64.44722222222219443, -10.44999999999999751, 3.000000000000072387 ) ) ;
#3960 = DIRECTION ( 'NONE',  ( 1.000000000000000078E-15, -1.000000000000000000, 0.000000000000000000 ) ) ;
#3961 = DIRECTION ( 'NONE',  ( 1.000000000000000000, 1.000000000000000078E-15, 3.700000000000000011E-14 ) ) ;
#3962 = ORIENTED_EDGE ( 'NONE', *, *, #9287, .T. ) ;
#3963 =( NAMED_UNIT ( * ) SI_UNIT ( $, .STERADIAN. ) SOLID_ANGLE_UNIT ( ) );
#3964 = VECTOR ( 'NONE', #3260, 1000.000000000000000 ) ;
#3965 = ORIENTED_EDGE ( 'NONE', *, *, #5454, .F. ) ;
#3966 = EDGE_LOOP ( 'NONE', ( #838, #6876, #1086, #11461 ) ) ;
#3967 = EDGE_LOOP ( 'NONE', ( #4638, #3209, #2713, #681, #5481, #5240, #2016, #3098, #316, #3613, #9840, #6089, #10345, #8032, #7936, #9431, #7682, #569 ) ) ;
#3968 = ADVANCED_FACE ( 'NONE', ( #12275 ), #5676, .F. ) ;
#3969 = DIRECTION ( 'NONE',  ( -1.000000000000000000, -1.000000000000000078E-15, -3.700000000000000011E-14 ) ) ;
#3970 = CARTESIAN_POINT ( 'NONE',  ( -57.40000000000001279, -0.4499998509883904041, 3.550000000000328004 ) ) ;
#3971 = CARTESIAN_POINT ( 'NONE',  ( -63.11568542494919143, -7.949999999999994849, 2.300000000000121503 ) ) ;
#3972 = DIRECTION ( 'NONE',  ( 1.000000000000000000, 0.000000000000000000, 0.000000000000000000 ) ) ;
#3973 = CIRCLE ( 'NONE', #12009, 0.8060883600805396343 ) ;
#3974 = STYLED_ITEM ( 'NONE', ( #10918 ), #6806 ) ;
#3975 = PRESENTATION_STYLE_ASSIGNMENT (( #227 ) ) ;
#3976 = DIRECTION ( 'NONE',  ( -3.699999999999998749E-14, 9.860761315263910926E-32, 1.000000000000000000 ) ) ;
#3977 = SURFACE_SIDE_STYLE ('',( #1992 ) ) ;
#3978 = AXIS2_PLACEMENT_3D ( 'NONE', #5852, #8642, #3765 ) ;
#3979 = LINE ( 'NONE', #8863, #5179 ) ;
#3980 = ORIENTED_EDGE ( 'NONE', *, *, #9677, .T. ) ;
#3981 = CARTESIAN_POINT ( 'NONE',  ( -64.12777777777775157, -10.44999999999999751, 3.000000000000084377 ) ) ;
#3982 = EDGE_CURVE ( 'NONE', #8885, #3861, #2918, .T. ) ;
#3983 = ORIENTED_EDGE ( 'NONE', *, *, #1026, .F. ) ;
#3984 = ORIENTED_EDGE ( 'NONE', *, *, #6127, .F. ) ;
#3985 = SURFACE_SIDE_STYLE ('',( #6920 ) ) ;
#3986 = VECTOR ( 'NONE', #5123, 1000.000000000000000 ) ;
#3987 =( NAMED_UNIT ( * ) PLANE_ANGLE_UNIT ( ) SI_UNIT ( $, .RADIAN. ) );
#3988 = UNCERTAINTY_MEASURE_WITH_UNIT (LENGTH_MEASURE( 1.000000000000000082E-05 ), #10438, 'distance_accuracy_value', 'NONE');
#3989 = DIRECTION ( 'NONE',  ( -3.700000000000000011E-14, 0.000000000000000000, 1.000000000000000000 ) ) ;
#3990 = DIRECTION ( 'NONE',  ( 0.6623823368165330239, -0.7491659628369864432, 2.168404344970771894E-14 ) ) ;
#3991 =( GEOMETRIC_REPRESENTATION_CONTEXT ( 3 ) GLOBAL_UNCERTAINTY_ASSIGNED_CONTEXT ( ( #11841 ) ) GLOBAL_UNIT_ASSIGNED_CONTEXT ( ( #6559, #4579, #6626 ) ) REPRESENTATION_CONTEXT ( 'NONE', 'WORKASPACE' ) );
#3992 = PRESENTATION_STYLE_ASSIGNMENT (( #2007 ) ) ;
#3993 =( LENGTH_UNIT ( ) NAMED_UNIT ( * ) SI_UNIT ( .MILLI., .METRE. ) );
#3994 = MECHANICAL_DESIGN_GEOMETRIC_PRESENTATION_REPRESENTATION (  '', ( #8652 ), #8457 ) ;
#3995 = PRESENTATION_STYLE_ASSIGNMENT (( #11443 ) ) ;
#3996 = EDGE_CURVE ( 'NONE', #2011, #7785, #5806, .T. ) ;
#3997 = EDGE_LOOP ( 'NONE', ( #3935, #7126, #10375, #5918, #8405, #10690 ) ) ;
#3998 = ORIENTED_EDGE ( 'NONE', *, *, #6794, .F. ) ;
#3999 = ORIENTED_EDGE ( 'NONE', *, *, #5233, .T. ) ;
#4000 = DIRECTION ( 'NONE',  ( 1.000000000000000078E-15, -1.000000000000000000, 0.000000000000000000 ) ) ;
#4001 = SURFACE_STYLE_FILL_AREA ( #5131 ) ;
#4002 = AXIS2_PLACEMENT_3D ( 'NONE', #6299, #4320, #1353 ) ;
#4003 = ORIENTED_EDGE ( 'NONE', *, *, #8149, .T. ) ;
#4004 = VECTOR ( 'NONE', #11913, 1000.000000000000000 ) ;
#4005 =( LENGTH_UNIT ( ) NAMED_UNIT ( * ) SI_UNIT ( .MILLI., .METRE. ) );
#4006 = PRESENTATION_LAYER_ASSIGNMENT (  '', '', ( #11837 ) ) ;
#4007 = MECHANICAL_DESIGN_GEOMETRIC_PRESENTATION_REPRESENTATION (  '', ( #2631 ), #5620 ) ;
#4008 = LINE ( 'NONE', #7882, #5445 ) ;
#4009 = ORIENTED_EDGE ( 'NONE', *, *, #6046, .F. ) ;
#4010 = FILL_AREA_STYLE ('',( #10578 ) ) ;
#4011 = STYLED_ITEM ( 'NONE', ( #5130 ), #4143 ) ;
#4012 = SURFACE_SIDE_STYLE ('',( #2140 ) ) ;
#4013 = EDGE_LOOP ( 'NONE', ( #6973, #8934, #197, #10509 ) ) ;
#4014 = AXIS2_PLACEMENT_3D ( 'NONE', #11123, #6098, #8262 ) ;
#4015 = EDGE_LOOP ( 'NONE', ( #7454, #10677, #7122, #2110, #7948, #11416, #6931, #6782 ) ) ;
#4016 = UNCERTAINTY_MEASURE_WITH_UNIT (LENGTH_MEASURE( 1.000000000000000082E-05 ), #241, 'distance_accuracy_value', 'NONE');
#4017 = PRESENTATION_STYLE_ASSIGNMENT (( #8082 ) ) ;
#4018 = CARTESIAN_POINT ( 'NONE',  ( -65.38611111111110574, -3.949999999999998845, 3.000000000000037748 ) ) ;
#4019 = CARTESIAN_POINT ( 'NONE',  ( -61.34999999999998721, -4.449999999999993960, 3.050000000000187228 ) ) ;
#4020 = SURFACE_STYLE_FILL_AREA ( #92 ) ;
#4021 = EDGE_CURVE ( 'NONE', #4959, #5540, #8723, .T. ) ;
#4022 = DIRECTION ( 'NONE',  ( 1.000000000000000000, 1.000000000000000078E-15, 3.700000000000000011E-14 ) ) ;
#4023 = PRESENTATION_STYLE_ASSIGNMENT (( #10717 ) ) ;
#4024 = FILL_AREA_STYLE ('',( #4863 ) ) ;
#4025 = MECHANICAL_DESIGN_GEOMETRIC_PRESENTATION_REPRESENTATION (  '', ( #10866 ), #5850 ) ;
#4026 = DIRECTION ( 'NONE',  ( 3.700000000000000011E-14, -0.000000000000000000, -1.000000000000000000 ) ) ;
#4027 = STYLED_ITEM ( 'NONE', ( #8662 ), #9533 ) ;
#4028 = DIRECTION ( 'NONE',  ( -1.000000000000000078E-15, 1.000000000000000000, 0.000000000000000000 ) ) ;
#4029 = COLOUR_RGB ( '',0.007843137254901960675, 0.007843137254901960675, 0.007843137254901960675 ) ;
#4030 = CARTESIAN_POINT ( 'NONE',  ( -63.56568542494919427, -10.14999999999999503, 2.300000000000105072 ) ) ;
#4031 = ADVANCED_FACE ( 'NONE', ( #6617 ), #7701, .T. ) ;
#4032 = ORIENTED_EDGE ( 'NONE', *, *, #6030, .T. ) ;
#4033 = ORIENTED_EDGE ( 'NONE', *, *, #4188, .F. ) ;
#4034 = EDGE_LOOP ( 'NONE', ( #2475, #6783, #1924, #12047 ) ) ;
#4036 = ADVANCED_FACE ( 'NONE', ( #3888 ), #11572, .T. ) ;
#4035 = CARTESIAN_POINT ( 'NONE',  ( -63.66568542494920280, -9.849999999999996092, 2.500000000000101696 ) ) ;
#4037 = SURFACE_SIDE_STYLE ('',( #4158 ) ) ;
#4038 = VECTOR ( 'NONE', #9316, 1000.000000000000000 ) ;
#4039 = FILL_AREA_STYLE_COLOUR ( '', #10665 ) ;
#4040 = MECHANICAL_DESIGN_GEOMETRIC_PRESENTATION_REPRESENTATION (  '', ( #7889 ), #9099 ) ;
#4041 = EDGE_CURVE ( 'NONE', #8818, #7223, #2782, .T. ) ;
#4042 = VECTOR ( 'NONE', #2593, 1000.000000000000000 ) ;
#4043 = DIRECTION ( 'NONE',  ( 3.700000000000000011E-14, -0.000000000000000000, -1.000000000000000000 ) ) ;
#4044 = SURFACE_STYLE_USAGE ( .BOTH. , #228 ) ;
#4045 =( NAMED_UNIT ( * ) PLANE_ANGLE_UNIT ( ) SI_UNIT ( $, .RADIAN. ) );
#4046 = UNCERTAINTY_MEASURE_WITH_UNIT (LENGTH_MEASURE( 1.000000000000000082E-05 ), #95, 'distance_accuracy_value', 'NONE');
#4047 = CARTESIAN_POINT ( 'NONE',  ( -62.56568542494919427, -2.199999617645515659, 2.300000000000142375 ) ) ;
#4048 = ORIENTED_EDGE ( 'NONE', *, *, #10937, .T. ) ;
#4049 = CIRCLE ( 'NONE', #11089, 0.08500000000000174083 ) ;
#4050 = DIRECTION ( 'NONE',  ( -3.647958295720695799E-14, 5.204170427930392102E-31, 1.000000000000000000 ) ) ;
#4051 = PRESENTATION_LAYER_ASSIGNMENT (  '', '', ( #2458 ) ) ;
#4052 = ORIENTED_EDGE ( 'NONE', *, *, #4648, .T. ) ;
#4053 = ORIENTED_EDGE ( 'NONE', *, *, #10799, .F. ) ;
#4054 = CARTESIAN_POINT ( 'NONE',  ( -71.45000000000004547, -2.450000000000004174, 4.599999999999813127 ) ) ;
#4055 = DIRECTION ( 'NONE',  ( 1.000000000000000000, 9.999999999999923863E-16, 3.700000000000010109E-14 ) ) ;
#4056 =( LENGTH_UNIT ( ) NAMED_UNIT ( * ) SI_UNIT ( .MILLI., .METRE. ) );
#4057 = MECHANICAL_DESIGN_GEOMETRIC_PRESENTATION_REPRESENTATION (  '', ( #11891 ), #883 ) ;
#4058 = CARTESIAN_POINT ( 'NONE',  ( -70.23431457505073183, -2.450000000000002398, 2.299999999999858602 ) ) ;
#4059 = LINE ( 'NONE', #10929, #355 ) ;
#4060 = VECTOR ( 'NONE', #11921, 1000.000000000000000 ) ;
#4061 =( NAMED_UNIT ( * ) PLANE_ANGLE_UNIT ( ) SI_UNIT ( $, .RADIAN. ) );
#4062 =( NAMED_UNIT ( * ) PLANE_ANGLE_UNIT ( ) SI_UNIT ( $, .RADIAN. ) );
#4063 = PLANE ( 'NONE',  #7896 ) ;
#4064 = DIRECTION ( 'NONE',  ( -1.000000000000000472E-15, 1.000000000000000000, -3.709860761315264637E-29 ) ) ;
#4065 = EDGE_CURVE ( 'NONE', #390, #547, #4770, .T. ) ;
#4066 = STYLED_ITEM ( 'NONE', ( #5685 ), #10582 ) ;
#4067 = ORIENTED_EDGE ( 'NONE', *, *, #7652, .F. ) ;
#4068 = ORIENTED_EDGE ( 'NONE', *, *, #5625, .F. ) ;
#4069 = ORIENTED_EDGE ( 'NONE', *, *, #5492, .T. ) ;
#4070 = CARTESIAN_POINT ( 'NONE',  ( -63.87589120702013901, -8.627649221922066403, 2.310000000000093756 ) ) ;
#4071 = DIRECTION ( 'NONE',  ( -1.000000000000000472E-15, 1.000000000000000000, -3.709860761315264637E-29 ) ) ;
#4072 = ORIENTED_EDGE ( 'NONE', *, *, #2398, .F. ) ;
#4073 = ADVANCED_FACE ( 'NONE', ( #9 ), #6691, .T. ) ;
#4074 = SURFACE_STYLE_FILL_AREA ( #10460 ) ;
#4075 = SURFACE_STYLE_USAGE ( .BOTH. , #11747 ) ;
#4076 = ORIENTED_EDGE ( 'NONE', *, *, #9385, .F. ) ;
#4077 = VECTOR ( 'NONE', #11613, 1000.000000000000000 ) ;
#4078 = CARTESIAN_POINT ( 'NONE',  ( -63.66568542494920280, -7.949999999999996625, 2.300000000000101519 ) ) ;
#4079 = FILL_AREA_STYLE ('',( #6104 ) ) ;
#4080 = EDGE_LOOP ( 'NONE', ( #10293, #2141, #11119, #9641 ) ) ;
#4081 = VERTEX_POINT ( 'NONE', #4897 ) ;
#4082 = FILL_AREA_STYLE ('',( #3040 ) ) ;
#4083 = FILL_AREA_STYLE ('',( #9844 ) ) ;
#4084 = LINE ( 'NONE', #91, #7621 ) ;
#4085 = DIRECTION ( 'NONE',  ( 1.000000000000000000, 1.000000000000000078E-15, 3.700000000000000011E-14 ) ) ;
#4086 = DIRECTION ( 'NONE',  ( -1.000000000000000000, -1.000000000000000078E-15, -3.700000000000000011E-14 ) ) ;
#4087 = FILL_AREA_STYLE_COLOUR ( '', #6398 ) ;
#4088 = CARTESIAN_POINT ( 'NONE',  ( -67.28333333333448252, 1.099999999999998535, 4.249999999999967137 ) ) ;
#4089 = PLANE ( 'NONE',  #7887 ) ;
#4090 = ORIENTED_EDGE ( 'NONE', *, *, #6798, .F. ) ;
#4091 =( LENGTH_UNIT ( ) NAMED_UNIT ( * ) SI_UNIT ( .MILLI., .METRE. ) );
#4092 = DIRECTION ( 'NONE',  ( -3.700000000000000011E-14, 0.000000000000000000, 1.000000000000000000 ) ) ;
#4093 = ORIENTED_EDGE ( 'NONE', *, *, #914, .T. ) ;
#4094 = ORIENTED_EDGE ( 'NONE', *, *, #8071, .F. ) ;
#4095 = ORIENTED_EDGE ( 'NONE', *, *, #6229, .T. ) ;
#4096 = CARTESIAN_POINT ( 'NONE',  ( -62.09999999999998721, -10.44999999999999574, 3.300000000000159250 ) ) ;
#4097 = DIRECTION ( 'NONE',  ( -1.000000000000000078E-15, 1.000000000000000000, 0.000000000000000000 ) ) ;
#4098 = LINE ( 'NONE', #7021, #9687 ) ;
#4099 = CARTESIAN_POINT ( 'NONE',  ( -71.45000000000004547, -10.45000000000000462, 4.599999999999813127 ) ) ;
#4100 = UNCERTAINTY_MEASURE_WITH_UNIT (LENGTH_MEASURE( 1.000000000000000082E-05 ), #171, 'distance_accuracy_value', 'NONE');
#4101 = CARTESIAN_POINT ( 'NONE',  ( -61.90000000000004121, -3.650000151991834585, 4.300000000000166800 ) ) ;
#4102 = CARTESIAN_POINT ( 'NONE',  ( -68.65000000000004832, -9.500000000000001776, 4.599999999999917044 ) ) ;
#4103 = ADVANCED_FACE ( 'NONE', ( #5006 ), #3022, .T. ) ;
#4104 = SURFACE_STYLE_FILL_AREA ( #9977 ) ;
#4105 =( NAMED_UNIT ( * ) PLANE_ANGLE_UNIT ( ) SI_UNIT ( $, .RADIAN. ) );
#4106 = LINE ( 'NONE', #8992, #8242 ) ;
#4107 = EDGE_LOOP ( 'NONE', ( #4308, #9445, #4003, #6005, #1222, #6930, #75, #1427 ) ) ;
#4108 = AXIS2_PLACEMENT_3D ( 'NONE', #686, #1628, #12037 ) ;
#4109 = ORIENTED_EDGE ( 'NONE', *, *, #3340, .F. ) ;
#4110 = CIRCLE ( 'NONE', #7960, 0.1000000000000028644 ) ;
#4111 = ORIENTED_EDGE ( 'NONE', *, *, #7517, .T. ) ;
#4112 = CARTESIAN_POINT ( 'NONE',  ( -66.91876734635691548, -4.916632059693410994, 2.309999999999980957 ) ) ;
#4113 = AXIS2_PLACEMENT_3D ( 'NONE', #11127, #9377, #9567 ) ;
#4114 = LINE ( 'NONE', #1089, #3221 ) ;
#4115 = DIRECTION ( 'NONE',  ( -1.000000000000000078E-15, 1.000000000000000000, 0.000000000000000000 ) ) ;
#4116 = DIRECTION ( 'NONE',  ( 1.000000000000000000, 1.000000000000000078E-15, 3.448907672462272700E-14 ) ) ;
#4117 = LINE ( 'NONE', #7993, #2379 ) ;
#4118 = DIRECTION ( 'NONE',  ( 1.000000000000000000, 0.000000000000000000, 3.903127820947839313E-14 ) ) ;
#4119 =( GEOMETRIC_REPRESENTATION_CONTEXT ( 3 ) GLOBAL_UNCERTAINTY_ASSIGNED_CONTEXT ( ( #2245 ) ) GLOBAL_UNIT_ASSIGNED_CONTEXT ( ( #12214, #8348, #10277 ) ) REPRESENTATION_CONTEXT ( 'NONE', 'WORKASPACE' ) );
#4120 = ORIENTED_EDGE ( 'NONE', *, *, #203, .F. ) ;
#4121 = ORIENTED_EDGE ( 'NONE', *, *, #7829, .T. ) ;
#4122 = EDGE_LOOP ( 'NONE', ( #3537, #9621, #4120, #6090 ) ) ;
#4123 =( NAMED_UNIT ( * ) PLANE_ANGLE_UNIT ( ) SI_UNIT ( $, .RADIAN. ) );
#4124 = EDGE_CURVE ( 'NONE', #59, #3108, #4946, .T. ) ;
#4125 = ORIENTED_EDGE ( 'NONE', *, *, #7066, .T. ) ;
#4126 = PLANE ( 'NONE',  #10781 ) ;
#4127 = COLOUR_RGB ( '',0.6274509803921568540, 0.6274509803921568540, 0.6274509803921568540 ) ;
#4128 = DIRECTION ( 'NONE',  ( -3.695877884809559986E-14, 4.122115190439939585E-32, 1.000000000000000000 ) ) ;
#4129 = CARTESIAN_POINT ( 'NONE',  ( -62.15000000000004832, -2.449999999999995737, 4.600000000000157740 ) ) ;
#4130 = SURFACE_STYLE_USAGE ( .BOTH. , #320 ) ;
#4131 = ORIENTED_EDGE ( 'NONE', *, *, #10874, .T. ) ;
#4132 = CARTESIAN_POINT ( 'NONE',  ( -66.79444444444443718, -3.949999999999999734, 3.074999999999985523 ) ) ;
#4133 = CARTESIAN_POINT ( 'NONE',  ( -61.35000000000004405, -10.44999999999999396, 4.600000000000187050 ) ) ;
#4134 = AXIS2_PLACEMENT_3D ( 'NONE', #11932, #11061, #10809 ) ;
#4135 = VECTOR ( 'NONE', #10885, 1000.000000000000000 ) ;
#4136 = ORIENTED_EDGE ( 'NONE', *, *, #12261, .T. ) ;
#4137 = ORIENTED_EDGE ( 'NONE', *, *, #291, .T. ) ;
#4138 = UNCERTAINTY_MEASURE_WITH_UNIT (LENGTH_MEASURE( 1.000000000000000082E-05 ), #8225, 'distance_accuracy_value', 'NONE');
#4139 = EDGE_CURVE ( 'NONE', #6689, #4376, #5412, .T. ) ;
#4140 = PRESENTATION_STYLE_ASSIGNMENT (( #6108 ) ) ;
#4141 =( NAMED_UNIT ( * ) SI_UNIT ( $, .STERADIAN. ) SOLID_ANGLE_UNIT ( ) );
#4142 = DIRECTION ( 'NONE',  ( -1.000000000000000472E-15, 1.000000000000000000, -3.709860761315264637E-29 ) ) ;
#4143 = ADVANCED_FACE ( 'NONE', ( #6023 ), #8764, .T. ) ;
#4144 = SURFACE_STYLE_USAGE ( .BOTH. , #10828 ) ;
#4145 = PRESENTATION_LAYER_ASSIGNMENT (  '', '', ( #2763 ) ) ;
#4146 = AXIS2_PLACEMENT_3D ( 'NONE', #6929, #1894, #6870 ) ;
#4147 =( GEOMETRIC_REPRESENTATION_CONTEXT ( 3 ) GLOBAL_UNCERTAINTY_ASSIGNED_CONTEXT ( ( #4742 ) ) GLOBAL_UNIT_ASSIGNED_CONTEXT ( ( #2837, #6608, #6682 ) ) REPRESENTATION_CONTEXT ( 'NONE', 'WORKASPACE' ) );
#4148 = SURFACE_STYLE_USAGE ( .BOTH. , #9737 ) ;
#4149 = DIRECTION ( 'NONE',  ( -3.448907672462272700E-14, 2.510923275377270607E-30, 1.000000000000000000 ) ) ;
#4150 = FILL_AREA_STYLE_COLOUR ( '', #6433 ) ;
#4151 = DIRECTION ( 'NONE',  ( -3.448907672462272700E-14, 2.510923275377270607E-30, 1.000000000000000000 ) ) ;
#4152 = DIRECTION ( 'NONE',  ( -0.03909037293410170394, 0.9992356792788540387, -1.337846218380206193E-15 ) ) ;
#4153 = VERTEX_POINT ( 'NONE', #3318 ) ;
#4154 =( GEOMETRIC_REPRESENTATION_CONTEXT ( 3 ) GLOBAL_UNCERTAINTY_ASSIGNED_CONTEXT ( ( #5713 ) ) GLOBAL_UNIT_ASSIGNED_CONTEXT ( ( #3520, #2530, #6371 ) ) REPRESENTATION_CONTEXT ( 'NONE', 'WORKASPACE' ) );
#4155 = ORIENTED_EDGE ( 'NONE', *, *, #5274, .F. ) ;
#4156 =( LENGTH_UNIT ( ) NAMED_UNIT ( * ) SI_UNIT ( .MILLI., .METRE. ) );
#4157 = VECTOR ( 'NONE', #8273, 1000.000000000000000 ) ;
#4158 = SURFACE_STYLE_FILL_AREA ( #6843 ) ;
#4159 = CIRCLE ( 'NONE', #7206, 0.08500000000000332290 ) ;
#4160 =( LENGTH_UNIT ( ) NAMED_UNIT ( * ) SI_UNIT ( .MILLI., .METRE. ) );
#4161 = CARTESIAN_POINT ( 'NONE',  ( -69.65000000000114255, -0.7500000000000024425, 4.049999999999879918 ) ) ;
#4162 = DIRECTION ( 'NONE',  ( 1.000000000000000000, 1.000000000000000078E-15, 3.701809683000205097E-14 ) ) ;
#4163 =( LENGTH_UNIT ( ) NAMED_UNIT ( * ) SI_UNIT ( .MILLI., .METRE. ) );
#4164 = VECTOR ( 'NONE', #1667, 1000.000000000000000 ) ;
#4165 = STYLED_ITEM ( 'NONE', ( #10122 ), #6614 ) ;
#4166 = ORIENTED_EDGE ( 'NONE', *, *, #2422, .F. ) ;
#4167 = FILL_AREA_STYLE ('',( #6206 ) ) ;
#4168 = EDGE_CURVE ( 'NONE', #7288, #12025, #699, .T. ) ;
#4169 = VERTEX_POINT ( 'NONE', #4496 ) ;
#4170 = VERTEX_POINT ( 'NONE', #1577 ) ;
#4171 = CARTESIAN_POINT ( 'NONE',  ( -66.49999994970858097, -3.650000151991839026, 3.299999999999999378 ) ) ;
#4172 = ADVANCED_FACE ( 'NONE', ( #6159 ), #11172, .T. ) ;
#4173 = LINE ( 'NONE', #7861, #10442 ) ;
#4174 = VECTOR ( 'NONE', #3488, 1000.000000000000000 ) ;
#4175 = DIRECTION ( 'NONE',  ( -1.000000000000000078E-15, 1.000000000000000000, 0.000000000000000000 ) ) ;
#4176 = AXIS2_PLACEMENT_3D ( 'NONE', #5122, #7642, #8877 ) ;
#4177 = DIRECTION ( 'NONE',  ( -1.000000000000000078E-15, 1.000000000000000000, 0.000000000000000000 ) ) ;
#4178 = VECTOR ( 'NONE', #1874, 1000.000000000000000 ) ;
#4179 = DIRECTION ( 'NONE',  ( 1.000000000000000078E-15, -1.000000000000000000, 0.000000000000000000 ) ) ;
#4180 = FILL_AREA_STYLE_COLOUR ( '', #8251 ) ;
#4181 = CARTESIAN_POINT ( 'NONE',  ( -66.79444444444443718, -10.44999999999999929, 3.299999999999985612 ) ) ;
#4182 = SURFACE_STYLE_USAGE ( .BOTH. , #1399 ) ;
#4183 = AXIS2_PLACEMENT_3D ( 'NONE', #3528, #8541, #12341 ) ;
#4184 = COLOUR_RGB ( '',0.05882352941176470507, 0.3921568627450980338, 0.7019607843137254388 ) ;
#4185 = STYLED_ITEM ( 'NONE', ( #10912 ), #11121 ) ;
#4186 = ORIENTED_EDGE ( 'NONE', *, *, #11552, .T. ) ;
#4187 = ORIENTED_EDGE ( 'NONE', *, *, #11576, .F. ) ;
#4188 = EDGE_CURVE ( 'NONE', #6373, #6506, #10989, .T. ) ;
#4189 = FILL_AREA_STYLE ('',( #9824 ) ) ;
#4190 = DIRECTION ( 'NONE',  ( 8.265276524023190724E-16, -1.000000000000000000, -6.418476861114193232E-30 ) ) ;
#4191 = EDGE_CURVE ( 'NONE', #6470, #8803, #5193, .T. ) ;
#4192 = VERTEX_POINT ( 'NONE', #9074 ) ;
#4193 = DIRECTION ( 'NONE',  ( -1.000000000000000078E-15, 1.000000000000000000, 0.000000000000000000 ) ) ;
#4194 = EDGE_CURVE ( 'NONE', #8046, #5278, #10248, .T. ) ;
#4195 = DIRECTION ( 'NONE',  ( -3.422444243843710876E-14, 2.775557561562890384E-30, 1.000000000000000000 ) ) ;
#4196 = VERTEX_POINT ( 'NONE', #12049 ) ;
#4197 = SURFACE_SIDE_STYLE ('',( #3210 ) ) ;
#4198 = SURFACE_STYLE_FILL_AREA ( #5140 ) ;
#4199 =( GEOMETRIC_REPRESENTATION_CONTEXT ( 3 ) GLOBAL_UNCERTAINTY_ASSIGNED_CONTEXT ( ( #7424 ) ) GLOBAL_UNIT_ASSIGNED_CONTEXT ( ( #12143, #604, #1495 ) ) REPRESENTATION_CONTEXT ( 'NONE', 'WORKASPACE' ) );
#4200 =( GEOMETRIC_REPRESENTATION_CONTEXT ( 3 ) GLOBAL_UNCERTAINTY_ASSIGNED_CONTEXT ( ( #11699 ) ) GLOBAL_UNIT_ASSIGNED_CONTEXT ( ( #8805, #3987, #12162 ) ) REPRESENTATION_CONTEXT ( 'NONE', 'WORKASPACE' ) );
#4201 = FILL_AREA_STYLE ('',( #1226 ) ) ;
#4202 = EDGE_LOOP ( 'NONE', ( #2085, #1506, #6256, #4675 ) ) ;
#4203 = VECTOR ( 'NONE', #12060, 1000.000000000000000 ) ;
#4204 = SURFACE_SIDE_STYLE ('',( #7132 ) ) ;
#4205 = CARTESIAN_POINT ( 'NONE',  ( -67.41388888888887720, -3.950000000000000178, 2.999999999999962697 ) ) ;
#4206 = LINE ( 'NONE', #5207, #6572 ) ;
#4207 = PLANE ( 'NONE',  #9313 ) ;
#4208 = DIRECTION ( 'NONE',  ( -1.000000000000000000, -1.000000000000000472E-15, -3.700000000000000011E-14 ) ) ;
#4209 = VECTOR ( 'NONE', #9688, 1000.000000000000000 ) ;
#4210 = SURFACE_STYLE_USAGE ( .BOTH. , #11947 ) ;
#4211 = CARTESIAN_POINT ( 'NONE',  ( -67.28333333333446831, 1.099999999999998535, 4.099999999999967670 ) ) ;
#4212 = VECTOR ( 'NONE', #2841, 1000.000000000000000 ) ;
#4213 = DIRECTION ( 'NONE',  ( -1.000000000000000078E-15, 1.000000000000000000, 0.000000000000000000 ) ) ;
#4214 = PRESENTATION_LAYER_ASSIGNMENT (  '', '', ( #9690 ) ) ;
#4215 = CARTESIAN_POINT ( 'NONE',  ( -64.12777777777775157, -10.44999999999999751, 3.000000000000084377 ) ) ;
#4216 = COLOUR_RGB ( '',0.007843137254901960675, 0.007843137254901960675, 0.007843137254901960675 ) ;
#4217 = ORIENTED_EDGE ( 'NONE', *, *, #10586, .F. ) ;
#4218 = ORIENTED_EDGE ( 'NONE', *, *, #9661, .T. ) ;
#4219 = SURFACE_SIDE_STYLE ('',( #9970 ) ) ;
#4220 = SURFACE_STYLE_USAGE ( .BOTH. , #412 ) ;
#4221 = VECTOR ( 'NONE', #9516, 1000.000000000000000 ) ;
#4222 = DIRECTION ( 'NONE',  ( 1.000000000000000000, 1.000000000000000078E-15, 3.700000000000000011E-14 ) ) ;
#4223 = STYLED_ITEM ( 'NONE', ( #6645 ), #3198 ) ;
#4224 = AXIS2_PLACEMENT_3D ( 'NONE', #6592, #9695, #1930 ) ;
#4225 = MECHANICAL_DESIGN_GEOMETRIC_PRESENTATION_REPRESENTATION (  '', ( #7279 ), #8702 ) ;
#4226 = SURFACE_SIDE_STYLE ('',( #4104 ) ) ;
#4227 =( NAMED_UNIT ( * ) SI_UNIT ( $, .STERADIAN. ) SOLID_ANGLE_UNIT ( ) );
#4228 = CARTESIAN_POINT ( 'NONE',  ( -61.60392135623730070, 1.550000000000006262, 3.050000000000177458 ) ) ;
#4230 = EDGE_CURVE ( 'NONE', #2043, #11800, #3440, .T. ) ;
#4229 = DIRECTION ( 'NONE',  ( -1.000000000000000000, -1.000000000000000078E-15, -3.700000000000000011E-14 ) ) ;
#4231 = ORIENTED_EDGE ( 'NONE', *, *, #11155, .T. ) ;
#4232 = CARTESIAN_POINT ( 'NONE',  ( -66.30000000000114824, 1.100000000000000311, 4.150000000000011902 ) ) ;
#4233 = EDGE_CURVE ( 'NONE', #7549, #5540, #10132, .T. ) ;
#4234 = MECHANICAL_DESIGN_GEOMETRIC_PRESENTATION_REPRESENTATION (  '', ( #868 ), #2051 ) ;
#4235 = CIRCLE ( 'NONE', #11269, 0.1999999999999987899 ) ;
#4236 = ORIENTED_EDGE ( 'NONE', *, *, #3272, .F. ) ;
#4237 = VERTEX_POINT ( 'NONE', #9139 ) ;
#4238 =( GEOMETRIC_REPRESENTATION_CONTEXT ( 3 ) GLOBAL_UNCERTAINTY_ASSIGNED_CONTEXT ( ( #10411 ) ) GLOBAL_UNIT_ASSIGNED_CONTEXT ( ( #335, #4909, #3047 ) ) REPRESENTATION_CONTEXT ( 'NONE', 'WORKASPACE' ) );
#4239 = DIRECTION ( 'NONE',  ( -1.000000000000000000, -1.000000000000000078E-15, -3.695877884809559986E-14 ) ) ;
#4240 = COLOUR_RGB ( '',0.007843137254901960675, 0.007843137254901960675, 0.007843137254901960675 ) ;
#4241 = CARTESIAN_POINT ( 'NONE',  ( -70.23431457505073183, 1.549999999999997602, 2.299999999999858602 ) ) ;
#4242 =( NAMED_UNIT ( * ) PLANE_ANGLE_UNIT ( ) SI_UNIT ( $, .RADIAN. ) );
#4243 =( LENGTH_UNIT ( ) NAMED_UNIT ( * ) SI_UNIT ( .MILLI., .METRE. ) );
#4244 = FILL_AREA_STYLE ('',( #12147 ) ) ;
#4245 = LINE ( 'NONE', #10978, #1008 ) ;
#4246 = STYLED_ITEM ( 'NONE', ( #71 ), #4954 ) ;
#4247 = CARTESIAN_POINT ( 'NONE',  ( -63.56568542494919427, -8.049999999999997158, 2.300000000000105072 ) ) ;
#4248 =( NAMED_UNIT ( * ) PLANE_ANGLE_UNIT ( ) SI_UNIT ( $, .RADIAN. ) );
#4249 =( GEOMETRIC_REPRESENTATION_CONTEXT ( 3 ) GLOBAL_UNCERTAINTY_ASSIGNED_CONTEXT ( ( #1672 ) ) GLOBAL_UNIT_ASSIGNED_CONTEXT ( ( #4442, #4628, #2569 ) ) REPRESENTATION_CONTEXT ( 'NONE', 'WORKASPACE' ) );
#4250 = CARTESIAN_POINT ( 'NONE',  ( -63.03888888888887720, -10.44999999999999574, 3.300000000000124611 ) ) ;
#4251 = SURFACE_STYLE_USAGE ( .BOTH. , #10932 ) ;
#4252 = EDGE_CURVE ( 'NONE', #8802, #5559, #2318, .T. ) ;
#4253 = CARTESIAN_POINT ( 'NONE',  ( -71.55000000000001137, -1.450000000000005063, 3.649999999999823608 ) ) ;
#4254 = ORIENTED_EDGE ( 'NONE', *, *, #4629, .F. ) ;
#4255 = ORIENTED_EDGE ( 'NONE', *, *, #2517, .T. ) ;
#4256 = STYLED_ITEM ( 'NONE', ( #5235 ), #5265 ) ;
#4257 = EDGE_CURVE ( 'NONE', #4282, #3887, #1405, .T. ) ;
#4258 = CARTESIAN_POINT ( 'NONE',  ( -69.45000000000115392, -0.4500000000000025091, 4.249999999999887201 ) ) ;
#4259 = PLANE ( 'NONE',  #7848 ) ;
#4260 = ORIENTED_EDGE ( 'NONE', *, *, #6088, .T. ) ;
#4261 = EDGE_CURVE ( 'NONE', #9831, #6986, #11115, .T. ) ;
#4262 = CARTESIAN_POINT ( 'NONE',  ( -63.15000000000114966, 4.050000074505804015, 4.050000000000120615 ) ) ;
#4263 = ADVANCED_FACE ( 'NONE', ( #11982 ), #7240, .T. ) ;
#4264 =( NAMED_UNIT ( * ) PLANE_ANGLE_UNIT ( ) SI_UNIT ( $, .RADIAN. ) );
#4265 = ORIENTED_EDGE ( 'NONE', *, *, #3870, .F. ) ;
#4266 = DIRECTION ( 'NONE',  ( 2.253215950407110108E-15, -1.000000000000000000, 4.636899016506307247E-29 ) ) ;
#4267 = CARTESIAN_POINT ( 'NONE',  ( -66.76111111111225682, 1.100000000000000311, 4.049999999999986500 ) ) ;
#4268 = VECTOR ( 'NONE', #921, 1000.000000000000000 ) ;
#4269 = EDGE_CURVE ( 'NONE', #1227, #3343, #4754, .T. ) ;
#4270 = CARTESIAN_POINT ( 'NONE',  ( -65.80000000000003979, -8.099999999999999645, 4.600000000000022737 ) ) ;
#4271 = LINE ( 'NONE', #10827, #9244 ) ;
#4272 = FILL_AREA_STYLE_COLOUR ( '', #5948 ) ;
#4273 = LINE ( 'NONE', #5323, #11256 ) ;
#4274 = MECHANICAL_DESIGN_GEOMETRIC_PRESENTATION_REPRESENTATION (  '', ( #6924 ), #5077 ) ;
#4275 = LINE ( 'NONE', #10088, #2451 ) ;
#4276 = FILL_AREA_STYLE ('',( #3336 ) ) ;
#4277 = PLANE ( 'NONE',  #7846 ) ;
#4278 = ORIENTED_EDGE ( 'NONE', *, *, #693, .F. ) ;
#4279 = CARTESIAN_POINT ( 'NONE',  ( -65.90201378195156678, -8.174896124021048038, 2.310000000000018705 ) ) ;
#4280 = DIRECTION ( 'NONE',  ( 3.421580731527764731E-14, -2.784192684722350676E-30, -1.000000000000000000 ) ) ;
#4281 = ORIENTED_EDGE ( 'NONE', *, *, #6199, .T. ) ;
#4282 = VERTEX_POINT ( 'NONE', #11502 ) ;
#4283 = CARTESIAN_POINT ( 'NONE',  ( -65.97769333310620254, -5.724471378803409394, 2.310000000000016041 ) ) ;
#4284 = FACE_OUTER_BOUND ( 'NONE', #2342, .T. ) ;
#4285 = CARTESIAN_POINT ( 'NONE',  ( -66.82574011479525211, -8.177675969015290036, 2.299999999999984279 ) ) ;
#4286 = SURFACE_STYLE_FILL_AREA ( #12090 ) ;
#4287 = CARTESIAN_POINT ( 'NONE',  ( -61.15000000000003411, -10.44999999999999396, 4.600000000000194156 ) ) ;
#4288 = LINE ( 'NONE', #2482, #2645 ) ;
#4289 = LINE ( 'NONE', #11961, #11525 ) ;
#4290 = UNCERTAINTY_MEASURE_WITH_UNIT (LENGTH_MEASURE( 1.000000000000000082E-05 ), #476, 'distance_accuracy_value', 'NONE');
#4291 =( NAMED_UNIT ( * ) SI_UNIT ( $, .STERADIAN. ) SOLID_ANGLE_UNIT ( ) );
#4292 = ORIENTED_EDGE ( 'NONE', *, *, #11622, .F. ) ;
#4293 = FACE_OUTER_BOUND ( 'NONE', #2100, .T. ) ;
#4294 =( GEOMETRIC_REPRESENTATION_CONTEXT ( 3 ) GLOBAL_UNCERTAINTY_ASSIGNED_CONTEXT ( ( #9811 ) ) GLOBAL_UNIT_ASSIGNED_CONTEXT ( ( #975, #2013, #130 ) ) REPRESENTATION_CONTEXT ( 'NONE', 'WORKASPACE' ) );
#4295 = ORIENTED_EDGE ( 'NONE', *, *, #815, .T. ) ;
#4296 = ORIENTED_EDGE ( 'NONE', *, *, #3996, .F. ) ;
#4297 = DIRECTION ( 'NONE',  ( -3.700000000000000011E-14, 0.000000000000000000, 1.000000000000000000 ) ) ;
#4298 = FILL_AREA_STYLE ('',( #4424 ) ) ;
#4299 = SURFACE_STYLE_USAGE ( .BOTH. , #497 ) ;
#4300 = EDGE_CURVE ( 'NONE', #9562, #5422, #4555, .T. ) ;
#4301 =( NAMED_UNIT ( * ) PLANE_ANGLE_UNIT ( ) SI_UNIT ( $, .RADIAN. ) );
#4302 = EDGE_CURVE ( 'NONE', #5930, #7086, #1845, .T. ) ;
#4303 = LINE ( 'NONE', #3311, #7411 ) ;
#4304 = CARTESIAN_POINT ( 'NONE',  ( -65.97769333310620254, -5.724471378803409394, 2.300000000000015365 ) ) ;
#4305 = LINE ( 'NONE', #5364, #6072 ) ;
#4306 = VECTOR ( 'NONE', #2595, 1000.000000000000000 ) ;
#4307 = ORIENTED_EDGE ( 'NONE', *, *, #668, .F. ) ;
#4308 = ORIENTED_EDGE ( 'NONE', *, *, #2022, .T. ) ;
#4309 = EDGE_CURVE ( 'NONE', #8506, #5498, #10365, .T. ) ;
#4310 = VECTOR ( 'NONE', #11161, 1000.000000000000000 ) ;
#4311 = DIRECTION ( 'NONE',  ( -1.000000000000000078E-15, 1.000000000000000000, 0.000000000000000000 ) ) ;
#4312 = CARTESIAN_POINT ( 'NONE',  ( -68.20555555555669969, 1.099999999999998535, 4.049999999999934097 ) ) ;
#4313 = ORIENTED_EDGE ( 'NONE', *, *, #5186, .T. ) ;
#4314 = LINE ( 'NONE', #11987, #6171 ) ;
#4315 = VECTOR ( 'NONE', #2105, 1000.000000000000000 ) ;
#4316 = LINE ( 'NONE', #11063, #3636 ) ;
#4317 = CARTESIAN_POINT ( 'NONE',  ( -63.77222222222336967, 0.05000000000000490163, 4.250000000000097700 ) ) ;
#4318 = SURFACE_STYLE_FILL_AREA ( #9394 ) ;
#4319 = VECTOR ( 'NONE', #8858, 1000.000000000000000 ) ;
#4320 = DIRECTION ( 'NONE',  ( 3.700000000000000011E-14, -0.000000000000000000, -1.000000000000000000 ) ) ;
#4321 = CARTESIAN_POINT ( 'NONE',  ( -69.76111111111109153, -10.45000000000000284, 2.999999999999876099 ) ) ;
#4322 = ADVANCED_FACE ( 'NONE', ( #9449 ), #2636, .F. ) ;
#4323 = STYLED_ITEM ( 'NONE', ( #8018 ), #8966 ) ;
#4324 = DIRECTION ( 'NONE',  ( -1.000000000000000078E-15, 1.000000000000000000, 0.000000000000000000 ) ) ;
#4325 = ADVANCED_FACE ( 'NONE', ( #5768 ), #6670, .F. ) ;
#4326 =( LENGTH_UNIT ( ) NAMED_UNIT ( * ) SI_UNIT ( .MILLI., .METRE. ) );
#4327 =( NAMED_UNIT ( * ) PLANE_ANGLE_UNIT ( ) SI_UNIT ( $, .RADIAN. ) );
#4328 = CARTESIAN_POINT ( 'NONE',  ( -70.54999999999999716, -3.950000000000003730, 3.299999999999846612 ) ) ;
#4329 = STYLED_ITEM ( 'NONE', ( #1914 ), #1139 ) ;
#4330 = CARTESIAN_POINT ( 'NONE',  ( -63.97777777777777430, -10.44999999999999751, 3.300000000000089972 ) ) ;
#4331 = FILL_AREA_STYLE ('',( #9960 ) ) ;
#4332 =( LENGTH_UNIT ( ) NAMED_UNIT ( * ) SI_UNIT ( .MILLI., .METRE. ) );
#4333 = DIRECTION ( 'NONE',  ( -1.000000000000000078E-15, 1.000000000000000000, -3.700000000000000308E-29 ) ) ;
#4334 = SURFACE_STYLE_USAGE ( .BOTH. , #9159 ) ;
#4335 = CARTESIAN_POINT ( 'NONE',  ( -62.42426406871190636, 3.469446951953614189E-15, 2.558578643762837945 ) ) ;
#4336 = SURFACE_SIDE_STYLE ('',( #533 ) ) ;
#4337 = EDGE_CURVE ( 'NONE', #3018, #6270, #6701, .T. ) ;
#4338 = ORIENTED_EDGE ( 'NONE', *, *, #3246, .T. ) ;
#4339 = ORIENTED_EDGE ( 'NONE', *, *, #4957, .F. ) ;
#4340 = LINE ( 'NONE', #8222, #1434 ) ;
#4341 = CARTESIAN_POINT ( 'NONE',  ( -64.56568542494919427, -9.849999999999997868, 2.500000000000067946 ) ) ;
#4342 = CARTESIAN_POINT ( 'NONE',  ( -67.28333333333446831, -0.4500000000000007327, 4.049999999999967848 ) ) ;
#4343 = FILL_AREA_STYLE ('',( #10214 ) ) ;
#4344 = AXIS2_PLACEMENT_3D ( 'NONE', #5182, #4179, #438 ) ;
#4345 = ADVANCED_FACE ( 'NONE', ( #9727 ), #10520, .F. ) ;
#4346 = STYLED_ITEM ( 'NONE', ( #6099 ), #2971 ) ;
#4347 = SURFACE_SIDE_STYLE ('',( #6195 ) ) ;
#4348 = LINE ( 'NONE', #11905, #2529 ) ;
#4349 =( NAMED_UNIT ( * ) SI_UNIT ( $, .STERADIAN. ) SOLID_ANGLE_UNIT ( ) );
#4350 = LINE ( 'NONE', #12023, #6009 ) ;
#4351 = FACE_OUTER_BOUND ( 'NONE', #4787, .T. ) ;
#4352 = ORIENTED_EDGE ( 'NONE', *, *, #4820, .T. ) ;
#4353 = DIRECTION ( 'NONE',  ( -0.7071067811865742181, -7.071067811865479277E-16, 0.7071067811865207053 ) ) ;
#4354 = EDGE_CURVE ( 'NONE', #1413, #9427, #10580, .T. ) ;
#4355 = VECTOR ( 'NONE', #1277, 1000.000000000000000 ) ;
#4356 = ORIENTED_EDGE ( 'NONE', *, *, #4521, .T. ) ;
#4357 = ORIENTED_EDGE ( 'NONE', *, *, #1046, .F. ) ;
#4358 = VERTEX_POINT ( 'NONE', #859 ) ;
#4359 = DIRECTION ( 'NONE',  ( 1.000000000000000078E-15, -1.000000000000000000, 0.000000000000000000 ) ) ;
#4360 = LINE ( 'NONE', #5425, #20 ) ;
#4361 = CYLINDRICAL_SURFACE ( 'NONE', #12146, 0.1999999999999996503 ) ;
#4362 = UNCERTAINTY_MEASURE_WITH_UNIT (LENGTH_MEASURE( 1.000000000000000082E-05 ), #12373, 'distance_accuracy_value', 'NONE');
#4363 = AXIS2_PLACEMENT_3D ( 'NONE', #4804, #8419, #4734 ) ;
#4364 = STYLED_ITEM ( 'NONE', ( #2212 ), #6295 ) ;
#4365 = CARTESIAN_POINT ( 'NONE',  ( -63.66568542494920280, -9.949999999999997513, 2.500000000000101696 ) ) ;
#4366 = PRESENTATION_STYLE_ASSIGNMENT (( #10121 ) ) ;
#4367 = DIRECTION ( 'NONE',  ( -1.000000000000000078E-15, 1.000000000000000000, 0.000000000000000000 ) ) ;
#4368 = CARTESIAN_POINT ( 'NONE',  ( -66.92698558117081120, -8.229423440238889498, 2.309999999999980513 ) ) ;
#4369 = DIRECTION ( 'NONE',  ( 3.700000000000000011E-14, -0.000000000000000000, -1.000000000000000000 ) ) ;
#4370 = PRESENTATION_LAYER_ASSIGNMENT (  '', '', ( #999 ) ) ;
#4371 = ORIENTED_EDGE ( 'NONE', *, *, #6765, .T. ) ;
#4372 = VERTEX_POINT ( 'NONE', #2795 ) ;
#4373 = VECTOR ( 'NONE', #9323, 1000.000000000000000 ) ;
#4374 = STYLED_ITEM ( 'NONE', ( #10380 ), #12145 ) ;
#4375 = CARTESIAN_POINT ( 'NONE',  ( -62.09999999999998721, -10.44999999999999574, 3.300000000000159250 ) ) ;
#4376 = VERTEX_POINT ( 'NONE', #8777 ) ;
#4377 = FILL_AREA_STYLE_COLOUR ( '', #550 ) ;
#4378 =( GEOMETRIC_REPRESENTATION_CONTEXT ( 3 ) GLOBAL_UNCERTAINTY_ASSIGNED_CONTEXT ( ( #3822 ) ) GLOBAL_UNIT_ASSIGNED_CONTEXT ( ( #11634, #2457, #6301 ) ) REPRESENTATION_CONTEXT ( 'NONE', 'WORKASPACE' ) );
#4379 = MECHANICAL_DESIGN_GEOMETRIC_PRESENTATION_REPRESENTATION (  '', ( #1989 ), #5814 ) ;
#4380 = DIRECTION ( 'NONE',  ( -1.000000000000000078E-15, 1.000000000000000000, 0.000000000000000000 ) ) ;
#4381 = PRESENTATION_LAYER_ASSIGNMENT (  '', '', ( #8245 ) ) ;
#4382 =( LENGTH_UNIT ( ) NAMED_UNIT ( * ) SI_UNIT ( .MILLI., .METRE. ) );
#4383 = ADVANCED_FACE ( 'NONE', ( #8588 ), #5670, .T. ) ;
#4384 = EDGE_CURVE ( 'NONE', #9780, #1785, #12390, .T. ) ;
#4385 = CARTESIAN_POINT ( 'NONE',  ( -65.02916666666665435, -3.949999999999997957, 3.000000000000050626 ) ) ;
#4386 =( NAMED_UNIT ( * ) PLANE_ANGLE_UNIT ( ) SI_UNIT ( $, .RADIAN. ) );
#4387 = CIRCLE ( 'NONE', #8250, 0.2000000000000057288 ) ;
#4388 = ORIENTED_EDGE ( 'NONE', *, *, #11504, .F. ) ;
#4389 =( NAMED_UNIT ( * ) SI_UNIT ( $, .STERADIAN. ) SOLID_ANGLE_UNIT ( ) );
#4390 = VECTOR ( 'NONE', #3431, 1000.000000000000000 ) ;
#4391 =( NAMED_UNIT ( * ) PLANE_ANGLE_UNIT ( ) SI_UNIT ( $, .RADIAN. ) );
#4392 = DIRECTION ( 'NONE',  ( 0.3813383205041200874, 0.9244355495734123407, 1.577021341797110468E-14 ) ) ;
#4393 = LINE ( 'NONE', #8209, #1063 ) ;
#4394 = DIRECTION ( 'NONE',  ( 1.000000000000000000, 1.000000000000000078E-15, 3.700000000000000011E-14 ) ) ;
#4395 = CARTESIAN_POINT ( 'NONE',  ( -66.94444444444442865, -10.44999999999999929, 3.299999999999979838 ) ) ;
#4396 = CARTESIAN_POINT ( 'NONE',  ( -66.82052154800460642, -8.158368805560970216, 2.299999999999984279 ) ) ;
#4397 = CARTESIAN_POINT ( 'NONE',  ( -71.45000000000001705, -10.45000000000000462, 3.715685424949052518 ) ) ;
#4398 = VECTOR ( 'NONE', #9538, 1000.000000000000000 ) ;
#4399 = SURFACE_SIDE_STYLE ('',( #5520 ) ) ;
#4400 = ORIENTED_EDGE ( 'NONE', *, *, #9578, .F. ) ;
#4401 = VERTEX_POINT ( 'NONE', #11583 ) ;
#4402 = PRESENTATION_STYLE_ASSIGNMENT (( #6374 ) ) ;
#4403 = DIRECTION ( 'NONE',  ( -1.000000000000000000, -1.000000000000000078E-15, -3.700000000000000011E-14 ) ) ;
#4404 = EDGE_CURVE ( 'NONE', #9780, #11100, #6821, .T. ) ;
#4405 = FILL_AREA_STYLE_COLOUR ( '', #1931 ) ;
#4406 = CIRCLE ( 'NONE', #416, 3.056972644202584188 ) ;
#4407 = AXIS2_PLACEMENT_3D ( 'NONE', #5623, #880, #9566 ) ;
#4408 = MECHANICAL_DESIGN_GEOMETRIC_PRESENTATION_REPRESENTATION (  '', ( #831 ), #620 ) ;
#4409 = FACE_OUTER_BOUND ( 'NONE', #4034, .T. ) ;
#4410 = VECTOR ( 'NONE', #7969, 1000.000000000000000 ) ;
#4411 = CARTESIAN_POINT ( 'NONE',  ( -61.34999999999999432, -2.449999999999993960, 3.125000000000186962 ) ) ;
#4412 = CARTESIAN_POINT ( 'NONE',  ( -66.16043361310818227, -5.716237437971248170, 2.300000000000009148 ) ) ;
#4413 = LINE ( 'NONE', #11212, #3836 ) ;
#4414 = CYLINDRICAL_SURFACE ( 'NONE', #11255, 0.09999999999999939493 ) ;
#4415 = ORIENTED_EDGE ( 'NONE', *, *, #4309, .F. ) ;
#4416 = ADVANCED_FACE ( 'NONE', ( #143 ), #3149, .F. ) ;
#4417 = CARTESIAN_POINT ( 'NONE',  ( -62.56568542494919427, -10.44999999999999574, 2.500000000000141664 ) ) ;
#4418 = ADVANCED_FACE ( 'NONE', ( #7001 ), #6172, .T. ) ;
#4419 = MECHANICAL_DESIGN_GEOMETRIC_PRESENTATION_REPRESENTATION (  '', ( #4011 ), #8077 ) ;
#4420 = ORIENTED_EDGE ( 'NONE', *, *, #7683, .T. ) ;
#4421 = ORIENTED_EDGE ( 'NONE', *, *, #5448, .F. ) ;
#4422 = EDGE_CURVE ( 'NONE', #11852, #3068, #11696, .T. ) ;
#4423 =( NAMED_UNIT ( * ) SI_UNIT ( $, .STERADIAN. ) SOLID_ANGLE_UNIT ( ) );
#4424 = FILL_AREA_STYLE_COLOUR ( '', #7671 ) ;
#4425 = STYLED_ITEM ( 'NONE', ( #5646 ), #10890 ) ;
#4426 = DIRECTION ( 'NONE',  ( -1.000000000000000078E-15, 1.000000000000000000, 0.000000000000000000 ) ) ;
#4427 = CARTESIAN_POINT ( 'NONE',  ( -70.23431457505073183, -10.45000000000000284, 2.699999999999858513 ) ) ;
#4428 = FILL_AREA_STYLE_COLOUR ( '', #10628 ) ;
#4429 = FILL_AREA_STYLE ('',( #10055 ) ) ;
#4430 = COLOUR_RGB ( '',0.6274509803921568540, 0.6274509803921568540, 0.6274509803921568540 ) ;
#4431 = PLANE ( 'NONE',  #8647 ) ;
#4432 = FILL_AREA_STYLE_COLOUR ( '', #2885 ) ;
#4433 = PRESENTATION_LAYER_ASSIGNMENT (  '', '', ( #10877 ) ) ;
#4434 = VECTOR ( 'NONE', #7318, 1000.000000000000000 ) ;
#4435 = AXIS2_PLACEMENT_3D ( 'NONE', #5206, #2393, #4962 ) ;
#4436 = CIRCLE ( 'NONE', #12065, 0.2000000000000005107 ) ;
#4437 = ORIENTED_EDGE ( 'NONE', *, *, #1803, .T. ) ;
#4438 = ORIENTED_EDGE ( 'NONE', *, *, #3536, .F. ) ;
#4439 = PRESENTATION_LAYER_ASSIGNMENT (  '', '', ( #3646 ) ) ;
#4440 = ORIENTED_EDGE ( 'NONE', *, *, #8801, .T. ) ;
#4441 = AXIS2_PLACEMENT_3D ( 'NONE', #7377, #11192, #1661 ) ;
#4442 =( LENGTH_UNIT ( ) NAMED_UNIT ( * ) SI_UNIT ( .MILLI., .METRE. ) );
#4443 = DIRECTION ( 'NONE',  ( -3.700000000000000011E-14, 0.000000000000000000, 1.000000000000000000 ) ) ;
#4444 = MECHANICAL_DESIGN_GEOMETRIC_PRESENTATION_REPRESENTATION (  '', ( #63 ), #7096 ) ;
#4445 = CARTESIAN_POINT ( 'NONE',  ( -66.83227205288426376, -5.850770833290948936, 2.299999999999984279 ) ) ;
#4446 = COLOUR_RGB ( '',0.6274509803921568540, 0.6274509803921568540, 0.6274509803921568540 ) ;
#4447 = AXIS2_PLACEMENT_3D ( 'NONE', #4828, #8698, #3990 ) ;
#4448 = CARTESIAN_POINT ( 'NONE',  ( -62.35000000000005116, -8.299999999999995381, 4.800000000000149925 ) ) ;
#4449 = PRESENTATION_STYLE_ASSIGNMENT (( #649 ) ) ;
#4450 =( LENGTH_UNIT ( ) NAMED_UNIT ( * ) SI_UNIT ( .MILLI., .METRE. ) );
#4451 = VERTEX_POINT ( 'NONE', #10819 ) ;
#4452 = LINE ( 'NONE', #8524, #2531 ) ;
#4453 = CARTESIAN_POINT ( 'NONE',  ( -69.68431457505072046, -9.950000000000002842, 2.499999999999879208 ) ) ;
#4454 = EDGE_CURVE ( 'NONE', #4192, #9753, #9264, .T. ) ;
#4455 =( GEOMETRIC_REPRESENTATION_CONTEXT ( 3 ) GLOBAL_UNCERTAINTY_ASSIGNED_CONTEXT ( ( #9595 ) ) GLOBAL_UNIT_ASSIGNED_CONTEXT ( ( #4929, #12422, #5762 ) ) REPRESENTATION_CONTEXT ( 'NONE', 'WORKASPACE' ) );
#4456 = CARTESIAN_POINT ( 'NONE',  ( -65.53611111111109722, -3.949999999999998845, 3.000000000000031974 ) ) ;
#4457 = VECTOR ( 'NONE', #11665, 1000.000000000000000 ) ;
#4458 = CARTESIAN_POINT ( 'NONE',  ( -65.84999999999995168, -9.949999999999999289, 2.300000000000020695 ) ) ;
#4459 = DIRECTION ( 'NONE',  ( -3.700000000000000011E-14, 0.000000000000000000, 1.000000000000000000 ) ) ;
#4460 = PRESENTATION_STYLE_ASSIGNMENT (( #1599 ) ) ;
#4461 = ADVANCED_FACE ( 'NONE', ( #1297 ), #8903, .T. ) ;
#4462 = DIRECTION ( 'NONE',  ( -3.700000000000000011E-14, 0.000000000000000000, 1.000000000000000000 ) ) ;
#4463 = CARTESIAN_POINT ( 'NONE',  ( -61.35000000000003695, -1.449999999999994627, 4.250000000000186517 ) ) ;
#4464 = CARTESIAN_POINT ( 'NONE',  ( -69.29166666666667140, -3.950000000000001954, 3.224999999999893507 ) ) ;
#4465 = ORIENTED_EDGE ( 'NONE', *, *, #5839, .F. ) ;
#4466 = AXIS2_PLACEMENT_3D ( 'NONE', #10967, #2163, #350 ) ;
#4467 = ORIENTED_EDGE ( 'NONE', *, *, #7800, .T. ) ;
#4468 = CARTESIAN_POINT ( 'NONE',  ( -66.32499999999997442, -10.44999999999999929, 3.000000000000003109 ) ) ;
#4469 = EDGE_CURVE ( 'NONE', #11528, #2048, #2649, .T. ) ;
#4470 = DIRECTION ( 'NONE',  ( -3.700000000000000011E-14, 0.000000000000000000, 1.000000000000000000 ) ) ;
#4471 = DIRECTION ( 'NONE',  ( -1.000000000000000000, -9.999999999999923863E-16, -3.700000000000000011E-14 ) ) ;
#4472 = LINE ( 'NONE', #9062, #8210 ) ;
#4473 = SURFACE_STYLE_USAGE ( .BOTH. , #1795 ) ;
#4474 = DIRECTION ( 'NONE',  ( -3.700000000000000011E-14, 0.000000000000000000, 1.000000000000000000 ) ) ;
#4475 = FILL_AREA_STYLE ('',( #12152 ) ) ;
#4476 = DIRECTION ( 'NONE',  ( -0.9915896977177659499, 0.1294212941520427596, -3.336006684570782825E-14 ) ) ;
#4477 = ORIENTED_EDGE ( 'NONE', *, *, #10742, .F. ) ;
#4478 = DIRECTION ( 'NONE',  ( 1.061907311267009442E-15, -1.000000000000000000, 2.290570516879343540E-30 ) ) ;
#4479 = COLOUR_RGB ( '',0.9529411764705881804, 0.7960784313725489669, 0.4862745098039215619 ) ;
#4480 = ORIENTED_EDGE ( 'NONE', *, *, #4261, .F. ) ;
#4481 = ORIENTED_EDGE ( 'NONE', *, *, #8956, .F. ) ;
#4482 = DIRECTION ( 'NONE',  ( -1.000000000000000078E-15, 1.000000000000000000, 0.000000000000000000 ) ) ;
#4483 = EDGE_CURVE ( 'NONE', #2113, #10402, #584, .T. ) ;
#4484 = CARTESIAN_POINT ( 'NONE',  ( -70.37573593128804816, -10.45000000000000284, 2.558578643762543958 ) ) ;
#4485 = UNCERTAINTY_MEASURE_WITH_UNIT (LENGTH_MEASURE( 1.000000000000000082E-05 ), #7567, 'distance_accuracy_value', 'NONE');
#4486 = DIRECTION ( 'NONE',  ( 0.000000000000000000, -1.000000000000000000, 0.000000000000000000 ) ) ;
#4487 = DIRECTION ( 'NONE',  ( -1.000000000000000000, -1.000000000000000078E-15, -3.645695612925943688E-14 ) ) ;
#4488 = DIRECTION ( 'NONE',  ( -1.000000000000000000, -1.000000000000000078E-15, -3.700000000000000011E-14 ) ) ;
#4489 =( NAMED_UNIT ( * ) SI_UNIT ( $, .STERADIAN. ) SOLID_ANGLE_UNIT ( ) );
#4490 = ORIENTED_EDGE ( 'NONE', *, *, #11884, .F. ) ;
#4491 = VECTOR ( 'NONE', #5770, 1000.000000000000000 ) ;
#4492 = ADVANCED_FACE ( 'NONE', ( #10194 ), #6241, .T. ) ;
#4493 = ORIENTED_EDGE ( 'NONE', *, *, #2201, .F. ) ;
#4494 = ORIENTED_EDGE ( 'NONE', *, *, #4384, .T. ) ;
#4495 = AXIS2_PLACEMENT_3D ( 'NONE', #1534, #1481, #7312 ) ;
#4496 = CARTESIAN_POINT ( 'NONE',  ( -65.06666666666666288, -3.949999999999997957, 3.000000000000049294 ) ) ;
#4497 = CARTESIAN_POINT ( 'NONE',  ( -70.54999999999996874, -10.45000000000000284, 2.999999999999846345 ) ) ;
#4498 = DIRECTION ( 'NONE',  ( -1.000000000000000000, -1.000000000000000078E-15, -3.700000000000000011E-14 ) ) ;
#4499 = UNCERTAINTY_MEASURE_WITH_UNIT (LENGTH_MEASURE( 1.000000000000000082E-05 ), #10311, 'distance_accuracy_value', 'NONE');
#4500 = FACE_OUTER_BOUND ( 'NONE', #2316, .T. ) ;
#4501 = SURFACE_STYLE_USAGE ( .BOTH. , #704 ) ;
#4502 = PRESENTATION_STYLE_ASSIGNMENT (( #707 ) ) ;
#4503 = PRESENTATION_LAYER_ASSIGNMENT (  '', '', ( #4256 ) ) ;
#4504 = SURFACE_STYLE_FILL_AREA ( #1764 ) ;
#4505 = CARTESIAN_POINT ( 'NONE',  ( -70.23431457505073183, -10.45000000000000284, 2.699999999999858513 ) ) ;
#4506 = STYLED_ITEM ( 'NONE', ( #9126 ), #1611 ) ;
#4507 = EDGE_CURVE ( 'NONE', #11129, #5652, #3454, .T. ) ;
#4508 =( NAMED_UNIT ( * ) SI_UNIT ( $, .STERADIAN. ) SOLID_ANGLE_UNIT ( ) );
#4509 = COLOUR_RGB ( '',0.007843137254901960675, 0.007843137254901960675, 0.007843137254901960675 ) ;
#4510 = ORIENTED_EDGE ( 'NONE', *, *, #9028, .F. ) ;
#4511 = LINE ( 'NONE', #11996, #5645 ) ;
#4512 = PLANE ( 'NONE',  #1404 ) ;
#4513 = FILL_AREA_STYLE ('',( #11387 ) ) ;
#4514 = LINE ( 'NONE', #8646, #10889 ) ;
#4515 = DIRECTION ( 'NONE',  ( -1.000000000000000000, -1.000000000000000078E-15, -3.700000000000000011E-14 ) ) ;
#4516 = CARTESIAN_POINT ( 'NONE',  ( -68.92777777777892823, 0.5499999999999983791, 4.249999999999906741 ) ) ;
#4517 = DIRECTION ( 'NONE',  ( -1.000000000000000000, -1.000000000000000078E-15, -3.700000000000000011E-14 ) ) ;
#4518 = FACE_OUTER_BOUND ( 'NONE', #7269, .T. ) ;
#4519 = MECHANICAL_DESIGN_GEOMETRIC_PRESENTATION_REPRESENTATION (  '', ( #7361 ), #6961 ) ;
#4520 = CARTESIAN_POINT ( 'NONE',  ( -68.72777777777892538, -0.4500000000000007327, 4.249999999999914735 ) ) ;
#4521 = EDGE_CURVE ( 'NONE', #11474, #3026, #3389, .T. ) ;
#4522 = ORIENTED_EDGE ( 'NONE', *, *, #6649, .T. ) ;
#4523 = ORIENTED_EDGE ( 'NONE', *, *, #8564, .T. ) ;
#4524 = UNCERTAINTY_MEASURE_WITH_UNIT (LENGTH_MEASURE( 1.000000000000000082E-05 ), #2886, 'distance_accuracy_value', 'NONE');
#4525 = ADVANCED_FACE ( 'NONE', ( #8330 ), #7976, .F. ) ;
#4526 = CARTESIAN_POINT ( 'NONE',  ( -68.67222222222221717, -10.45000000000000107, 3.299999999999916334 ) ) ;
#4527 = DIRECTION ( 'NONE',  ( -1.000000000000000000, -1.000000000000000078E-15, -3.700000000000000011E-14 ) ) ;
#4528 = CARTESIAN_POINT ( 'NONE',  ( -62.56568542494919427, -2.449999999999995737, 2.300000000000142375 ) ) ;
#4529 = CARTESIAN_POINT ( 'NONE',  ( -61.14999999999999147, -1.449999999999994627, 3.050000000000194333 ) ) ;
#4530 = FILL_AREA_STYLE_COLOUR ( '', #2275 ) ;
#4531 = PLANE ( 'NONE',  #6271 ) ;
#4532 =( NAMED_UNIT ( * ) PLANE_ANGLE_UNIT ( ) SI_UNIT ( $, .RADIAN. ) );
#4533 = DIRECTION ( 'NONE',  ( -1.000000000000000000, -1.000000000000000078E-15, -3.700000000000000011E-14 ) ) ;
#4534 = ORIENTED_EDGE ( 'NONE', *, *, #7049, .T. ) ;
#4535 = FILL_AREA_STYLE_COLOUR ( '', #6943 ) ;
#4536 = FILL_AREA_STYLE_COLOUR ( '', #9637 ) ;
#4537 = EDGE_CURVE ( 'NONE', #10691, #12335, #6268, .T. ) ;
#4538 = ORIENTED_EDGE ( 'NONE', *, *, #10949, .F. ) ;
#4539 = ORIENTED_EDGE ( 'NONE', *, *, #5009, .T. ) ;
#4540 = ORIENTED_EDGE ( 'NONE', *, *, #2091, .F. ) ;
#4541 =( GEOMETRIC_REPRESENTATION_CONTEXT ( 3 ) GLOBAL_UNCERTAINTY_ASSIGNED_CONTEXT ( ( #9935 ) ) GLOBAL_UNIT_ASSIGNED_CONTEXT ( ( #5726, #2909, #7943 ) ) REPRESENTATION_CONTEXT ( 'NONE', 'WORKASPACE' ) );
#4542 = LINE ( 'NONE', #12298, #10060 ) ;
#4543 =( LENGTH_UNIT ( ) NAMED_UNIT ( * ) SI_UNIT ( .MILLI., .METRE. ) );
#4544 = FILL_AREA_STYLE_COLOUR ( '', #1934 ) ;
#4545 = LINE ( 'NONE', #12231, #1460 ) ;
#4546 = LINE ( 'NONE', #2757, #471 ) ;
#4547 = LINE ( 'NONE', #951, #10234 ) ;
#4548 = STYLED_ITEM ( 'NONE', ( #9936 ), #9462 ) ;
#4549 =( NAMED_UNIT ( * ) SI_UNIT ( $, .STERADIAN. ) SOLID_ANGLE_UNIT ( ) );
#4550 = ORIENTED_EDGE ( 'NONE', *, *, #10207, .T. ) ;
#4551 = PRESENTATION_STYLE_ASSIGNMENT (( #11297 ) ) ;
#4552 = EDGE_CURVE ( 'NONE', #8828, #808, #11723, .T. ) ;
#4553 = ORIENTED_EDGE ( 'NONE', *, *, #6909, .F. ) ;
#4554 = VERTEX_POINT ( 'NONE', #10109 ) ;
#4555 = LINE ( 'NONE', #7685, #11480 ) ;
#4556 = FILL_AREA_STYLE_COLOUR ( '', #10133 ) ;
#4557 =( GEOMETRIC_REPRESENTATION_CONTEXT ( 3 ) GLOBAL_UNCERTAINTY_ASSIGNED_CONTEXT ( ( #9858 ) ) GLOBAL_UNIT_ASSIGNED_CONTEXT ( ( #6713, #10531, #7461 ) ) REPRESENTATION_CONTEXT ( 'NONE', 'WORKASPACE' ) );
#4558 = ADVANCED_FACE ( 'NONE', ( #10785 ), #2353, .T. ) ;
#4559 = AXIS2_PLACEMENT_3D ( 'NONE', #11533, #1165, #2034 ) ;
#4560 = FILL_AREA_STYLE ('',( #765 ) ) ;
#4561 = LINE ( 'NONE', #10370, #5426 ) ;
#4562 = SURFACE_STYLE_USAGE ( .BOTH. , #771 ) ;
#4563 = LINE ( 'NONE', #8450, #6800 ) ;
#4564 = AXIS2_PLACEMENT_3D ( 'NONE', #5399, #4280, #6254 ) ;
#4565 = VECTOR ( 'NONE', #1141, 1000.000000000000000 ) ;
#4566 = ADVANCED_FACE ( 'NONE', ( #5168 ), #8169, .T. ) ;
#4567 = SURFACE_STYLE_USAGE ( .BOTH. , #6489 ) ;
#4568 =( GEOMETRIC_REPRESENTATION_CONTEXT ( 3 ) GLOBAL_UNCERTAINTY_ASSIGNED_CONTEXT ( ( #2799 ) ) GLOBAL_UNIT_ASSIGNED_CONTEXT ( ( #5582, #7438, #9403 ) ) REPRESENTATION_CONTEXT ( 'NONE', 'WORKASPACE' ) );
#4569 = EDGE_CURVE ( 'NONE', #6579, #9229, #1499, .T. ) ;
#4570 = EDGE_CURVE ( 'NONE', #6652, #9606, #799, .T. ) ;
#4571 = ORIENTED_EDGE ( 'NONE', *, *, #9629, .F. ) ;
#4572 = SURFACE_STYLE_USAGE ( .BOTH. , #5459 ) ;
#4573 = DIRECTION ( 'NONE',  ( 3.700000000000000011E-14, -0.000000000000000000, -1.000000000000000000 ) ) ;
#4574 = FILL_AREA_STYLE ('',( #521 ) ) ;
#4575 = VECTOR ( 'NONE', #11207, 1000.000000000000000 ) ;
#4576 =( GEOMETRIC_REPRESENTATION_CONTEXT ( 3 ) GLOBAL_UNCERTAINTY_ASSIGNED_CONTEXT ( ( #7977 ) ) GLOBAL_UNIT_ASSIGNED_CONTEXT ( ( #7678, #12360, #9381 ) ) REPRESENTATION_CONTEXT ( 'NONE', 'WORKASPACE' ) );
#4577 = LINE ( 'NONE', #9536, #9439 ) ;
#4578 = DIRECTION ( 'NONE',  ( -3.700000000000000011E-14, 0.000000000000000000, 1.000000000000000000 ) ) ;
#4579 =( NAMED_UNIT ( * ) PLANE_ANGLE_UNIT ( ) SI_UNIT ( $, .RADIAN. ) );
#4580 = CARTESIAN_POINT ( 'NONE',  ( -69.14166666666665151, -10.45000000000000284, 2.999999999999898748 ) ) ;
#4581 = CARTESIAN_POINT ( 'NONE',  ( -69.61111111111110006, -10.45000000000000284, 2.999999999999881428 ) ) ;
#4582 = ORIENTED_EDGE ( 'NONE', *, *, #1691, .F. ) ;
#4583 = AXIS2_PLACEMENT_3D ( 'NONE', #8287, #6317, #7333 ) ;
#4584 = ORIENTED_EDGE ( 'NONE', *, *, #298, .T. ) ;
#4585 = ORIENTED_EDGE ( 'NONE', *, *, #4610, .T. ) ;
#4586 = DIRECTION ( 'NONE',  ( -1.000000000000000078E-15, 1.000000000000000000, 0.000000000000000000 ) ) ;
#4587 = DIRECTION ( 'NONE',  ( 1.000000000000000078E-15, -1.000000000000000000, 0.000000000000000000 ) ) ;
#4588 = DIRECTION ( 'NONE',  ( -0.9959769378880681812, -0.08960992799409672749, -3.678638710706525669E-14 ) ) ;
#4589 = DIRECTION ( 'NONE',  ( -3.422444243843710876E-14, 2.775557561562890384E-30, 1.000000000000000000 ) ) ;
#4590 = FACE_OUTER_BOUND ( 'NONE', #4202, .T. ) ;
#4591 = PRESENTATION_LAYER_ASSIGNMENT (  '', '', ( #8058 ) ) ;
#4592 = CYLINDRICAL_SURFACE ( 'NONE', #8420, 0.1099999999999990846 ) ;
#4593 = LINE ( 'NONE', #12285, #8670 ) ;
#4594 =( LENGTH_UNIT ( ) NAMED_UNIT ( * ) SI_UNIT ( .MILLI., .METRE. ) );
#4595 = COLOUR_RGB ( '',0.007843137254901960675, 0.007843137254901960675, 0.007843137254901960675 ) ;
#4596 = LINE ( 'NONE', #872, #11513 ) ;
#4597 = CARTESIAN_POINT ( 'NONE',  ( -66.56111111111225398, -0.4499999258007983949, 4.049999999999994493 ) ) ;
#4598 = ORIENTED_EDGE ( 'NONE', *, *, #7517, .F. ) ;
#4599 = DIRECTION ( 'NONE',  ( -1.000000000000000000, -1.000000000000000078E-15, -3.700000000000000011E-14 ) ) ;
#4600 = ORIENTED_EDGE ( 'NONE', *, *, #9967, .F. ) ;
#4601 = ORIENTED_EDGE ( 'NONE', *, *, #4422, .F. ) ;
#4602 = ORIENTED_EDGE ( 'NONE', *, *, #1781, .T. ) ;
#4603 = COLOUR_RGB ( '',0.6274509803921568540, 0.6274509803921568540, 0.6274509803921568540 ) ;
#4604 = CIRCLE ( 'NONE', #1496, 0.3999999999999975797 ) ;
#4605 =( NAMED_UNIT ( * ) PLANE_ANGLE_UNIT ( ) SI_UNIT ( $, .RADIAN. ) );
#4606 = DIRECTION ( 'NONE',  ( -0.9959769378880681812, -0.08960992799409671361, -3.688519298735998270E-14 ) ) ;
#4607 = MECHANICAL_DESIGN_GEOMETRIC_PRESENTATION_REPRESENTATION (  '', ( #8868 ), #7856 ) ;
#4608 = COLOUR_RGB ( '',0.9529411764705881804, 0.7960784313725489669, 0.4862745098039215619 ) ;
#4609 = UNCERTAINTY_MEASURE_WITH_UNIT (LENGTH_MEASURE( 1.000000000000000082E-05 ), #1679, 'distance_accuracy_value', 'NONE');
#4610 = EDGE_CURVE ( 'NONE', #5907, #7681, #4596, .T. ) ;
#4611 = DIRECTION ( 'NONE',  ( -1.000000000000000078E-15, 1.000000000000000000, 0.000000000000000000 ) ) ;
#4612 = SURFACE_STYLE_FILL_AREA ( #8739 ) ;
#4613 = ADVANCED_FACE ( 'NONE', ( #8414 ), #4531, .T. ) ;
#4614 = CARTESIAN_POINT ( 'NONE',  ( -67.92500000000114824, 1.099999999999998535, 4.249999999999944045 ) ) ;
#4615 = PRESENTATION_STYLE_ASSIGNMENT (( #10304 ) ) ;
#4616 = ORIENTED_EDGE ( 'NONE', *, *, #3470, .F. ) ;
#4617 = DIRECTION ( 'NONE',  ( 3.700000000000000011E-14, -0.000000000000000000, -1.000000000000000000 ) ) ;
#4618 = MECHANICAL_DESIGN_GEOMETRIC_PRESENTATION_REPRESENTATION (  '', ( #8277 ), #10070 ) ;
#4619 = STYLED_ITEM ( 'NONE', ( #6508 ), #3945 ) ;
#4620 = VERTEX_POINT ( 'NONE', #9305 ) ;
#4621 = ORIENTED_EDGE ( 'NONE', *, *, #2570, .F. ) ;
#4622 = FILL_AREA_STYLE_COLOUR ( '', #9089 ) ;
#4623 = LINE ( 'NONE', #12311, #10244 ) ;
#4624 = PLANE ( 'NONE',  #5496 ) ;
#4625 = SURFACE_STYLE_FILL_AREA ( #6349 ) ;
#4626 = AXIS2_PLACEMENT_3D ( 'NONE', #6933, #9719, #1102 ) ;
#4627 = PRESENTATION_LAYER_ASSIGNMENT (  '', '', ( #8078 ) ) ;
#4628 =( NAMED_UNIT ( * ) PLANE_ANGLE_UNIT ( ) SI_UNIT ( $, .RADIAN. ) );
#4629 = EDGE_CURVE ( 'NONE', #5969, #7470, #6322, .T. ) ;
#4630 = VECTOR ( 'NONE', #1736, 1000.000000000000000 ) ;
#4631 = LINE ( 'NONE', #11441, #9084 ) ;
#4632 = PRESENTATION_LAYER_ASSIGNMENT (  '', '', ( #5229 ) ) ;
#4633 = AXIS2_PLACEMENT_3D ( 'NONE', #3939, #4071, #6875 ) ;
#4634 = DIRECTION ( 'NONE',  ( -1.000000000000000000, -1.000000000000000078E-15, -3.448907672462272700E-14 ) ) ;
#4635 = EDGE_CURVE ( 'NONE', #10453, #5276, #867, .T. ) ;
#4636 = CARTESIAN_POINT ( 'NONE',  ( -61.90000000000003411, -0.4499998509883939013, 4.050000000000165912 ) ) ;
#4637 = ORIENTED_EDGE ( 'NONE', *, *, #1430, .F. ) ;
#4638 = ORIENTED_EDGE ( 'NONE', *, *, #4041, .T. ) ;
#4639 =( GEOMETRIC_REPRESENTATION_CONTEXT ( 3 ) GLOBAL_UNCERTAINTY_ASSIGNED_CONTEXT ( ( #6697 ) ) GLOBAL_UNIT_ASSIGNED_CONTEXT ( ( #10772, #5089, #279 ) ) REPRESENTATION_CONTEXT ( 'NONE', 'WORKASPACE' ) );
#4640 = AXIS2_PLACEMENT_3D ( 'NONE', #5352, #4482, #11039 ) ;
#4641 = DIRECTION ( 'NONE',  ( 0.000000000000000000, 1.000000000000000000, 0.000000000000000000 ) ) ;
#4642 = VECTOR ( 'NONE', #4208, 1000.000000000000000 ) ;
#4643 = ORIENTED_EDGE ( 'NONE', *, *, #11781, .F. ) ;
#4644 =( LENGTH_UNIT ( ) NAMED_UNIT ( * ) SI_UNIT ( .MILLI., .METRE. ) );
#4645 = SURFACE_SIDE_STYLE ('',( #11317 ) ) ;
#4646 = SURFACE_STYLE_USAGE ( .BOTH. , #2717 ) ;
#4647 = EDGE_CURVE ( 'NONE', #6167, #5051, #739, .T. ) ;
#4648 = EDGE_CURVE ( 'NONE', #5402, #2130, #4413, .T. ) ;
#4649 = PLANE ( 'NONE',  #11497 ) ;
#4650 = LINE ( 'NONE', #8529, #7817 ) ;
#4651 = DIRECTION ( 'NONE',  ( 3.700000000000000011E-14, -0.000000000000000000, -1.000000000000000000 ) ) ;
#4652 = DIRECTION ( 'NONE',  ( 8.465138741913960914E-16, -1.000000000000000000, -5.678986654918347737E-30 ) ) ;
#4653 =( GEOMETRIC_REPRESENTATION_CONTEXT ( 3 ) GLOBAL_UNCERTAINTY_ASSIGNED_CONTEXT ( ( #3779 ) ) GLOBAL_UNIT_ASSIGNED_CONTEXT ( ( #1476, #512, #10136 ) ) REPRESENTATION_CONTEXT ( 'NONE', 'WORKASPACE' ) );
#4654 = FILL_AREA_STYLE_COLOUR ( '', #8770 ) ;
#4655 = SURFACE_SIDE_STYLE ('',( #785 ) ) ;
#4656 = EDGE_LOOP ( 'NONE', ( #4534, #6969, #12392, #11365, #6668, #5071, #7532, #10043, #860, #6326, #4480, #3693, #11352, #6993, #10135, #2221, #7871, #9008, #11426, #6519, #2063, #494, #1867, #9684, #5910, #10987, #5467, #8921, #5293, #7792, #6688, #5368, #9413, #3886, #11688, #4807, #6756, #7599, #12097, #568 ) ) ;
#4657 = EDGE_LOOP ( 'NONE', ( #9105, #6552, #1407, #3251, #3357, #10959, #6905 ) ) ;
#4658 = UNCERTAINTY_MEASURE_WITH_UNIT (LENGTH_MEASURE( 1.000000000000000082E-05 ), #5407, 'distance_accuracy_value', 'NONE');
#4659 = LINE ( 'NONE', #1965, #11236 ) ;
#4660 =( GEOMETRIC_REPRESENTATION_CONTEXT ( 3 ) GLOBAL_UNCERTAINTY_ASSIGNED_CONTEXT ( ( #7570 ) ) GLOBAL_UNIT_ASSIGNED_CONTEXT ( ( #9067, #1337, #2438 ) ) REPRESENTATION_CONTEXT ( 'NONE', 'WORKASPACE' ) );
#4661 =( LENGTH_UNIT ( ) NAMED_UNIT ( * ) SI_UNIT ( .MILLI., .METRE. ) );
#4662 = LINE ( 'NONE', #12393, #1581 ) ;
#4663 = CARTESIAN_POINT ( 'NONE',  ( -68.45000000000004547, -9.375000000000001776, 4.599999999999924150 ) ) ;
#4664 = VECTOR ( 'NONE', #11047, 1000.000000000000000 ) ;
#4665 = DIRECTION ( 'NONE',  ( -1.000000000000000000, -1.000000000000000472E-15, -3.699999999999998749E-14 ) ) ;
#4666 = FILL_AREA_STYLE_COLOUR ( '', #4930 ) ;
#4667 = FILL_AREA_STYLE ('',( #9617 ) ) ;
#4668 = CARTESIAN_POINT ( 'NONE',  ( -65.96805555555553724, -3.949999999999999734, 3.000000000000015987 ) ) ;
#4669 = DIRECTION ( 'NONE',  ( -1.000000000000000000, 0.000000000000000000, -3.469446951953515108E-14 ) ) ;
#4670 = CARTESIAN_POINT ( 'NONE',  ( -70.54999999999999716, -3.950000000000003730, 3.299999999999846612 ) ) ;
#4671 = ORIENTED_EDGE ( 'NONE', *, *, #5094, .F. ) ;
#4672 = CARTESIAN_POINT ( 'NONE',  ( -63.18888888888886157, -10.44999999999999574, 3.000000000000119016 ) ) ;
#4673 = CARTESIAN_POINT ( 'NONE',  ( -70.69999999999998863, -10.45000000000000284, 3.299999979883273316 ) ) ;
#4674 = AXIS2_PLACEMENT_3D ( 'NONE', #11095, #5415, #738 ) ;
#4675 = ORIENTED_EDGE ( 'NONE', *, *, #11049, .F. ) ;
#4676 = VECTOR ( 'NONE', #6705, 1000.000000000000000 ) ;
#4677 = VERTEX_POINT ( 'NONE', #12287 ) ;
#4678 = ORIENTED_EDGE ( 'NONE', *, *, #2897, .F. ) ;
#4679 = SURFACE_SIDE_STYLE ('',( #7474 ) ) ;
#4680 = PRESENTATION_STYLE_ASSIGNMENT (( #4740 ) ) ;
#4681 = CARTESIAN_POINT ( 'NONE',  ( -70.45000000000004547, -9.500000000000003553, 4.599999999999850431 ) ) ;
#4682 = FACE_OUTER_BOUND ( 'NONE', #10707, .T. ) ;
#4683 = PLANE ( 'NONE',  #323 ) ;
#4684 =( NAMED_UNIT ( * ) SI_UNIT ( $, .STERADIAN. ) SOLID_ANGLE_UNIT ( ) );
#4685 = AXIS2_PLACEMENT_3D ( 'NONE', #8749, #5952, #4889 ) ;
#4686 = CARTESIAN_POINT ( 'NONE',  ( -61.35000000000004405, -10.44999999999999396, 4.600000000000187050 ) ) ;
#4687 = ORIENTED_EDGE ( 'NONE', *, *, #2639, .T. ) ;
#4688 = DIRECTION ( 'NONE',  ( 3.695424905016041633E-14, 3.695424905016041654E-29, -1.000000000000000000 ) ) ;
#4689 = EDGE_CURVE ( 'NONE', #6667, #11954, #10219, .T. ) ;
#4690 = EDGE_LOOP ( 'NONE', ( #7852, #6702, #3871, #8066 ) ) ;
#4691 = ORIENTED_EDGE ( 'NONE', *, *, #6942, .T. ) ;
#4692 =( NAMED_UNIT ( * ) SI_UNIT ( $, .STERADIAN. ) SOLID_ANGLE_UNIT ( ) );
#4693 = LINE ( 'NONE', #6602, #8260 ) ;
#4694 = FILL_AREA_STYLE ('',( #5709 ) ) ;
#4695 = EDGE_CURVE ( 'NONE', #493, #1740, #8354, .T. ) ;
#4696 = DIRECTION ( 'NONE',  ( 0.000000000000000000, 0.000000000000000000, 1.000000000000000000 ) ) ;
#4697 = CARTESIAN_POINT ( 'NONE',  ( -65.92201378195157702, -8.174896124021048038, 2.310000000000017817 ) ) ;
#4698 = UNCERTAINTY_MEASURE_WITH_UNIT (LENGTH_MEASURE( 1.000000000000000082E-05 ), #1031, 'distance_accuracy_value', 'NONE');
#4699 = CARTESIAN_POINT ( 'NONE',  ( -61.14999999999998437, 1.550000000000006262, 2.700000000000194245 ) ) ;
#4700 = SURFACE_STYLE_USAGE ( .BOTH. , #7625 ) ;
#4701 = CARTESIAN_POINT ( 'NONE',  ( -70.54999999999996874, -10.45000000000000284, 2.999999999999846345 ) ) ;
#4702 = CARTESIAN_POINT ( 'NONE',  ( -70.89999999999999147, -10.45000000000000462, 3.299999999999833733 ) ) ;
#4703 = ADVANCED_FACE ( 'NONE', ( #10286 ), #9488, .F. ) ;
#4704 = VERTEX_POINT ( 'NONE', #6834 ) ;
#4705 = ORIENTED_EDGE ( 'NONE', *, *, #7158, .F. ) ;
#4706 = LINE ( 'NONE', #6755, #3895 ) ;
#4707 = ORIENTED_EDGE ( 'NONE', *, *, #3388, .T. ) ;
#4708 = CARTESIAN_POINT ( 'NONE',  ( -69.76111111111110574, -10.45000000000000284, 3.299999999999875921 ) ) ;
#4709 = LINE ( 'NONE', #1721, #1953 ) ;
#4710 = MECHANICAL_DESIGN_GEOMETRIC_PRESENTATION_REPRESENTATION (  '', ( #3505 ), #7142 ) ;
#4711 = CARTESIAN_POINT ( 'NONE',  ( -71.25000000000001421, -10.45000000000000462, 3.715685424949059623 ) ) ;
#4712 = CARTESIAN_POINT ( 'NONE',  ( -69.61111111111110006, -10.45000000000000284, 3.299999999999881251 ) ) ;
#4713 = DIRECTION ( 'NONE',  ( -3.700000000000000011E-14, 0.000000000000000000, 1.000000000000000000 ) ) ;
#4714 = EDGE_CURVE ( 'NONE', #11299, #7681, #12401, .T. ) ;
#4715 = LINE ( 'NONE', #9540, #11357 ) ;
#4716 =( NAMED_UNIT ( * ) SI_UNIT ( $, .STERADIAN. ) SOLID_ANGLE_UNIT ( ) );
#4717 = EDGE_CURVE ( 'NONE', #6386, #8, #7836, .T. ) ;
#4718 = DIRECTION ( 'NONE',  ( 1.000000000000000078E-15, -1.000000000000000000, 0.000000000000000000 ) ) ;
#4719 = ORIENTED_EDGE ( 'NONE', *, *, #1668, .F. ) ;
#4720 = ORIENTED_EDGE ( 'NONE', *, *, #7056, .F. ) ;
#4721 = DIRECTION ( 'NONE',  ( 3.700000000000000011E-14, -0.000000000000000000, -1.000000000000000000 ) ) ;
#4722 = CARTESIAN_POINT ( 'NONE',  ( -62.71944444444444144, -10.44999999999999574, 3.300000000000136158 ) ) ;
#4723 = PRESENTATION_LAYER_ASSIGNMENT (  '', '', ( #7965 ) ) ;
#4724 = CARTESIAN_POINT ( 'NONE',  ( -70.69999999999998863, -3.950000000000003730, 2.999999999999841460 ) ) ;
#4725 = SURFACE_SIDE_STYLE ('',( #4797 ) ) ;
#4726 = CARTESIAN_POINT ( 'NONE',  ( -61.54999999999996874, -2.449999999999993960, 2.500000000000179856 ) ) ;
#4727 = CARTESIAN_POINT ( 'NONE',  ( -71.65000000000003411, -4.450000000000004619, 4.249999999999819700 ) ) ;
#4728 = AXIS2_PLACEMENT_3D ( 'NONE', #7914, #1128, #3065 ) ;
#4729 = EDGE_CURVE ( 'NONE', #2817, #4620, #5924, .T. ) ;
#4730 = CARTESIAN_POINT ( 'NONE',  ( -70.25000000000002842, -9.500000000000003553, 4.599999999999857536 ) ) ;
#4731 = FILL_AREA_STYLE ('',( #11278 ) ) ;
#4732 = VERTEX_POINT ( 'NONE', #94 ) ;
#4733 = MECHANICAL_DESIGN_GEOMETRIC_PRESENTATION_REPRESENTATION (  '', ( #8990 ), #12367 ) ;
#4734 = DIRECTION ( 'NONE',  ( -0.7035350768365457030, 0.7106605347566415931, -2.618413556340383573E-14 ) ) ;
#4735 = ORIENTED_EDGE ( 'NONE', *, *, #2341, .T. ) ;
#4736 = ORIENTED_EDGE ( 'NONE', *, *, #1649, .T. ) ;
#4737 = VERTEX_POINT ( 'NONE', #11590 ) ;
#4738 = ADVANCED_FACE ( 'NONE', ( #8547 ), #7723, .T. ) ;
#4739 = DIRECTION ( 'NONE',  ( 0.000000000000000000, 1.000000000000000000, 0.000000000000000000 ) ) ;
#4740 = SURFACE_STYLE_USAGE ( .BOTH. , #6588 ) ;
#4741 =( NAMED_UNIT ( * ) SI_UNIT ( $, .STERADIAN. ) SOLID_ANGLE_UNIT ( ) );
#4742 = UNCERTAINTY_MEASURE_WITH_UNIT (LENGTH_MEASURE( 1.000000000000000082E-05 ), #2837, 'distance_accuracy_value', 'NONE');
#4743 = LINE ( 'NONE', #3738, #9251 ) ;
#4744 = FILL_AREA_STYLE ('',( #947 ) ) ;
#4745 = CARTESIAN_POINT ( 'NONE',  ( -62.94999945250113882, -0.7499999999999954481, 4.250000000000127898 ) ) ;
#4746 = FACE_OUTER_BOUND ( 'NONE', #5191, .T. ) ;
#4747 = ORIENTED_EDGE ( 'NONE', *, *, #7913, .T. ) ;
#4748 = CARTESIAN_POINT ( 'NONE',  ( -68.33431457505072615, -7.950000000000000178, 2.299999999999928768 ) ) ;
#4749 = STYLED_ITEM ( 'NONE', ( #5010 ), #9081 ) ;
#4750 = COLOUR_RGB ( '',0.007843137254901960675, 0.007843137254901960675, 0.007843137254901960675 ) ;
#4751 = VERTEX_POINT ( 'NONE', #9738 ) ;
#4752 = ORIENTED_EDGE ( 'NONE', *, *, #8545, .T. ) ;
#4753 = LINE ( 'NONE', #3925, #7875 ) ;
#4754 = LINE ( 'NONE', #2767, #1643 ) ;
#4755 = DIRECTION ( 'NONE',  ( -1.000000000000000000, -1.000000000000000472E-15, -3.699999999999998749E-14 ) ) ;
#4756 =( LENGTH_UNIT ( ) NAMED_UNIT ( * ) SI_UNIT ( .MILLI., .METRE. ) );
#4757 = STYLED_ITEM ( 'NONE', ( #2123 ), #9343 ) ;
#4758 = CIRCLE ( 'NONE', #5764, 0.8060883600805396343 ) ;
#4759 = LINE ( 'NONE', #8629, #8902 ) ;
#4760 = DIRECTION ( 'NONE',  ( -1.000000000000000078E-15, 1.000000000000000000, 0.000000000000000000 ) ) ;
#4761 = CARTESIAN_POINT ( 'NONE',  ( -66.38999999999995794, -4.915476664617918878, 2.300000000000000711 ) ) ;
#4762 = DIRECTION ( 'NONE',  ( 1.000000000000000000, 2.253215950407110108E-15, 3.700233906981714543E-14 ) ) ;
#4763 = SURFACE_STYLE_USAGE ( .BOTH. , #968 ) ;
#4764 =( GEOMETRIC_REPRESENTATION_CONTEXT ( 3 ) GLOBAL_UNCERTAINTY_ASSIGNED_CONTEXT ( ( #6980 ) ) GLOBAL_UNIT_ASSIGNED_CONTEXT ( ( #5037, #7783, #11766 ) ) REPRESENTATION_CONTEXT ( 'NONE', 'WORKASPACE' ) );
#4765 = ORIENTED_EDGE ( 'NONE', *, *, #3564, .F. ) ;
#4766 = VERTEX_POINT ( 'NONE', #932 ) ;
#4767 = AXIS2_PLACEMENT_3D ( 'NONE', #10986, #11978, #10867 ) ;
#4768 = VERTEX_POINT ( 'NONE', #11648 ) ;
#4769 = AXIS2_PLACEMENT_3D ( 'NONE', #2145, #6828, #8783 ) ;
#4770 = LINE ( 'NONE', #1035, #10667 ) ;
#4771 = PRESENTATION_STYLE_ASSIGNMENT (( #6812 ) ) ;
#4772 = ORIENTED_EDGE ( 'NONE', *, *, #5553, .F. ) ;
#4773 = FILL_AREA_STYLE ('',( #978 ) ) ;
#4774 = UNCERTAINTY_MEASURE_WITH_UNIT (LENGTH_MEASURE( 1.000000000000000082E-05 ), #9698, 'distance_accuracy_value', 'NONE');
#4775 = FILL_AREA_STYLE ('',( #7442 ) ) ;
#4776 = CIRCLE ( 'NONE', #4973, 0.4000000000000024092 ) ;
#4777 = EDGE_CURVE ( 'NONE', #11851, #5174, #9509, .T. ) ;
#4778 = PRESENTATION_LAYER_ASSIGNMENT (  '', '', ( #11959 ) ) ;
#4779 = DIRECTION ( 'NONE',  ( 3.700000000000000011E-14, -0.000000000000000000, -1.000000000000000000 ) ) ;
#4780 = EDGE_CURVE ( 'NONE', #12273, #2682, #3049, .T. ) ;
#4781 = STYLED_ITEM ( 'NONE', ( #6043 ), #12123 ) ;
#4782 =( NAMED_UNIT ( * ) PLANE_ANGLE_UNIT ( ) SI_UNIT ( $, .RADIAN. ) );
#4783 = DIRECTION ( 'NONE',  ( 3.701809683000205097E-14, 1.809683000204900225E-32, -1.000000000000000000 ) ) ;
#4784 = CARTESIAN_POINT ( 'NONE',  ( -66.91876734635691548, -4.916632059693410994, 2.299999999999980727 ) ) ;
#4785 = ORIENTED_EDGE ( 'NONE', *, *, #9146, .F. ) ;
#4786 = VECTOR ( 'NONE', #2308, 1000.000000000000000 ) ;
#4787 = EDGE_LOOP ( 'NONE', ( #1083, #4538, #3215, #7123 ) ) ;
#4788 = UNCERTAINTY_MEASURE_WITH_UNIT (LENGTH_MEASURE( 1.000000000000000082E-05 ), #1527, 'distance_accuracy_value', 'NONE');
#4789 =( NAMED_UNIT ( * ) SI_UNIT ( $, .STERADIAN. ) SOLID_ANGLE_UNIT ( ) );
#4790 = VECTOR ( 'NONE', #9875, 999.9999999999998863 ) ;
#4791 =( NAMED_UNIT ( * ) PLANE_ANGLE_UNIT ( ) SI_UNIT ( $, .RADIAN. ) );
#4792 = AXIS2_PLACEMENT_3D ( 'NONE', #1007, #5550, #12413 ) ;
#4793 = LINE ( 'NONE', #3903, #6158 ) ;
#4794 = CARTESIAN_POINT ( 'NONE',  ( -70.23431457505073183, -2.450000000000002398, 2.299999999999858602 ) ) ;
#4795 = PRESENTATION_STYLE_ASSIGNMENT (( #9357 ) ) ;
#4796 = SURFACE_SIDE_STYLE ('',( #9358 ) ) ;
#4797 = SURFACE_STYLE_FILL_AREA ( #2806 ) ;
#4798 = PRESENTATION_LAYER_ASSIGNMENT (  '', '', ( #3193 ) ) ;
#4799 = EDGE_CURVE ( 'NONE', #4942, #1326, #10461, .T. ) ;
#4800 = DIRECTION ( 'NONE',  ( 1.000000000000000078E-15, -1.000000000000000000, 0.000000000000000000 ) ) ;
#4801 = PRESENTATION_LAYER_ASSIGNMENT (  '', '', ( #3974 ) ) ;
#4802 = ORIENTED_EDGE ( 'NONE', *, *, #9455, .T. ) ;
#4803 = FILL_AREA_STYLE_COLOUR ( '', #717 ) ;
#4804 = CARTESIAN_POINT ( 'NONE',  ( -66.63910820442964678, -5.199123611138539047, 2.299999999999991385 ) ) ;
#4805 = VECTOR ( 'NONE', #6596, 999.9999999999998863 ) ;
#4806 = EDGE_CURVE ( 'NONE', #8885, #286, #8696, .T. ) ;
#4807 = ORIENTED_EDGE ( 'NONE', *, *, #5740, .T. ) ;
#4808 = ORIENTED_EDGE ( 'NONE', *, *, #5898, .F. ) ;
#4809 = ORIENTED_EDGE ( 'NONE', *, *, #7501, .F. ) ;
#4810 = DIRECTION ( 'NONE',  ( 3.700000000000000011E-14, -0.000000000000000000, -1.000000000000000000 ) ) ;
#4811 = DIRECTION ( 'NONE',  ( 0.000000000000000000, -1.000000000000000000, 0.000000000000000000 ) ) ;
#4812 = AXIS2_PLACEMENT_3D ( 'NONE', #3594, #9555, #7464 ) ;
#4813 =( NAMED_UNIT ( * ) PLANE_ANGLE_UNIT ( ) SI_UNIT ( $, .RADIAN. ) );
#4814 = STYLED_ITEM ( 'NONE', ( #1137 ), #11420 ) ;
#4815 = EDGE_CURVE ( 'NONE', #7386, #4401, #9619, .T. ) ;
#4816 =( NAMED_UNIT ( * ) PLANE_ANGLE_UNIT ( ) SI_UNIT ( $, .RADIAN. ) );
#4817 = EDGE_CURVE ( 'NONE', #8393, #493, #10597, .T. ) ;
#4818 = DIRECTION ( 'NONE',  ( -0.03909037293414738268, -0.9992356792788522624, 0.000000000000000000 ) ) ;
#4819 = UNCERTAINTY_MEASURE_WITH_UNIT (LENGTH_MEASURE( 1.000000000000000082E-05 ), #548, 'distance_accuracy_value', 'NONE');
#4820 = EDGE_CURVE ( 'NONE', #2029, #8709, #8915, .T. ) ;
#4821 = VERTEX_POINT ( 'NONE', #5030 ) ;
#4822 =( GEOMETRIC_REPRESENTATION_CONTEXT ( 3 ) GLOBAL_UNCERTAINTY_ASSIGNED_CONTEXT ( ( #4016 ) ) GLOBAL_UNIT_ASSIGNED_CONTEXT ( ( #241, #5057, #10621 ) ) REPRESENTATION_CONTEXT ( 'NONE', 'WORKASPACE' ) );
#4823 = VERTEX_POINT ( 'NONE', #10904 ) ;
#4824 = ORIENTED_EDGE ( 'NONE', *, *, #2256, .F. ) ;
#4825 = DIRECTION ( 'NONE',  ( -1.000000000000000078E-15, 1.000000000000000000, 0.000000000000000000 ) ) ;
#4826 =( NAMED_UNIT ( * ) PLANE_ANGLE_UNIT ( ) SI_UNIT ( $, .RADIAN. ) );
#4827 = MECHANICAL_DESIGN_GEOMETRIC_PRESENTATION_REPRESENTATION (  '', ( #8067 ), #1044 ) ;
#4828 = CARTESIAN_POINT ( 'NONE',  ( -66.85876734635691321, -5.820804194777469576, 2.299999999999983391 ) ) ;
#4829 = MECHANICAL_DESIGN_GEOMETRIC_PRESENTATION_REPRESENTATION (  '', ( #5212 ), #8423 ) ;
#4830 = UNCERTAINTY_MEASURE_WITH_UNIT (LENGTH_MEASURE( 1.000000000000000082E-05 ), #5679, 'distance_accuracy_value', 'NONE');
#4831 = AXIS2_PLACEMENT_3D ( 'NONE', #2861, #6633, #4587 ) ;
#4832 = FILL_AREA_STYLE_COLOUR ( '', #9420 ) ;
#4833 = ORIENTED_EDGE ( 'NONE', *, *, #7219, .F. ) ;
#4834 = ORIENTED_EDGE ( 'NONE', *, *, #4384, .F. ) ;
#4835 = ORIENTED_EDGE ( 'NONE', *, *, #1977, .F. ) ;
#4836 = PRESENTATION_STYLE_ASSIGNMENT (( #9589 ) ) ;
#4837 = DIRECTION ( 'NONE',  ( 1.000000000000000000, 1.000000000000000078E-15, 3.701809683000205097E-14 ) ) ;
#4838 = PRESENTATION_LAYER_ASSIGNMENT (  '', '', ( #10272 ) ) ;
#4839 = ORIENTED_EDGE ( 'NONE', *, *, #11414, .F. ) ;
#4840 = PRESENTATION_STYLE_ASSIGNMENT (( #1040 ) ) ;
#4841 = LINE ( 'NONE', #9826, #7186 ) ;
#4842 = SURFACE_SIDE_STYLE ('',( #11577 ) ) ;
#4843 = ADVANCED_FACE ( 'NONE', ( #11706 ), #4089, .F. ) ;
#4844 = LINE ( 'NONE', #4712, #1167 ) ;
#4845 = CARTESIAN_POINT ( 'NONE',  ( -65.11666666666782533, -0.4499999999999972911, 4.250000000000047962 ) ) ;
#4846 = MECHANICAL_DESIGN_GEOMETRIC_PRESENTATION_REPRESENTATION (  '', ( #1068 ), #1651 ) ;
#4847 = PRESENTATION_LAYER_ASSIGNMENT (  '', '', ( #3059 ) ) ;
#4848 = FACE_OUTER_BOUND ( 'NONE', #745, .T. ) ;
#4849 = MECHANICAL_DESIGN_GEOMETRIC_PRESENTATION_REPRESENTATION (  '', ( #10279 ), #3635 ) ;
#4850 = STYLED_ITEM ( 'NONE', ( #8544 ), #9521 ) ;
#4851 = AXIS2_PLACEMENT_3D ( 'NONE', #11189, #714, #8395 ) ;
#4852 = STYLED_ITEM ( 'NONE', ( #4366 ), #2694 ) ;
#4853 = VECTOR ( 'NONE', #9302, 1000.000000000000000 ) ;
#4854 = CARTESIAN_POINT ( 'NONE',  ( -68.00555555555671106, 3.550000074505798242, 4.049999999999941203 ) ) ;
#4855 = EDGE_LOOP ( 'NONE', ( #7984, #11430, #5080, #5132 ) ) ;
#4856 = ORIENTED_EDGE ( 'NONE', *, *, #6283, .T. ) ;
#4857 = EDGE_CURVE ( 'NONE', #5672, #9260, #9962, .T. ) ;
#4858 = DIRECTION ( 'NONE',  ( -3.700000000000000011E-14, 0.000000000000000000, 1.000000000000000000 ) ) ;
#4859 = CARTESIAN_POINT ( 'NONE',  ( -64.15000000000004832, -8.099999999999996092, 4.800000000000083311 ) ) ;
#4860 = PLANE ( 'NONE',  #2959 ) ;
#4861 = ADVANCED_FACE ( 'NONE', ( #1169 ), #4968, .T. ) ;
#4862 =( GEOMETRIC_REPRESENTATION_CONTEXT ( 3 ) GLOBAL_UNCERTAINTY_ASSIGNED_CONTEXT ( ( #7844 ) ) GLOBAL_UNIT_ASSIGNED_CONTEXT ( ( #10700, #7941, #5012 ) ) REPRESENTATION_CONTEXT ( 'NONE', 'WORKASPACE' ) );
#4863 = FILL_AREA_STYLE_COLOUR ( '', #10661 ) ;
#4864 = PRESENTATION_STYLE_ASSIGNMENT (( #151 ) ) ;
#4865 = CARTESIAN_POINT ( 'NONE',  ( -62.56568542494920848, -2.199999617645515659, 2.500000000000141664 ) ) ;
#4866 = ORIENTED_EDGE ( 'NONE', *, *, #2954, .T. ) ;
#4867 = STYLED_ITEM ( 'NONE', ( #4017 ), #458 ) ;
#4868 = SURFACE_STYLE_USAGE ( .BOTH. , #10721 ) ;
#4869 = ADVANCED_FACE ( 'NONE', ( #10020 ), #9913, .T. ) ;
#4870 = VECTOR ( 'NONE', #4617, 1000.000000000000000 ) ;
#4871 = ORIENTED_EDGE ( 'NONE', *, *, #730, .T. ) ;
#4872 = AXIS2_PLACEMENT_3D ( 'NONE', #5135, #6231, #9015 ) ;
#4873 = ORIENTED_EDGE ( 'NONE', *, *, #4261, .T. ) ;
#4874 = PRESENTATION_STYLE_ASSIGNMENT (( #10474 ) ) ;
#4875 = LINE ( 'NONE', #10841, #3213 ) ;
#4876 = SURFACE_SIDE_STYLE ('',( #3914 ) ) ;
#4877 = UNCERTAINTY_MEASURE_WITH_UNIT (LENGTH_MEASURE( 1.000000000000000082E-05 ), #6330, 'distance_accuracy_value', 'NONE');
#4878 =( NAMED_UNIT ( * ) PLANE_ANGLE_UNIT ( ) SI_UNIT ( $, .RADIAN. ) );
#4879 = DIRECTION ( 'NONE',  ( -3.700000000000000011E-14, 0.000000000000000000, 1.000000000000000000 ) ) ;
#4880 = DIRECTION ( 'NONE',  ( -1.000000000000000078E-15, 1.000000000000000000, 0.000000000000000000 ) ) ;
#4881 = DIRECTION ( 'NONE',  ( -1.000000000000000078E-15, 1.000000000000000000, 0.000000000000000000 ) ) ;
#4882 = SURFACE_STYLE_FILL_AREA ( #7978 ) ;
#4883 = PRESENTATION_LAYER_ASSIGNMENT (  '', '', ( #6496 ) ) ;
#4884 = ORIENTED_EDGE ( 'NONE', *, *, #7665, .T. ) ;
#4885 = PLANE ( 'NONE',  #9908 ) ;
#4886 = ORIENTED_EDGE ( 'NONE', *, *, #6727, .F. ) ;
#4887 = ORIENTED_EDGE ( 'NONE', *, *, #3605, .T. ) ;
#4888 = SURFACE_SIDE_STYLE ('',( #5951 ) ) ;
#4889 = DIRECTION ( 'NONE',  ( -1.000000000000000000, -1.000000000000000078E-15, -3.700000000000000011E-14 ) ) ;
#4890 =( NAMED_UNIT ( * ) SI_UNIT ( $, .STERADIAN. ) SOLID_ANGLE_UNIT ( ) );
#4891 = DIRECTION ( 'NONE',  ( 1.000000000000000078E-15, -1.000000000000000000, 0.000000000000000000 ) ) ;
#4892 = EDGE_CURVE ( 'NONE', #8688, #11610, #11495, .T. ) ;
#4893 = SURFACE_STYLE_FILL_AREA ( #1097 ) ;
#4894 = EDGE_LOOP ( 'NONE', ( #8674, #7812, #8654, #8979 ) ) ;
#4895 = ORIENTED_EDGE ( 'NONE', *, *, #8795, .F. ) ;
#4896 = ORIENTED_EDGE ( 'NONE', *, *, #11721, .F. ) ;
#4897 = CARTESIAN_POINT ( 'NONE',  ( -61.15000000000003411, -1.449999999999994627, 4.250000000000194511 ) ) ;
#4898 = PLANE ( 'NONE',  #9501 ) ;
#4899 = ORIENTED_EDGE ( 'NONE', *, *, #6120, .F. ) ;
#4900 = SURFACE_STYLE_USAGE ( .BOTH. , #10927 ) ;
#4901 = UNCERTAINTY_MEASURE_WITH_UNIT (LENGTH_MEASURE( 1.000000000000000082E-05 ), #4332, 'distance_accuracy_value', 'NONE');
#4902 = CARTESIAN_POINT ( 'NONE',  ( -66.28508571451726539, -6.469648114959189122, 2.300000000000004263 ) ) ;
#4903 = DIRECTION ( 'NONE',  ( -1.000000000000000000, -1.000000000000000078E-15, -3.700000000000000011E-14 ) ) ;
#4904 = LINE ( 'NONE', #6819, #12207 ) ;
#4905 = ORIENTED_EDGE ( 'NONE', *, *, #1726, .F. ) ;
#4906 = VERTEX_POINT ( 'NONE', #4 ) ;
#4907 = DIRECTION ( 'NONE',  ( -1.000000000000000000, -1.000000000000000078E-15, -3.700000000000000011E-14 ) ) ;
#4908 =( NAMED_UNIT ( * ) PLANE_ANGLE_UNIT ( ) SI_UNIT ( $, .RADIAN. ) );
#4909 =( NAMED_UNIT ( * ) PLANE_ANGLE_UNIT ( ) SI_UNIT ( $, .RADIAN. ) );
#4910 = PRESENTATION_STYLE_ASSIGNMENT (( #3907 ) ) ;
#4911 = ADVANCED_FACE ( 'NONE', ( #9583 ), #10502, .F. ) ;
#4912 = ORIENTED_EDGE ( 'NONE', *, *, #6175, .F. ) ;
#4913 = CARTESIAN_POINT ( 'NONE',  ( -62.56944444444442865, -3.949999999999996181, 3.075000000000141842 ) ) ;
#4914 = VECTOR ( 'NONE', #7576, 1000.000000000000000 ) ;
#4915 = CARTESIAN_POINT ( 'NONE',  ( -66.50390903729338277, -2.054065133228777817, 2.299999999999996270 ) ) ;
#4916 = ORIENTED_EDGE ( 'NONE', *, *, #9356, .T. ) ;
#4917 = ORIENTED_EDGE ( 'NONE', *, *, #8795, .T. ) ;
#4918 = VERTEX_POINT ( 'NONE', #528 ) ;
#4919 = SURFACE_SIDE_STYLE ('',( #1125 ) ) ;
#4920 = DIRECTION ( 'NONE',  ( -0.03909037293414738268, -0.9992356792788522624, 0.000000000000000000 ) ) ;
#4921 = DIRECTION ( 'NONE',  ( -1.000000000000000000, -1.000000000000000078E-15, -3.700000000000000011E-14 ) ) ;
#4922 = CARTESIAN_POINT ( 'NONE',  ( -66.00555555555554577, -10.44999999999999929, 3.000000000000014655 ) ) ;
#4923 = DIRECTION ( 'NONE',  ( 0.000000000000000000, -1.000000000000000000, 0.000000000000000000 ) ) ;
#4924 = MECHANICAL_DESIGN_GEOMETRIC_PRESENTATION_REPRESENTATION (  '', ( #3326 ), #7355 ) ;
#4925 = CARTESIAN_POINT ( 'NONE',  ( -65.98701378195157474, -8.174896124021048038, 2.300000000000015365 ) ) ;
#4926 = CARTESIAN_POINT ( 'NONE',  ( -66.76111111111225682, 4.050000074505800463, 4.049999999999986500 ) ) ;
#4927 = EDGE_CURVE ( 'NONE', #2315, #7966, #11510, .T. ) ;
#4928 = VERTEX_POINT ( 'NONE', #3398 ) ;
#4929 =( LENGTH_UNIT ( ) NAMED_UNIT ( * ) SI_UNIT ( .MILLI., .METRE. ) );
#4930 = COLOUR_RGB ( '',0.9529411764705881804, 0.7960784313725489669, 0.4862745098039215619 ) ;
#4931 = ORIENTED_EDGE ( 'NONE', *, *, #10497, .T. ) ;
#4932 = EDGE_LOOP ( 'NONE', ( #387, #4835, #7503, #1718 ) ) ;
#4933 = SURFACE_STYLE_FILL_AREA ( #8119 ) ;
#4934 = SURFACE_STYLE_FILL_AREA ( #363 ) ;
#4935 = STYLED_ITEM ( 'NONE', ( #7190 ), #1283 ) ;
#4936 =( NAMED_UNIT ( * ) SI_UNIT ( $, .STERADIAN. ) SOLID_ANGLE_UNIT ( ) );
#4937 = UNCERTAINTY_MEASURE_WITH_UNIT (LENGTH_MEASURE( 1.000000000000000082E-05 ), #4005, 'distance_accuracy_value', 'NONE');
#4938 = CARTESIAN_POINT ( 'NONE',  ( -62.56568542494919427, -2.199999617645515659, 2.300000000000142375 ) ) ;
#4939 = STYLED_ITEM ( 'NONE', ( #8784 ), #8942 ) ;
#4940 = DIRECTION ( 'NONE',  ( -1.000000000000000000, -1.000000000000000078E-15, -3.700000000000000011E-14 ) ) ;
#4941 = DIRECTION ( 'NONE',  ( -3.695877884809559986E-14, 4.122115190439933564E-32, 1.000000000000000000 ) ) ;
#4942 = VERTEX_POINT ( 'NONE', #4701 ) ;
#4943 = VERTEX_POINT ( 'NONE', #11135 ) ;
#4944 = ORIENTED_EDGE ( 'NONE', *, *, #5374, .F. ) ;
#4945 = EDGE_CURVE ( 'NONE', #11852, #8046, #6368, .T. ) ;
#4946 = LINE ( 'NONE', #9945, #8481 ) ;
#4947 =( GEOMETRIC_REPRESENTATION_CONTEXT ( 3 ) GLOBAL_UNCERTAINTY_ASSIGNED_CONTEXT ( ( #705 ) ) GLOBAL_UNIT_ASSIGNED_CONTEXT ( ( #5133, #9014, #453 ) ) REPRESENTATION_CONTEXT ( 'NONE', 'WORKASPACE' ) );
#4948 = FILL_AREA_STYLE_COLOUR ( '', #1715 ) ;
#4949 = COLOUR_RGB ( '',0.9529411764705881804, 0.7960784313725489669, 0.4862745098039215619 ) ;
#4950 = ORIENTED_EDGE ( 'NONE', *, *, #12054, .T. ) ;
#4951 = ADVANCED_FACE ( 'NONE', ( #5648 ), #7263, .T. ) ;
#4952 = ORIENTED_EDGE ( 'NONE', *, *, #7913, .F. ) ;
#4953 =( GEOMETRIC_REPRESENTATION_CONTEXT ( 3 ) GLOBAL_UNCERTAINTY_ASSIGNED_CONTEXT ( ( #7992 ) ) GLOBAL_UNIT_ASSIGNED_CONTEXT ( ( #7306, #2957, #5838 ) ) REPRESENTATION_CONTEXT ( 'NONE', 'WORKASPACE' ) );
#4954 = ADVANCED_FACE ( 'NONE', ( #10747 ), #10688, .F. ) ;
#4955 = MECHANICAL_DESIGN_GEOMETRIC_PRESENTATION_REPRESENTATION (  '', ( #2780 ), #9813 ) ;
#4956 = CARTESIAN_POINT ( 'NONE',  ( -71.45000000000003126, -1.450000000000005063, 4.124999999999820588 ) ) ;
#4957 = EDGE_CURVE ( 'NONE', #5523, #743, #1276, .T. ) ;
#4958 = SURFACE_SIDE_STYLE ('',( #2267 ) ) ;
#4959 = VERTEX_POINT ( 'NONE', #3079 ) ;
#4960 = EDGE_LOOP ( 'NONE', ( #4111, #4896, #6075, #6939 ) ) ;
#4961 = FACE_OUTER_BOUND ( 'NONE', #10751, .T. ) ;
#4962 = DIRECTION ( 'NONE',  ( -1.000000000000000000, -1.173472347597680984E-15, -3.700000000000000011E-14 ) ) ;
#4963 = LINE ( 'NONE', #4794, #11792 ) ;
#4964 = STYLED_ITEM ( 'NONE', ( #4023 ), #6165 ) ;
#4965 = VECTOR ( 'NONE', #344, 1000.000000000000000 ) ;
#4966 = FILL_AREA_STYLE ('',( #4087 ) ) ;
#4967 = SURFACE_SIDE_STYLE ('',( #11647 ) ) ;
#4968 = PLANE ( 'NONE',  #462 ) ;
#4969 =( LENGTH_UNIT ( ) NAMED_UNIT ( * ) SI_UNIT ( .MILLI., .METRE. ) );
#4970 = ORIENTED_EDGE ( 'NONE', *, *, #3102, .F. ) ;
#4971 = SURFACE_STYLE_USAGE ( .BOTH. , #5926 ) ;
#4972 = FILL_AREA_STYLE_COLOUR ( '', #10796 ) ;
#4973 = AXIS2_PLACEMENT_3D ( 'NONE', #6502, #7577, #9541 ) ;
#4974 = PRESENTATION_LAYER_ASSIGNMENT (  '', '', ( #4165 ) ) ;
#4975 = ORIENTED_EDGE ( 'NONE', *, *, #8370, .F. ) ;
#4976 = VERTEX_POINT ( 'NONE', #3880 ) ;
#4977 = ORIENTED_EDGE ( 'NONE', *, *, #4689, .T. ) ;
#4978 = CARTESIAN_POINT ( 'NONE',  ( -64.55972222222220580, -3.949999999999997957, 3.000000000000067946 ) ) ;
#4979 = DIRECTION ( 'NONE',  ( -3.700000000000000011E-14, 0.000000000000000000, 1.000000000000000000 ) ) ;
#4980 = CARTESIAN_POINT ( 'NONE',  ( -71.25000000000002842, -5.204170427930421283E-15, 3.715685424949058735 ) ) ;
#4981 = PRESENTATION_LAYER_ASSIGNMENT (  '', '', ( #12219 ) ) ;
#4982 = LINE ( 'NONE', #3115, #1738 ) ;
#4983 = SURFACE_STYLE_FILL_AREA ( #2056 ) ;
#4984 = FACE_OUTER_BOUND ( 'NONE', #6026, .T. ) ;
#4985 = MECHANICAL_DESIGN_GEOMETRIC_PRESENTATION_REPRESENTATION (  '', ( #11434 ), #2814 ) ;
#4986 = CYLINDRICAL_SURFACE ( 'NONE', #8411, 0.09999999999999939493 ) ;
#4987 = EDGE_LOOP ( 'NONE', ( #11383, #11846, #2268, #2218, #9211, #5865, #1923, #12308, #8931, #8789 ) ) ;
#4988 = SURFACE_STYLE_USAGE ( .BOTH. , #11557 ) ;
#4989 = ORIENTED_EDGE ( 'NONE', *, *, #61, .F. ) ;
#4990 = ORIENTED_EDGE ( 'NONE', *, *, #6954, .T. ) ;
#4991 = DIRECTION ( 'NONE',  ( -3.700000000000000011E-14, 0.000000000000000000, 1.000000000000000000 ) ) ;
#4992 = FILL_AREA_STYLE_COLOUR ( '', #5001 ) ;
#4993 = LINE ( 'NONE', #7798, #4077 ) ;
#4994 = EDGE_CURVE ( 'NONE', #7052, #11851, #5904, .T. ) ;
#4995 = SURFACE_SIDE_STYLE ('',( #1330 ) ) ;
#4996 =( LENGTH_UNIT ( ) NAMED_UNIT ( * ) SI_UNIT ( .MILLI., .METRE. ) );
#4997 = CARTESIAN_POINT ( 'NONE',  ( -66.43999999999995509, -9.259094657478639689, 2.309999999999998721 ) ) ;
#4998 = VECTOR ( 'NONE', #10704, 1000.000000000000000 ) ;
#4999 = DIRECTION ( 'NONE',  ( 3.699999999999998749E-14, -9.860761315263910926E-32, -1.000000000000000000 ) ) ;
#5000 = CARTESIAN_POINT ( 'NONE',  ( -64.15000000000004832, -9.699999999999997513, 4.800000000000083311 ) ) ;
#5001 = COLOUR_RGB ( '',0.007843137254901960675, 0.007843137254901960675, 0.007843137254901960675 ) ;
#5002 = FILL_AREA_STYLE ('',( #5844 ) ) ;
#5003 = VERTEX_POINT ( 'NONE', #7996 ) ;
#5004 = ORIENTED_EDGE ( 'NONE', *, *, #11438, .T. ) ;
#5005 = ORIENTED_EDGE ( 'NONE', *, *, #4780, .T. ) ;
#5006 = FACE_OUTER_BOUND ( 'NONE', #2075, .T. ) ;
#5007 = VERTEX_POINT ( 'NONE', #5960 ) ;
#5008 = VECTOR ( 'NONE', #6276, 1000.000000000000000 ) ;
#5009 = EDGE_CURVE ( 'NONE', #5652, #11060, #874, .T. ) ;
#5010 = PRESENTATION_STYLE_ASSIGNMENT (( #3832 ) ) ;
#5011 = VECTOR ( 'NONE', #2601, 1000.000000000000000 ) ;
#5012 =( NAMED_UNIT ( * ) SI_UNIT ( $, .STERADIAN. ) SOLID_ANGLE_UNIT ( ) );
#5013 = FILL_AREA_STYLE_COLOUR ( '', #4750 ) ;
#5014 = ORIENTED_EDGE ( 'NONE', *, *, #4230, .F. ) ;
#5015 = PRESENTATION_STYLE_ASSIGNMENT (( #7822 ) ) ;
#5016 = PRESENTATION_STYLE_ASSIGNMENT (( #10644 ) ) ;
#5017 =( GEOMETRIC_REPRESENTATION_CONTEXT ( 3 ) GLOBAL_UNCERTAINTY_ASSIGNED_CONTEXT ( ( #1127 ) ) GLOBAL_UNIT_ASSIGNED_CONTEXT ( ( #905, #10567, #1771 ) ) REPRESENTATION_CONTEXT ( 'NONE', 'WORKASPACE' ) );
#5018 = CARTESIAN_POINT ( 'NONE',  ( -65.98701378195157474, -8.174896124021048038, 2.300000000000015365 ) ) ;
#5019 = VERTEX_POINT ( 'NONE', #8813 ) ;
#5020 = AXIS2_PLACEMENT_3D ( 'NONE', #2181, #6017, #3135 ) ;
#5021 = ORIENTED_EDGE ( 'NONE', *, *, #142, .F. ) ;
#5022 = UNCERTAINTY_MEASURE_WITH_UNIT (LENGTH_MEASURE( 1.000000000000000082E-05 ), #8797, 'distance_accuracy_value', 'NONE');
#5023 =( NAMED_UNIT ( * ) PLANE_ANGLE_UNIT ( ) SI_UNIT ( $, .RADIAN. ) );
#5024 = EDGE_CURVE ( 'NONE', #10291, #10453, #6479, .T. ) ;
#5025 = SURFACE_STYLE_FILL_AREA ( #11941 ) ;
#5026 = FILL_AREA_STYLE ('',( #10711 ) ) ;
#5027 =( LENGTH_UNIT ( ) NAMED_UNIT ( * ) SI_UNIT ( .MILLI., .METRE. ) );
#5028 = DIRECTION ( 'NONE',  ( -0.7071067811865742181, -7.071067811865479277E-16, 0.7071067811865207053 ) ) ;
#5029 = VECTOR ( 'NONE', #10295, 1000.000000000000000 ) ;
#5030 = CARTESIAN_POINT ( 'NONE',  ( -63.66568542494920280, -7.949999999999996625, 2.500000000000101696 ) ) ;
#5031 = CARTESIAN_POINT ( 'NONE',  ( -63.18888888888887578, -10.44999999999999574, 3.300000000000118838 ) ) ;
#5032 = MECHANICAL_DESIGN_GEOMETRIC_PRESENTATION_REPRESENTATION (  '', ( #4850 ), #7690 ) ;
#5033 = VECTOR ( 'NONE', #7893, 1000.000000000000000 ) ;
#5034 = CIRCLE ( 'NONE', #3628, 0.1999999999999987899 ) ;
#5035 = LINE ( 'NONE', #10022, #5377 ) ;
#5036 = FILL_AREA_STYLE ('',( #5091 ) ) ;
#5037 =( LENGTH_UNIT ( ) NAMED_UNIT ( * ) SI_UNIT ( .MILLI., .METRE. ) );
#5038 = STYLED_ITEM ( 'NONE', ( #9142 ), #801 ) ;
#5039 = VERTEX_POINT ( 'NONE', #5000 ) ;
#5040 = EDGE_LOOP ( 'NONE', ( #4944, #4671, #9136, #11686 ) ) ;
#5041 = PLANE ( 'NONE',  #8375 ) ;
#5042 =( NAMED_UNIT ( * ) SI_UNIT ( $, .STERADIAN. ) SOLID_ANGLE_UNIT ( ) );
#5043 = CARTESIAN_POINT ( 'NONE',  ( -71.44999999999998863, -2.450000000000004174, 3.124999999999827693 ) ) ;
#5044 = PRESENTATION_LAYER_ASSIGNMENT (  '', '', ( #8098 ) ) ;
#5045 =( LENGTH_UNIT ( ) NAMED_UNIT ( * ) SI_UNIT ( .MILLI., .METRE. ) );
#5046 = FACE_OUTER_BOUND ( 'NONE', #5075, .T. ) ;
#5047 = PRESENTATION_STYLE_ASSIGNMENT (( #4044 ) ) ;
#5048 = UNCERTAINTY_MEASURE_WITH_UNIT (LENGTH_MEASURE( 1.000000000000000082E-05 ), #7596, 'distance_accuracy_value', 'NONE');
#5049 = DIRECTION ( 'NONE',  ( 1.000000000000000078E-15, -1.000000000000000000, 0.000000000000000000 ) ) ;
#5050 = FILL_AREA_STYLE_COLOUR ( '', #8810 ) ;
#5051 = VERTEX_POINT ( 'NONE', #8941 ) ;
#5052 = MECHANICAL_DESIGN_GEOMETRIC_PRESENTATION_REPRESENTATION (  '', ( #3646 ), #1282 ) ;
#5053 =( NAMED_UNIT ( * ) SI_UNIT ( $, .STERADIAN. ) SOLID_ANGLE_UNIT ( ) );
#5054 = COLOUR_RGB ( '',0.9529411764705881804, 0.7960784313725489669, 0.4862745098039215619 ) ;
#5055 = ORIENTED_EDGE ( 'NONE', *, *, #8759, .T. ) ;
#5056 = ORIENTED_EDGE ( 'NONE', *, *, #10742, .T. ) ;
#5057 =( NAMED_UNIT ( * ) PLANE_ANGLE_UNIT ( ) SI_UNIT ( $, .RADIAN. ) );
#5058 =( NAMED_UNIT ( * ) SI_UNIT ( $, .STERADIAN. ) SOLID_ANGLE_UNIT ( ) );
#5059 = LINE ( 'NONE', #11855, #8173 ) ;
#5060 = DIRECTION ( 'NONE',  ( 3.700000000000000011E-14, -0.000000000000000000, -1.000000000000000000 ) ) ;
#5061 =( GEOMETRIC_REPRESENTATION_CONTEXT ( 3 ) GLOBAL_UNCERTAINTY_ASSIGNED_CONTEXT ( ( #1300 ) ) GLOBAL_UNIT_ASSIGNED_CONTEXT ( ( #5360, #12167, #229 ) ) REPRESENTATION_CONTEXT ( 'NONE', 'WORKASPACE' ) );
#5062 = SURFACE_SIDE_STYLE ('',( #12040 ) ) ;
#5063 = UNCERTAINTY_MEASURE_WITH_UNIT (LENGTH_MEASURE( 1.000000000000000082E-05 ), #1287, 'distance_accuracy_value', 'NONE');
#5064 =( NAMED_UNIT ( * ) SI_UNIT ( $, .STERADIAN. ) SOLID_ANGLE_UNIT ( ) );
#5065 = CARTESIAN_POINT ( 'NONE',  ( -66.56330944475864442, -8.869441321329929906, 2.299999999999994049 ) ) ;
#5066 = DIRECTION ( 'NONE',  ( 3.700000000000000011E-14, -0.000000000000000000, -1.000000000000000000 ) ) ;
#5067 = ADVANCED_FACE ( 'NONE', ( #8879, #2182, #250 ), #4063, .T. ) ;
#5068 = AXIS2_PLACEMENT_3D ( 'NONE', #5103, #10035, #9857 ) ;
#5069 = ORIENTED_EDGE ( 'NONE', *, *, #4139, .T. ) ;
#5070 = EDGE_LOOP ( 'NONE', ( #3899, #5524, #3087, #5577 ) ) ;
#5071 = ORIENTED_EDGE ( 'NONE', *, *, #3797, .T. ) ;
#5072 = EDGE_CURVE ( 'NONE', #4358, #4237, #3432, .T. ) ;
#5073 = ORIENTED_EDGE ( 'NONE', *, *, #2190, .T. ) ;
#5074 = FILL_AREA_STYLE_COLOUR ( '', #5546 ) ;
#5075 = EDGE_LOOP ( 'NONE', ( #3338, #5820, #3301, #12174 ) ) ;
#5076 = SURFACE_SIDE_STYLE ('',( #11989 ) ) ;
#5077 =( GEOMETRIC_REPRESENTATION_CONTEXT ( 3 ) GLOBAL_UNCERTAINTY_ASSIGNED_CONTEXT ( ( #3487 ) ) GLOBAL_UNIT_ASSIGNED_CONTEXT ( ( #11914, #7162, #9480 ) ) REPRESENTATION_CONTEXT ( 'NONE', 'WORKASPACE' ) );
#5078 = PRESENTATION_STYLE_ASSIGNMENT (( #1108 ) ) ;
#5079 = FILL_AREA_STYLE ('',( #5204 ) ) ;
#5080 = ORIENTED_EDGE ( 'NONE', *, *, #3802, .F. ) ;
#5081 = ORIENTED_EDGE ( 'NONE', *, *, #8732, .T. ) ;
#5082 = DIRECTION ( 'NONE',  ( -3.700000000000000011E-14, 0.000000000000000000, 1.000000000000000000 ) ) ;
#5083 =( NAMED_UNIT ( * ) PLANE_ANGLE_UNIT ( ) SI_UNIT ( $, .RADIAN. ) );
#5084 = DIRECTION ( 'NONE',  ( -0.6878285594753009713, 0.7258731795362962647, -2.527374108194470085E-14 ) ) ;
#5085 = FACE_OUTER_BOUND ( 'NONE', #11544, .T. ) ;
#5086 = EDGE_CURVE ( 'NONE', #10570, #5523, #4049, .T. ) ;
#5087 = DIRECTION ( 'NONE',  ( -3.825546163768862720E-14, -1.255461637688630224E-30, 1.000000000000000000 ) ) ;
#5088 = LINE ( 'NONE', #93, #9682 ) ;
#5089 =( NAMED_UNIT ( * ) PLANE_ANGLE_UNIT ( ) SI_UNIT ( $, .RADIAN. ) );
#5090 = EDGE_LOOP ( 'NONE', ( #10939, #12221, #8000, #5612 ) ) ;
#5091 = FILL_AREA_STYLE_COLOUR ( '', #2725 ) ;
#5092 = DIRECTION ( 'NONE',  ( -1.000000000000000000, -1.000000000000000078E-15, -3.700000000000000011E-14 ) ) ;
#5093 = VECTOR ( 'NONE', #11300, 1000.000000000000000 ) ;
#5094 = EDGE_CURVE ( 'NONE', #11805, #8689, #10985, .T. ) ;
#5095 = ORIENTED_EDGE ( 'NONE', *, *, #7656, .T. ) ;
#5096 = EDGE_LOOP ( 'NONE', ( #5908, #662, #2257, #11086 ) ) ;
#5097 = DIRECTION ( 'NONE',  ( -1.061907311267009442E-15, 1.000000000000000000, -2.290570516879343540E-30 ) ) ;
#5098 = FACE_OUTER_BOUND ( 'NONE', #712, .T. ) ;
#5099 = DIRECTION ( 'NONE',  ( -0.7035350768365457030, 0.7106605347566415931, -2.618413556340383573E-14 ) ) ;
#5100 = DIRECTION ( 'NONE',  ( -1.000000000000000000, -1.000000000000000078E-15, -3.700000000000000011E-14 ) ) ;
#5101 = DIRECTION ( 'NONE',  ( 0.000000000000000000, -1.000000000000000000, 0.000000000000000000 ) ) ;
#5102 = SURFACE_SIDE_STYLE ('',( #4983 ) ) ;
#5103 = CARTESIAN_POINT ( 'NONE',  ( -66.30000000000114824, 1.100000000000000311, 4.150000000000011902 ) ) ;
#5104 =( NAMED_UNIT ( * ) PLANE_ANGLE_UNIT ( ) SI_UNIT ( $, .RADIAN. ) );
#5105 = DIRECTION ( 'NONE',  ( 0.9992356792788541497, -0.03909037293409971248, 3.697172013331759906E-14 ) ) ;
#5106 = ORIENTED_EDGE ( 'NONE', *, *, #1313, .F. ) ;
#5107 = ADVANCED_FACE ( 'NONE', ( #11860 ), #1573, .T. ) ;
#5108 = FACE_OUTER_BOUND ( 'NONE', #11521, .T. ) ;
#5109 = EDGE_CURVE ( 'NONE', #5483, #5945, #374, .T. ) ;
#5110 = EDGE_LOOP ( 'NONE', ( #5613, #11351, #7731, #8252 ) ) ;
#5111 = CIRCLE ( 'NONE', #7350, 0.09999999999999939493 ) ;
#5112 = EDGE_LOOP ( 'NONE', ( #10936, #10659, #1886, #3908 ) ) ;
#5113 = DIRECTION ( 'NONE',  ( -1.000000000000000000, -1.000000000000000078E-15, -3.647958295720695799E-14 ) ) ;
#5114 = FILL_AREA_STYLE_COLOUR ( '', #1435 ) ;
#5115 = CARTESIAN_POINT ( 'NONE',  ( -71.64999999999999147, 1.549999999999995826, 3.049999999999819966 ) ) ;
#5116 =( LENGTH_UNIT ( ) NAMED_UNIT ( * ) SI_UNIT ( .MILLI., .METRE. ) );
#5117 = COLOUR_RGB ( '',0.9529411764705881804, 0.7960784313725489669, 0.4862745098039215619 ) ;
#5118 = UNCERTAINTY_MEASURE_WITH_UNIT (LENGTH_MEASURE( 1.000000000000000082E-05 ), #9206, 'distance_accuracy_value', 'NONE');
#5119 = DIRECTION ( 'NONE',  ( 8.465138741913960914E-16, -1.000000000000000000, -5.678986654918347737E-30 ) ) ;
#5120 = SURFACE_STYLE_FILL_AREA ( #1333 ) ;
#5121 = LINE ( 'NONE', #3259, #1294 ) ;
#5122 = CARTESIAN_POINT ( 'NONE',  ( -65.98701378195157474, -8.174896124021048038, 2.300000000000015365 ) ) ;
#5123 = DIRECTION ( 'NONE',  ( -3.700000000000000011E-14, 0.000000000000000000, 1.000000000000000000 ) ) ;
#5124 = CARTESIAN_POINT ( 'NONE',  ( -63.50833333333330444, -10.44999999999999574, 3.000000000000107025 ) ) ;
#5125 = VECTOR ( 'NONE', #2714, 1000.000000000000000 ) ;
#5126 = VERTEX_POINT ( 'NONE', #4181 ) ;
#5127 = ORIENTED_EDGE ( 'NONE', *, *, #7725, .F. ) ;
#5128 = ORIENTED_EDGE ( 'NONE', *, *, #12079, .T. ) ;
#5129 = CIRCLE ( 'NONE', #7585, 0.4000000000000001887 ) ;
#5130 = PRESENTATION_STYLE_ASSIGNMENT (( #9882 ) ) ;
#5131 = FILL_AREA_STYLE ('',( #7811 ) ) ;
#5132 = ORIENTED_EDGE ( 'NONE', *, *, #9659, .F. ) ;
#5133 =( LENGTH_UNIT ( ) NAMED_UNIT ( * ) SI_UNIT ( .MILLI., .METRE. ) );
#5134 = MECHANICAL_DESIGN_GEOMETRIC_PRESENTATION_REPRESENTATION (  '', ( #3531 ), #345 ) ;
#5135 = CARTESIAN_POINT ( 'NONE',  ( -69.68611111111110290, -3.950000000000002842, 3.149999999999878675 ) ) ;
#5136 = SURFACE_STYLE_FILL_AREA ( #7363 ) ;
#5137 = PRESENTATION_STYLE_ASSIGNMENT (( #4130 ) ) ;
#5138 = ORIENTED_EDGE ( 'NONE', *, *, #7613, .F. ) ;
#5139 = DIRECTION ( 'NONE',  ( 3.700000000000000011E-14, -0.000000000000000000, -1.000000000000000000 ) ) ;
#5140 = FILL_AREA_STYLE ('',( #3278 ) ) ;
#5141 = COLOUR_RGB ( '',0.007843137254901960675, 0.007843137254901960675, 0.007843137254901960675 ) ;
#5142 = SURFACE_STYLE_USAGE ( .BOTH. , #269 ) ;
#5143 = ORIENTED_EDGE ( 'NONE', *, *, #5869, .T. ) ;
#5144 = CARTESIAN_POINT ( 'NONE',  ( -66.40999999999995396, -9.259094657478639689, 2.299999999999999822 ) ) ;
#5145 = DIRECTION ( 'NONE',  ( -1.000000000000000078E-15, 1.000000000000000000, 0.000000000000000000 ) ) ;
#5146 =( NAMED_UNIT ( * ) SI_UNIT ( $, .STERADIAN. ) SOLID_ANGLE_UNIT ( ) );
#5147 = EDGE_CURVE ( 'NONE', #5498, #7177, #4305, .T. ) ;
#5148 = ADVANCED_FACE ( 'NONE', ( #5304 ), #8249, .F. ) ;
#5149 =( LENGTH_UNIT ( ) NAMED_UNIT ( * ) SI_UNIT ( .MILLI., .METRE. ) );
#5150 = FACE_OUTER_BOUND ( 'NONE', #11170, .T. ) ;
#5151 = VECTOR ( 'NONE', #2109, 1000.000000000000000 ) ;
#5152 =( LENGTH_UNIT ( ) NAMED_UNIT ( * ) SI_UNIT ( .MILLI., .METRE. ) );
#5153 = CARTESIAN_POINT ( 'NONE',  ( -66.39999999999996305, -2.153988701156659413, 2.299999999999999822 ) ) ;
#5154 = CARTESIAN_POINT ( 'NONE',  ( -68.92777777777891401, 4.050000074505798686, 4.049999999999906564 ) ) ;
#5155 = PLANE ( 'NONE',  #8019 ) ;
#5156 = ORIENTED_EDGE ( 'NONE', *, *, #9430, .F. ) ;
#5157 = AXIS2_PLACEMENT_3D ( 'NONE', #6058, #4092, #5092 ) ;
#5158 = VERTEX_POINT ( 'NONE', #4748 ) ;
#5159 = VECTOR ( 'NONE', #1166, 1000.000000000000000 ) ;
#5160 = DIRECTION ( 'NONE',  ( -1.000000000000000000, -1.000000000000000078E-15, -3.700000000000000011E-14 ) ) ;
#5161 = VECTOR ( 'NONE', #9233, 1000.000000000000227 ) ;
#5162 = PLANE ( 'NONE',  #11004 ) ;
#5163 =( NAMED_UNIT ( * ) SI_UNIT ( $, .STERADIAN. ) SOLID_ANGLE_UNIT ( ) );
#5164 = CARTESIAN_POINT ( 'NONE',  ( -66.29999999999996874, -2.153988701156668295, 2.500000000000003997 ) ) ;
#5165 = EDGE_CURVE ( 'NONE', #5039, #3291, #12236, .T. ) ;
#5166 =( LENGTH_UNIT ( ) NAMED_UNIT ( * ) SI_UNIT ( .MILLI., .METRE. ) );
#5167 = CARTESIAN_POINT ( 'NONE',  ( -66.29999999999996874, -2.153835720085829131, 2.300000000000003819 ) ) ;
#5168 = FACE_OUTER_BOUND ( 'NONE', #1671, .T. ) ;
#5169 = UNCERTAINTY_MEASURE_WITH_UNIT (LENGTH_MEASURE( 1.000000000000000082E-05 ), #107, 'distance_accuracy_value', 'NONE');
#5170 = LINE ( 'NONE', #8113, #1800 ) ;
#5171 = VECTOR ( 'NONE', #7710, 1000.000000000000000 ) ;
#5172 = ORIENTED_EDGE ( 'NONE', *, *, #6673, .T. ) ;
#5173 = ADVANCED_FACE ( 'NONE', ( #12306 ), #5560, .T. ) ;
#5174 = VERTEX_POINT ( 'NONE', #7484 ) ;
#5175 = ORIENTED_EDGE ( 'NONE', *, *, #4257, .T. ) ;
#5176 = FACE_OUTER_BOUND ( 'NONE', #7038, .T. ) ;
#5177 = EDGE_CURVE ( 'NONE', #6156, #8655, #5631, .T. ) ;
#5178 = CARTESIAN_POINT ( 'NONE',  ( -63.87589120702013901, -8.627649221922066403, 2.300000000000093525 ) ) ;
#5179 = VECTOR ( 'NONE', #3242, 1000.000000000000000 ) ;
#5180 = EDGE_CURVE ( 'NONE', #5126, #12029, #10242, .T. ) ;
#5181 = CIRCLE ( 'NONE', #11022, 0.2000000000000057288 ) ;
#5182 = CARTESIAN_POINT ( 'NONE',  ( -70.94215728752540429, 1.549999999999995826, 3.549999999999843947 ) ) ;
#5183 = CARTESIAN_POINT ( 'NONE',  ( -70.23055555555554008, -10.45000000000000284, 3.299999999999858602 ) ) ;
#5184 = LINE ( 'NONE', #10054, #8125 ) ;
#5185 = LINE ( 'NONE', #1335, #5574 ) ;
#5186 = EDGE_CURVE ( 'NONE', #11219, #2858, #756, .T. ) ;
#5187 = CARTESIAN_POINT ( 'NONE',  ( -66.76111111111224261, -0.4499998509883990638, 3.799999999999986944 ) ) ;
#5188 = PRESENTATION_STYLE_ASSIGNMENT (( #6154 ) ) ;
#5189 = PRESENTATION_STYLE_ASSIGNMENT (( #4182 ) ) ;
#5190 =( GEOMETRIC_REPRESENTATION_CONTEXT ( 3 ) GLOBAL_UNCERTAINTY_ASSIGNED_CONTEXT ( ( #3176 ) ) GLOBAL_UNIT_ASSIGNED_CONTEXT ( ( #12343, #4532, #8485 ) ) REPRESENTATION_CONTEXT ( 'NONE', 'WORKASPACE' ) );
#5191 = EDGE_LOOP ( 'NONE', ( #4720, #1707, #3316, #11820 ) ) ;
#5192 = ORIENTED_EDGE ( 'NONE', *, *, #668, .T. ) ;
#5193 = LINE ( 'NONE', #2381, #2641 ) ;
#5194 =( NAMED_UNIT ( * ) PLANE_ANGLE_UNIT ( ) SI_UNIT ( $, .RADIAN. ) );
#5195 = ORIENTED_EDGE ( 'NONE', *, *, #8824, .T. ) ;
#5196 = CIRCLE ( 'NONE', #9054, 0.1000000000000028644 ) ;
#5197 = CARTESIAN_POINT ( 'NONE',  ( -66.83227205288426376, -5.850770833290948936, 2.299999999999984279 ) ) ;
#5198 = PRESENTATION_LAYER_ASSIGNMENT (  '', '', ( #4814 ) ) ;
#5199 = CARTESIAN_POINT ( 'NONE',  ( -66.32499999999998863, -3.949999999999999734, 3.300000000000002931 ) ) ;
#5200 =( NAMED_UNIT ( * ) SI_UNIT ( $, .STERADIAN. ) SOLID_ANGLE_UNIT ( ) );
#5201 = ORIENTED_EDGE ( 'NONE', *, *, #257, .F. ) ;
#5202 = CARTESIAN_POINT ( 'NONE',  ( -61.34999999999998721, -1.449999999999994627, 3.050000000000187228 ) ) ;
#5203 = AXIS2_PLACEMENT_3D ( 'NONE', #7065, #6168, #4266 ) ;
#5204 = FILL_AREA_STYLE_COLOUR ( '', #12045 ) ;
#5205 = AXIS2_PLACEMENT_3D ( 'NONE', #5018, #1416, #3214 ) ;
#5206 = CARTESIAN_POINT ( 'NONE',  ( -64.46568542494919996, -9.949999999999997513, 2.300000000000071765 ) ) ;
#5207 = CARTESIAN_POINT ( 'NONE',  ( -66.32499999999997442, -10.44999999999999929, 3.000000000000003109 ) ) ;
#5208 = PRESENTATION_LAYER_ASSIGNMENT (  '', '', ( #8067 ) ) ;
#5209 = DIRECTION ( 'NONE',  ( 3.701809683000205097E-14, 1.809683000204900225E-32, -1.000000000000000000 ) ) ;
#5210 = DIRECTION ( 'NONE',  ( -1.000000000000000000, -1.000000000000000078E-15, -3.700000000000000011E-14 ) ) ;
#5211 = LINE ( 'NONE', #399, #5863 ) ;
#5212 = STYLED_ITEM ( 'NONE', ( #7332 ), #11804 ) ;
#5213 = CARTESIAN_POINT ( 'NONE',  ( -62.25000000000000000, -3.949999999999995293, 3.300000000000153477 ) ) ;
#5214 = FILL_AREA_STYLE ('',( #1425 ) ) ;
#5215 = FILL_AREA_STYLE ('',( #11952 ) ) ;
#5216 = MECHANICAL_DESIGN_GEOMETRIC_PRESENTATION_REPRESENTATION (  '', ( #3238 ), #226 ) ;
#5217 = ADVANCED_FACE ( 'NONE', ( #11427 ), #2825, .T. ) ;
#5218 = ORIENTED_EDGE ( 'NONE', *, *, #8370, .T. ) ;
#5219 = VERTEX_POINT ( 'NONE', #1191 ) ;
#5220 = SURFACE_STYLE_USAGE ( .BOTH. , #2345 ) ;
#5221 = ADVANCED_FACE ( 'NONE', ( #6916 ), #2111, .T. ) ;
#5222 = FILL_AREA_STYLE_COLOUR ( '', #3760 ) ;
#5223 = CARTESIAN_POINT ( 'NONE',  ( -63.50833333333330444, -10.44999999999999574, 3.000000000000107025 ) ) ;
#5224 = DIRECTION ( 'NONE',  ( -3.700000000000000011E-14, 0.000000000000000000, 1.000000000000000000 ) ) ;
#5225 = MECHANICAL_DESIGN_GEOMETRIC_PRESENTATION_REPRESENTATION (  '', ( #37 ), #3048 ) ;
#5226 = AXIS2_PLACEMENT_3D ( 'NONE', #7193, #5273, #12001 ) ;
#5227 = STYLED_ITEM ( 'NONE', ( #6466 ), #2646 ) ;
#5228 = DIRECTION ( 'NONE',  ( -1.000000000000000078E-15, 1.000000000000000000, 0.000000000000000000 ) ) ;
#5229 = STYLED_ITEM ( 'NONE', ( #6514 ), #2204 ) ;
#5230 =( NAMED_UNIT ( * ) PLANE_ANGLE_UNIT ( ) SI_UNIT ( $, .RADIAN. ) );
#5231 = CARTESIAN_POINT ( 'NONE',  ( -70.37573593128804816, -10.45000000000000284, 2.558578643762543958 ) ) ;
#5232 = SURFACE_SIDE_STYLE ('',( #9926 ) ) ;
#5233 = EDGE_CURVE ( 'NONE', #9007, #1413, #3921, .T. ) ;
#5234 = ORIENTED_EDGE ( 'NONE', *, *, #6798, .T. ) ;
#5235 = PRESENTATION_STYLE_ASSIGNMENT (( #1325 ) ) ;
#5236 = VECTOR ( 'NONE', #11407, 999.9999999999998863 ) ;
#5237 = AXIS2_PLACEMENT_3D ( 'NONE', #5971, #7705, #2079 ) ;
#5238 = VECTOR ( 'NONE', #7074, 1000.000000000000000 ) ;
#5239 = ORIENTED_EDGE ( 'NONE', *, *, #6590, .F. ) ;
#5240 = ORIENTED_EDGE ( 'NONE', *, *, #9270, .T. ) ;
#5241 = FILL_AREA_STYLE ('',( #554 ) ) ;
#5242 =( LENGTH_UNIT ( ) NAMED_UNIT ( * ) SI_UNIT ( .MILLI., .METRE. ) );
#5243 =( NAMED_UNIT ( * ) SI_UNIT ( $, .STERADIAN. ) SOLID_ANGLE_UNIT ( ) );
#5244 = DIRECTION ( 'NONE',  ( -3.700000000000000011E-14, 0.000000000000000000, 1.000000000000000000 ) ) ;
#5245 = CARTESIAN_POINT ( 'NONE',  ( -64.59444444444558542, 1.100000000000002087, 4.050000000000067324 ) ) ;
#5246 = VECTOR ( 'NONE', #7750, 1000.000000000000000 ) ;
#5247 = SURFACE_SIDE_STYLE ('',( #561 ) ) ;
#5248 = CARTESIAN_POINT ( 'NONE',  ( -64.52222222222221149, -3.949999999999997957, 3.150000000000069633 ) ) ;
#5249 = EDGE_CURVE ( 'NONE', #8904, #1428, #8800, .T. ) ;
#5250 = CARTESIAN_POINT ( 'NONE',  ( -62.71944444444444144, -10.44999999999999574, 3.300000000000136158 ) ) ;
#5251 = PRESENTATION_STYLE_ASSIGNMENT (( #4251 ) ) ;
#5252 = CARTESIAN_POINT ( 'NONE',  ( -65.38611111111109153, -10.44999999999999751, 3.000000000000037748 ) ) ;
#5253 = ADVANCED_FACE ( 'NONE', ( #167 ), #4885, .T. ) ;
#5254 = ORIENTED_EDGE ( 'NONE', *, *, #2553, .T. ) ;
#5255 = ORIENTED_EDGE ( 'NONE', *, *, #3818, .F. ) ;
#5256 =( GEOMETRIC_REPRESENTATION_CONTEXT ( 3 ) GLOBAL_UNCERTAINTY_ASSIGNED_CONTEXT ( ( #910 ) ) GLOBAL_UNIT_ASSIGNED_CONTEXT ( ( #11977, #820, #9443 ) ) REPRESENTATION_CONTEXT ( 'NONE', 'WORKASPACE' ) );
#5257 = STYLED_ITEM ( 'NONE', ( #9129 ), #10257 ) ;
#5258 = CARTESIAN_POINT ( 'NONE',  ( -65.85555555555554008, -10.44999999999999929, 3.300000000000020250 ) ) ;
#5259 = CARTESIAN_POINT ( 'NONE',  ( -65.92201378195157702, -5.807670578265017980, 2.310000000000017817 ) ) ;
#5260 = ORIENTED_EDGE ( 'NONE', *, *, #12307, .T. ) ;
#5261 = CARTESIAN_POINT ( 'NONE',  ( -71.19607864376267514, 1.549999999999995826, 3.049999999999835953 ) ) ;
#5262 = LINE ( 'NONE', #10887, #10654 ) ;
#5263 =( GEOMETRIC_REPRESENTATION_CONTEXT ( 3 ) GLOBAL_UNCERTAINTY_ASSIGNED_CONTEXT ( ( #10334 ) ) GLOBAL_UNIT_ASSIGNED_CONTEXT ( ( #9924, #5230, #8112 ) ) REPRESENTATION_CONTEXT ( 'NONE', 'WORKASPACE' ) );
#5264 = CARTESIAN_POINT ( 'NONE',  ( -68.82222222222219443, -3.950000000000001954, 2.999999999999910738 ) ) ;
#5265 = ADVANCED_FACE ( 'NONE', ( #3069 ), #8620, .T. ) ;
#5266 = FILL_AREA_STYLE_COLOUR ( '', #9472 ) ;
#5267 = CARTESIAN_POINT ( 'NONE',  ( -71.39142135623733054, -5.204170427930421283E-15, 3.574264068711742848 ) ) ;
#5268 = SURFACE_STYLE_FILL_AREA ( #1482 ) ;
#5269 = FILL_AREA_STYLE_COLOUR ( '', #8434 ) ;
#5270 = FACE_OUTER_BOUND ( 'NONE', #10820, .T. ) ;
#5271 = STYLED_ITEM ( 'NONE', ( #931 ), #10629 ) ;
#5272 = UNCERTAINTY_MEASURE_WITH_UNIT (LENGTH_MEASURE( 1.000000000000000082E-05 ), #1708, 'distance_accuracy_value', 'NONE');
#5273 = DIRECTION ( 'NONE',  ( -3.695877884809559986E-14, 4.122115190439939585E-32, 1.000000000000000000 ) ) ;
#5274 = EDGE_CURVE ( 'NONE', #288, #6373, #9051, .T. ) ;
#5275 = LINE ( 'NONE', #10147, #9101 ) ;
#5276 = VERTEX_POINT ( 'NONE', #428 ) ;
#5277 = CARTESIAN_POINT ( 'NONE',  ( -62.56568542494919427, -2.449999999999995737, 2.300000000000142375 ) ) ;
#5278 = VERTEX_POINT ( 'NONE', #8233 ) ;
#5279 = ORIENTED_EDGE ( 'NONE', *, *, #5529, .F. ) ;
#5280 = DIRECTION ( 'NONE',  ( -1.000000000000000078E-15, 1.000000000000000000, 0.000000000000000000 ) ) ;
#5281 = PRESENTATION_STYLE_ASSIGNMENT (( #5220 ) ) ;
#5282 = DIRECTION ( 'NONE',  ( -3.700000000000000011E-14, 0.000000000000000000, 1.000000000000000000 ) ) ;
#5283 = DIRECTION ( 'NONE',  ( -1.000000000000000000, 0.000000000000000000, -3.686287386450737164E-14 ) ) ;
#5284 = SURFACE_STYLE_USAGE ( .BOTH. , #6319 ) ;
#5285 = DIRECTION ( 'NONE',  ( -3.700000000000000011E-14, 0.000000000000000000, 1.000000000000000000 ) ) ;
#5286 = FILL_AREA_STYLE ('',( #10917 ) ) ;
#5287 = FILL_AREA_STYLE ('',( #6966 ) ) ;
#5288 = UNCERTAINTY_MEASURE_WITH_UNIT (LENGTH_MEASURE( 1.000000000000000082E-05 ), #7789, 'distance_accuracy_value', 'NONE');
#5289 =( NAMED_UNIT ( * ) PLANE_ANGLE_UNIT ( ) SI_UNIT ( $, .RADIAN. ) );
#5290 = ORIENTED_EDGE ( 'NONE', *, *, #9430, .T. ) ;
#5291 = CARTESIAN_POINT ( 'NONE',  ( -62.17499999999999716, -3.949999999999995293, 3.150000000000156675 ) ) ;
#5292 = ORIENTED_EDGE ( 'NONE', *, *, #3219, .F. ) ;
#5293 = ORIENTED_EDGE ( 'NONE', *, *, #8733, .T. ) ;
#5294 = CARTESIAN_POINT ( 'NONE',  ( -64.48284271247459287, -2.449999999999997513, 2.500000000000071054 ) ) ;
#5295 = LINE ( 'NONE', #11333, #12114 ) ;
#5296 = LINE ( 'NONE', #8243, #5511 ) ;
#5297 = COLOUR_RGB ( '',0.007843137254901960675, 0.007843137254901960675, 0.007843137254901960675 ) ;
#5298 = ADVANCED_FACE ( 'NONE', ( #4293 ), #10851, .T. ) ;
#5299 = LINE ( 'NONE', #7116, #4786 ) ;
#5300 =( LENGTH_UNIT ( ) NAMED_UNIT ( * ) SI_UNIT ( .MILLI., .METRE. ) );
#5301 = DIRECTION ( 'NONE',  ( -1.000000000000000000, -1.000000000000000078E-15, -3.700000000000000011E-14 ) ) ;
#5302 = CARTESIAN_POINT ( 'NONE',  ( -63.67222222222336825, 1.100000000000003642, 4.250000000000101252 ) ) ;
#5303 = CARTESIAN_POINT ( 'NONE',  ( -64.44722222222219443, -10.44999999999999751, 3.000000000000072387 ) ) ;
#5304 = FACE_OUTER_BOUND ( 'NONE', #1280, .T. ) ;
#5305 = CARTESIAN_POINT ( 'NONE',  ( -71.39142135623731633, -10.45000000000000462, 3.574264068711742848 ) ) ;
#5306 =( GEOMETRIC_REPRESENTATION_CONTEXT ( 3 ) GLOBAL_UNCERTAINTY_ASSIGNED_CONTEXT ( ( #1322 ) ) GLOBAL_UNIT_ASSIGNED_CONTEXT ( ( #10467, #3794, #3963 ) ) REPRESENTATION_CONTEXT ( 'NONE', 'WORKASPACE' ) );
#5307 = EDGE_LOOP ( 'NONE', ( #11698, #3201, #11901, #9383 ) ) ;
#5308 = ORIENTED_EDGE ( 'NONE', *, *, #5650, .T. ) ;
#5309 = VECTOR ( 'NONE', #6446, 1000.000000000000000 ) ;
#5310 = FILL_AREA_STYLE ('',( #1521 ) ) ;
#5311 = ORIENTED_EDGE ( 'NONE', *, *, #10556, .T. ) ;
#5312 = CIRCLE ( 'NONE', #9384, 0.3999999999999975797 ) ;
#5313 = FILL_AREA_STYLE_COLOUR ( '', #8513 ) ;
#5314 = CARTESIAN_POINT ( 'NONE',  ( -61.90000000000003411, -0.4499998509883939013, 4.050000000000165912 ) ) ;
#5315 = DIRECTION ( 'NONE',  ( 1.000000000000000078E-15, -1.000000000000000000, 0.000000000000000000 ) ) ;
#5316 = EDGE_CURVE ( 'NONE', #10935, #11728, #2231, .T. ) ;
#5317 = DIRECTION ( 'NONE',  ( -1.000000000000000000, -1.000000000000000078E-15, -3.700000000000000011E-14 ) ) ;
#5318 = PRESENTATION_STYLE_ASSIGNMENT (( #2652 ) ) ;
#5319 = ORIENTED_EDGE ( 'NONE', *, *, #11153, .T. ) ;
#5320 = SURFACE_STYLE_USAGE ( .BOTH. , #1537 ) ;
#5321 = EDGE_CURVE ( 'NONE', #1882, #5672, #3302, .T. ) ;
#5322 = VECTOR ( 'NONE', #6892, 1000.000000000000000 ) ;
#5323 = CARTESIAN_POINT ( 'NONE',  ( -71.65000000000004832, 1.549999999999995826, 4.599999999999806022 ) ) ;
#5324 = EDGE_CURVE ( 'NONE', #2784, #1557, #11035, .T. ) ;
#5325 = SURFACE_STYLE_FILL_AREA ( #4331 ) ;
#5326 = DIRECTION ( 'NONE',  ( -1.000000000000000000, -1.000000000000000078E-15, -3.645695612925943688E-14 ) ) ;
#5327 = SURFACE_STYLE_USAGE ( .BOTH. , #2721 ) ;
#5328 = DIRECTION ( 'NONE',  ( -1.000000000000000472E-15, 1.000000000000000000, -3.709860761315264637E-29 ) ) ;
#5329 = CARTESIAN_POINT ( 'NONE',  ( -65.03611111111224830, 1.100000000000002087, 4.250000000000050626 ) ) ;
#5330 = STYLED_ITEM ( 'NONE', ( #2078 ), #9119 ) ;
#5331 = ADVANCED_FACE ( 'NONE', ( #5108 ), #7156, .T. ) ;
#5332 = DIRECTION ( 'NONE',  ( -1.000000000000000000, -1.000000000000000078E-15, -3.700000000000000011E-14 ) ) ;
#5333 = CARTESIAN_POINT ( 'NONE',  ( -64.15000000000004832, -8.099999999999996092, 4.800000000000083311 ) ) ;
#5334 = ORIENTED_EDGE ( 'NONE', *, *, #1834, .T. ) ;
#5335 = ORIENTED_EDGE ( 'NONE', *, *, #9987, .F. ) ;
#5336 = FILL_AREA_STYLE_COLOUR ( '', #1926 ) ;
#5337 = DIRECTION ( 'NONE',  ( 1.000000000000000000, 1.000000000000000078E-15, 3.700000000000000011E-14 ) ) ;
#5338 = CARTESIAN_POINT ( 'NONE',  ( -63.66568542494920280, -9.949999999999997513, 2.300000000000101519 ) ) ;
#5339 = DIRECTION ( 'NONE',  ( -1.000000000000000078E-15, 1.000000000000000000, 0.000000000000000000 ) ) ;
#5340 = MECHANICAL_DESIGN_GEOMETRIC_PRESENTATION_REPRESENTATION (  '', ( #10001 ), #4953 ) ;
#5341 = AXIS2_PLACEMENT_3D ( 'NONE', #9830, #9950, #8827 ) ;
#5342 = SURFACE_STYLE_USAGE ( .BOTH. , #4347 ) ;
#5343 = CARTESIAN_POINT ( 'NONE',  ( -61.35000000000005116, 1.550000000000006262, 4.600000000000187050 ) ) ;
#5344 = LINE ( 'NONE', #4411, #7478 ) ;
#5345 = SURFACE_STYLE_USAGE ( .BOTH. , #7397 ) ;
#5346 = DIRECTION ( 'NONE',  ( -1.000000000000000078E-15, 1.000000000000000000, 0.000000000000000000 ) ) ;
#5347 = DIRECTION ( 'NONE',  ( 1.000000000000000000, 2.253215950407110108E-15, 3.700233906981714543E-14 ) ) ;
#5348 = VERTEX_POINT ( 'NONE', #11348 ) ;
#5349 = VECTOR ( 'NONE', #566, 1000.000000000000000 ) ;
#5350 = ORIENTED_EDGE ( 'NONE', *, *, #11059, .T. ) ;
#5351 = ORIENTED_EDGE ( 'NONE', *, *, #9076, .T. ) ;
#5352 = CARTESIAN_POINT ( 'NONE',  ( -70.23431457505073183, -2.450000000000002398, 2.699999999999858513 ) ) ;
#5353 = LINE ( 'NONE', #5294, #9471 ) ;
#5354 =( NAMED_UNIT ( * ) PLANE_ANGLE_UNIT ( ) SI_UNIT ( $, .RADIAN. ) );
#5355 = UNCERTAINTY_MEASURE_WITH_UNIT (LENGTH_MEASURE( 1.000000000000000082E-05 ), #10769, 'distance_accuracy_value', 'NONE');
#5356 =( LENGTH_UNIT ( ) NAMED_UNIT ( * ) SI_UNIT ( .MILLI., .METRE. ) );
#5357 = CIRCLE ( 'NONE', #7618, 0.3999999999999975797 ) ;
#5358 = PRESENTATION_LAYER_ASSIGNMENT (  '', '', ( #1393 ) ) ;
#5359 = FACE_OUTER_BOUND ( 'NONE', #10998, .T. ) ;
#5360 =( LENGTH_UNIT ( ) NAMED_UNIT ( * ) SI_UNIT ( .MILLI., .METRE. ) );
#5361 = VECTOR ( 'NONE', #2461, 1000.000000000000000 ) ;
#5362 = FILL_AREA_STYLE ('',( #6285 ) ) ;
#5363 =( LENGTH_UNIT ( ) NAMED_UNIT ( * ) SI_UNIT ( .MILLI., .METRE. ) );
#5364 = CARTESIAN_POINT ( 'NONE',  ( -61.35000000000002984, 5.204170427930421283E-15, 4.075000000000186695 ) ) ;
#5365 = VECTOR ( 'NONE', #12039, 1000.000000000000000 ) ;
#5366 = ADVANCED_FACE ( 'NONE', ( #5480 ), #8358, .F. ) ;
#5367 = ORIENTED_EDGE ( 'NONE', *, *, #12406, .F. ) ;
#5368 = ORIENTED_EDGE ( 'NONE', *, *, #4695, .T. ) ;
#5369 = COLOUR_RGB ( '',0.6274509803921568540, 0.6274509803921568540, 0.6274509803921568540 ) ;
#5370 =( GEOMETRIC_REPRESENTATION_CONTEXT ( 3 ) GLOBAL_UNCERTAINTY_ASSIGNED_CONTEXT ( ( #10454 ) ) GLOBAL_UNIT_ASSIGNED_CONTEXT ( ( #2754, #8427, #8681 ) ) REPRESENTATION_CONTEXT ( 'NONE', 'WORKASPACE' ) );
#5371 = SURFACE_STYLE_USAGE ( .BOTH. , #6345 ) ;
#5372 = DIRECTION ( 'NONE',  ( -3.700000000000000011E-14, 0.000000000000000000, 1.000000000000000000 ) ) ;
#5373 = LINE ( 'NONE', #7358, #7751 ) ;
#5374 = EDGE_CURVE ( 'NONE', #8689, #8576, #2680, .T. ) ;
#5375 = ORIENTED_EDGE ( 'NONE', *, *, #9336, .F. ) ;
#5376 = SURFACE_STYLE_USAGE ( .BOTH. , #11235 ) ;
#5377 = VECTOR ( 'NONE', #9102, 1000.000000000000000 ) ;
#5378 = PLANE ( 'NONE',  #4872 ) ;
#5379 = AXIS2_PLACEMENT_3D ( 'NONE', #7525, #4589, #10528 ) ;
#5380 =( GEOMETRIC_REPRESENTATION_CONTEXT ( 3 ) GLOBAL_UNCERTAINTY_ASSIGNED_CONTEXT ( ( #422 ) ) GLOBAL_UNIT_ASSIGNED_CONTEXT ( ( #4163, #9801, #230 ) ) REPRESENTATION_CONTEXT ( 'NONE', 'WORKASPACE' ) );
#5381 = DIRECTION ( 'NONE',  ( 1.000000000000000078E-15, -1.000000000000000000, 0.000000000000000000 ) ) ;
#5382 = FILL_AREA_STYLE ('',( #9335 ) ) ;
#5383 = CARTESIAN_POINT ( 'NONE',  ( -61.15000000000003411, -10.44999999999999396, 4.600000000000194156 ) ) ;
#5384 = ADVANCED_FACE ( 'NONE', ( #5541 ), #1689, .T. ) ;
#5385 = FILL_AREA_STYLE ('',( #1887 ) ) ;
#5386 = FILL_AREA_STYLE ('',( #5266 ) ) ;
#5387 = CARTESIAN_POINT ( 'NONE',  ( -70.23431457505073183, -2.399999617645522942, 2.499999999999858336 ) ) ;
#5388 = PRESENTATION_LAYER_ASSIGNMENT (  '', '', ( #12227 ) ) ;
#5389 = ORIENTED_EDGE ( 'NONE', *, *, #5963, .F. ) ;
#5390 = AXIS2_PLACEMENT_3D ( 'NONE', #1398, #9066, #442 ) ;
#5391 = SURFACE_STYLE_USAGE ( .BOTH. , #3155 ) ;
#5392 = FACE_OUTER_BOUND ( 'NONE', #11036, .T. ) ;
#5393 = FACE_OUTER_BOUND ( 'NONE', #1255, .T. ) ;
#5394 = CARTESIAN_POINT ( 'NONE',  ( -64.59722222222221433, -3.949999999999997957, 3.000000000000067057 ) ) ;
#5395 = CARTESIAN_POINT ( 'NONE',  ( -66.30390903729337992, -2.253759288013719608, 2.500000000000003997 ) ) ;
#5396 = LINE ( 'NONE', #1542, #10687 ) ;
#5397 = DIRECTION ( 'NONE',  ( -1.000000000000000078E-15, 1.000000000000000000, 0.000000000000000000 ) ) ;
#5398 = DIRECTION ( 'NONE',  ( -3.448907672462272700E-14, 2.510923275377270607E-30, 1.000000000000000000 ) ) ;
#5399 = CARTESIAN_POINT ( 'NONE',  ( -66.49999999999995737, -2.153835720085829131, 2.299999999999996270 ) ) ;
#5400 = PRESENTATION_LAYER_ASSIGNMENT (  '', '', ( #7663 ) ) ;
#5401 = ADVANCED_FACE ( 'NONE', ( #2044 ), #8847, .T. ) ;
#5402 = VERTEX_POINT ( 'NONE', #9622 ) ;
#5403 = ORIENTED_EDGE ( 'NONE', *, *, #11477, .T. ) ;
#5404 = LINE ( 'NONE', #791, #2015 ) ;
#5405 = PRESENTATION_LAYER_ASSIGNMENT (  '', '', ( #456 ) ) ;
#5406 = PRESENTATION_STYLE_ASSIGNMENT (( #10213 ) ) ;
#5407 =( LENGTH_UNIT ( ) NAMED_UNIT ( * ) SI_UNIT ( .MILLI., .METRE. ) );
#5408 = CARTESIAN_POINT ( 'NONE',  ( -70.69999999999998863, -10.45000000000000284, 2.999999999999841460 ) ) ;
#5409 = FILL_AREA_STYLE_COLOUR ( '', #7560 ) ;
#5410 = DIRECTION ( 'NONE',  ( 1.000000000000000000, 9.999999999999923863E-16, 3.700000000000010109E-14 ) ) ;
#5411 =( GEOMETRIC_REPRESENTATION_CONTEXT ( 3 ) GLOBAL_UNCERTAINTY_ASSIGNED_CONTEXT ( ( #9730 ) ) GLOBAL_UNIT_ASSIGNED_CONTEXT ( ( #2686, #6527, #7538 ) ) REPRESENTATION_CONTEXT ( 'NONE', 'WORKASPACE' ) );
#5412 = CIRCLE ( 'NONE', #7865, 3.076972644202590423 ) ;
#5413 = PRESENTATION_LAYER_ASSIGNMENT (  '', '', ( #3226 ) ) ;
#5414 =( NAMED_UNIT ( * ) SI_UNIT ( $, .STERADIAN. ) SOLID_ANGLE_UNIT ( ) );
#5415 = DIRECTION ( 'NONE',  ( -3.700000000000000011E-14, 0.000000000000000000, 1.000000000000000000 ) ) ;
#5416 =( NAMED_UNIT ( * ) SI_UNIT ( $, .STERADIAN. ) SOLID_ANGLE_UNIT ( ) );
#5417 = UNCERTAINTY_MEASURE_WITH_UNIT (LENGTH_MEASURE( 1.000000000000000082E-05 ), #3032, 'distance_accuracy_value', 'NONE');
#5418 = CARTESIAN_POINT ( 'NONE',  ( -68.45000000000004547, -8.300000000000002487, 4.799999999999924327 ) ) ;
#5419 = ORIENTED_EDGE ( 'NONE', *, *, #176, .T. ) ;
#5420 =( GEOMETRIC_REPRESENTATION_CONTEXT ( 3 ) GLOBAL_UNCERTAINTY_ASSIGNED_CONTEXT ( ( #656 ) ) GLOBAL_UNIT_ASSIGNED_CONTEXT ( ( #7648, #1782, #2976 ) ) REPRESENTATION_CONTEXT ( 'NONE', 'WORKASPACE' ) );
#5421 = ORIENTED_EDGE ( 'NONE', *, *, #9696, .T. ) ;
#5422 = VERTEX_POINT ( 'NONE', #998 ) ;
#5423 = CARTESIAN_POINT ( 'NONE',  ( -64.35000000000005116, -9.974999999999997868, 4.600000000000076028 ) ) ;
#5424 = PRESENTATION_LAYER_ASSIGNMENT (  '', '', ( #37 ) ) ;
#5425 = CARTESIAN_POINT ( 'NONE',  ( -62.94999945250113882, -0.4499999258007949532, 4.050000000000127720 ) ) ;
#5426 = VECTOR ( 'NONE', #12182, 1000.000000000000000 ) ;
#5427 = CARTESIAN_POINT ( 'NONE',  ( -61.55000000000000426, -10.44999999999999396, 3.715685424949418891 ) ) ;
#5428 = CARTESIAN_POINT ( 'NONE',  ( -66.16043361310818227, -5.716237437971248170, 2.300000000000009148 ) ) ;
#5429 = DIRECTION ( 'NONE',  ( 3.700000000000000011E-14, -0.000000000000000000, -1.000000000000000000 ) ) ;
#5430 = UNCERTAINTY_MEASURE_WITH_UNIT (LENGTH_MEASURE( 1.000000000000000082E-05 ), #33, 'distance_accuracy_value', 'NONE');
#5431 = CARTESIAN_POINT ( 'NONE',  ( -65.38611111111110574, -3.949999999999998845, 3.300000000000037570 ) ) ;
#5432 = PRESENTATION_LAYER_ASSIGNMENT (  '', '', ( #1068 ) ) ;
#5433 = EDGE_CURVE ( 'NONE', #1740, #2099, #3106, .T. ) ;
#5434 = DIRECTION ( 'NONE',  ( 3.700000000000000011E-14, -0.000000000000000000, -1.000000000000000000 ) ) ;
#5435 = ORIENTED_EDGE ( 'NONE', *, *, #3564, .T. ) ;
#5436 =( GEOMETRIC_REPRESENTATION_CONTEXT ( 3 ) GLOBAL_UNCERTAINTY_ASSIGNED_CONTEXT ( ( #8712 ) ) GLOBAL_UNIT_ASSIGNED_CONTEXT ( ( #3852, #5873, #7592 ) ) REPRESENTATION_CONTEXT ( 'NONE', 'WORKASPACE' ) );
#5437 = DIRECTION ( 'NONE',  ( -1.000000000000000078E-15, 1.000000000000000000, 0.000000000000000000 ) ) ;
#5438 = ORIENTED_EDGE ( 'NONE', *, *, #332, .T. ) ;
#5439 = EDGE_LOOP ( 'NONE', ( #10692, #6225, #7453, #5906 ) ) ;
#5440 = CARTESIAN_POINT ( 'NONE',  ( -67.48333333333445694, -0.4499998509884007847, 3.799999999999960298 ) ) ;
#5441 = CARTESIAN_POINT ( 'NONE',  ( -64.15000000000003411, -9.499999999999996447, 4.600000000000083134 ) ) ;
#5442 = CARTESIAN_POINT ( 'NONE',  ( -71.44999999999998863, -4.450000000000004619, 3.049999999999827072 ) ) ;
#5443 =( GEOMETRIC_REPRESENTATION_CONTEXT ( 3 ) GLOBAL_UNCERTAINTY_ASSIGNED_CONTEXT ( ( #4901 ) ) GLOBAL_UNIT_ASSIGNED_CONTEXT ( ( #4332, #596, #1893 ) ) REPRESENTATION_CONTEXT ( 'NONE', 'WORKASPACE' ) );
#5444 = DIRECTION ( 'NONE',  ( -0.03909037293414653613, 0.9992356792788522624, 0.000000000000000000 ) ) ;
#5445 = VECTOR ( 'NONE', #3089, 1000.000000000000000 ) ;
#5446 = DIRECTION ( 'NONE',  ( -1.000000000000000000, -1.000000000000000078E-15, -3.700000000000000011E-14 ) ) ;
#5447 = UNCERTAINTY_MEASURE_WITH_UNIT (LENGTH_MEASURE( 1.000000000000000082E-05 ), #468, 'distance_accuracy_value', 'NONE');
#5448 = EDGE_CURVE ( 'NONE', #12029, #4401, #9740, .T. ) ;
#5449 = FILL_AREA_STYLE ('',( #5714 ) ) ;
#5450 = PLANE ( 'NONE',  #11183 ) ;
#5451 = COLOUR_RGB ( '',0.9529411764705881804, 0.7960784313725489669, 0.4862745098039215619 ) ;
#5452 =( NAMED_UNIT ( * ) PLANE_ANGLE_UNIT ( ) SI_UNIT ( $, .RADIAN. ) );
#5453 = AXIS2_PLACEMENT_3D ( 'NONE', #8866, #4050, #2946 ) ;
#5454 = EDGE_CURVE ( 'NONE', #8341, #9795, #1172, .T. ) ;
#5455 = MANIFOLD_SOLID_BREP ( 'Body1[3]', #6414 ) ;
#5456 = PRESENTATION_LAYER_ASSIGNMENT (  '', '', ( #8912 ) ) ;
#5457 =( NAMED_UNIT ( * ) PLANE_ANGLE_UNIT ( ) SI_UNIT ( $, .RADIAN. ) );
#5458 = ORIENTED_EDGE ( 'NONE', *, *, #11659, .T. ) ;
#5459 = SURFACE_SIDE_STYLE ('',( #10321 ) ) ;
#5460 = PLANE ( 'NONE',  #793 ) ;
#5461 =( NAMED_UNIT ( * ) SI_UNIT ( $, .STERADIAN. ) SOLID_ANGLE_UNIT ( ) );
#5462 =( GEOMETRIC_REPRESENTATION_CONTEXT ( 3 ) GLOBAL_UNCERTAINTY_ASSIGNED_CONTEXT ( ( #5790 ) ) GLOBAL_UNIT_ASSIGNED_CONTEXT ( ( #11906, #5104, #3352 ) ) REPRESENTATION_CONTEXT ( 'NONE', 'WORKASPACE' ) );
#5463 = VECTOR ( 'NONE', #4881, 1000.000000000000000 ) ;
#5464 = CARTESIAN_POINT ( 'NONE',  ( -64.44722222222220864, -3.949999999999997957, 3.300000000000072209 ) ) ;
#5465 = CARTESIAN_POINT ( 'NONE',  ( -65.38611111111109153, -10.44999999999999751, 3.000000000000037748 ) ) ;
#5466 = DIRECTION ( 'NONE',  ( -1.000000000000000000, 0.000000000000000000, -3.903127820947704260E-14 ) ) ;
#5467 = ORIENTED_EDGE ( 'NONE', *, *, #1119, .F. ) ;
#5468 =( GEOMETRIC_REPRESENTATION_CONTEXT ( 3 ) GLOBAL_UNCERTAINTY_ASSIGNED_CONTEXT ( ( #8474 ) ) GLOBAL_UNIT_ASSIGNED_CONTEXT ( ( #4594, #6575, #2675 ) ) REPRESENTATION_CONTEXT ( 'NONE', 'WORKASPACE' ) );
#5469 = VERTEX_POINT ( 'NONE', #11475 ) ;
#5470 = CARTESIAN_POINT ( 'NONE',  ( -66.40999999999995396, -9.259094657478639689, 2.299999999999999822 ) ) ;
#5471 = PRESENTATION_STYLE_ASSIGNMENT (( #1676 ) ) ;
#5472 = DIRECTION ( 'NONE',  ( 0.000000000000000000, 1.000000000000000000, 0.000000000000000000 ) ) ;
#5473 = CARTESIAN_POINT ( 'NONE',  ( -66.30000000000114824, 1.100000000000000311, 4.150000000000011902 ) ) ;
#5474 = CARTESIAN_POINT ( 'NONE',  ( -62.24999999999999289, -3.949999999999995293, 3.225000000000153744 ) ) ;
#5475 =( NAMED_UNIT ( * ) PLANE_ANGLE_UNIT ( ) SI_UNIT ( $, .RADIAN. ) );
#5476 = EDGE_CURVE ( 'NONE', #3697, #1638, #1865, .T. ) ;
#5477 = CARTESIAN_POINT ( 'NONE',  ( -69.29166666666665719, -10.45000000000000284, 2.999999999999893419 ) ) ;
#5478 = SURFACE_STYLE_FILL_AREA ( #800 ) ;
#5479 = ORIENTED_EDGE ( 'NONE', *, *, #3982, .T. ) ;
#5480 = FACE_OUTER_BOUND ( 'NONE', #12381, .T. ) ;
#5481 = ORIENTED_EDGE ( 'NONE', *, *, #7514, .F. ) ;
#5482 = VERTEX_POINT ( 'NONE', #10536 ) ;
#5483 = VERTEX_POINT ( 'NONE', #42 ) ;
#5484 = DIRECTION ( 'NONE',  ( -1.000000000000000078E-15, 1.000000000000000000, 0.000000000000000000 ) ) ;
#5485 = DIRECTION ( 'NONE',  ( -1.000000000000000078E-15, 1.000000000000000000, 0.000000000000000000 ) ) ;
#5486 = UNCERTAINTY_MEASURE_WITH_UNIT (LENGTH_MEASURE( 1.000000000000000082E-05 ), #4644, 'distance_accuracy_value', 'NONE');
#5487 = CARTESIAN_POINT ( 'NONE',  ( -66.29609096270655755, -2.054065133228777817, 2.300000000000004263 ) ) ;
#5488 = EDGE_CURVE ( 'NONE', #7223, #807, #2928, .T. ) ;
#5489 = DIRECTION ( 'NONE',  ( 1.000000000000000000, 1.000000000000000078E-15, 3.695424905016041633E-14 ) ) ;
#5490 = LINE ( 'NONE', #3549, #11422 ) ;
#5491 = AXIS2_PLACEMENT_3D ( 'NONE', #11520, #3638, #4641 ) ;
#5492 = EDGE_CURVE ( 'NONE', #5559, #7549, #9172, .T. ) ;
#5493 = PRESENTATION_STYLE_ASSIGNMENT (( #7416 ) ) ;
#5494 = ORIENTED_EDGE ( 'NONE', *, *, #980, .F. ) ;
#5495 = EDGE_CURVE ( 'NONE', #8704, #9587, #9160, .T. ) ;
#5496 = AXIS2_PLACEMENT_3D ( 'NONE', #9645, #10495, #66 ) ;
#5497 = ORIENTED_EDGE ( 'NONE', *, *, #3623, .T. ) ;
#5498 = VERTEX_POINT ( 'NONE', #6056 ) ;
#5500 = STYLED_ITEM ( 'NONE', ( #4771 ), #645 ) ;
#5499 =( GEOMETRIC_REPRESENTATION_CONTEXT ( 3 ) GLOBAL_UNCERTAINTY_ASSIGNED_CONTEXT ( ( #6201 ) ) GLOBAL_UNIT_ASSIGNED_CONTEXT ( ( #354, #11780, #7284 ) ) REPRESENTATION_CONTEXT ( 'NONE', 'WORKASPACE' ) );
#5501 = DIRECTION ( 'NONE',  ( 0.07035951977532106660, -0.9975216979980867649, 2.571467142125442210E-15 ) ) ;
#5502 = LINE ( 'NONE', #1817, #3402 ) ;
#5503 = LINE ( 'NONE', #6741, #7319 ) ;
#5504 = DIRECTION ( 'NONE',  ( 1.000000000000000078E-15, -1.000000000000000000, 0.000000000000000000 ) ) ;
#5505 = PLANE ( 'NONE',  #3453 ) ;
#5506 = CARTESIAN_POINT ( 'NONE',  ( -65.53611111111108301, -10.44999999999999929, 3.000000000000031974 ) ) ;
#5507 = CARTESIAN_POINT ( 'NONE',  ( -65.31666666666781396, 4.050000074505802239, 4.050000000000040679 ) ) ;
#5508 = AXIS2_PLACEMENT_3D ( 'NONE', #4580, #5332, #8466 ) ;
#5509 = CARTESIAN_POINT ( 'NONE',  ( -64.56568542494919427, -8.049999999999998934, 2.300000000000068212 ) ) ;
#5510 = FILL_AREA_STYLE ('',( #3507 ) ) ;
#5511 = VECTOR ( 'NONE', #2495, 1000.000000000000000 ) ;
#5512 = LINE ( 'NONE', #12126, #1331 ) ;
#5513 = ORIENTED_EDGE ( 'NONE', *, *, #7110, .T. ) ;
#5514 = PRESENTATION_STYLE_ASSIGNMENT (( #4572 ) ) ;
#5515 = SURFACE_SIDE_STYLE ('',( #1720 ) ) ;
#5516 =( GEOMETRIC_REPRESENTATION_CONTEXT ( 3 ) GLOBAL_UNCERTAINTY_ASSIGNED_CONTEXT ( ( #7409 ) ) GLOBAL_UNIT_ASSIGNED_CONTEXT ( ( #5045, #2161, #1320 ) ) REPRESENTATION_CONTEXT ( 'NONE', 'WORKASPACE' ) );
#5517 = CARTESIAN_POINT ( 'NONE',  ( -65.06666666666666288, -3.949999999999997957, 3.300000000000049560 ) ) ;
#5518 = SURFACE_SIDE_STYLE ('',( #595 ) ) ;
#5519 = CARTESIAN_POINT ( 'NONE',  ( -66.38999999999998636, -2.449999999999998845, 2.925000000000000711 ) ) ;
#5520 = SURFACE_STYLE_FILL_AREA ( #12137 ) ;
#5521 =( GEOMETRIC_REPRESENTATION_CONTEXT ( 3 ) GLOBAL_UNCERTAINTY_ASSIGNED_CONTEXT ( ( #8740 ) ) GLOBAL_UNIT_ASSIGNED_CONTEXT ( ( #8350, #2808, #6640 ) ) REPRESENTATION_CONTEXT ( 'NONE', 'WORKASPACE' ) );
#5522 = FILL_AREA_STYLE_COLOUR ( '', #11797 ) ;
#5523 = VERTEX_POINT ( 'NONE', #4279 ) ;
#5524 = ORIENTED_EDGE ( 'NONE', *, *, #9929, .T. ) ;
#5525 = ORIENTED_EDGE ( 'NONE', *, *, #6842, .F. ) ;
#5526 = UNCERTAINTY_MEASURE_WITH_UNIT (LENGTH_MEASURE( 1.000000000000000082E-05 ), #9814, 'distance_accuracy_value', 'NONE');
#5527 = EDGE_CURVE ( 'NONE', #9106, #10935, #7084, .T. ) ;
#5528 = PLANE ( 'NONE',  #4831 ) ;
#5529 = EDGE_CURVE ( 'NONE', #10507, #9121, #10947, .T. ) ;
#5530 = PRESENTATION_LAYER_ASSIGNMENT (  '', '', ( #3527 ) ) ;
#5531 = CYLINDRICAL_SURFACE ( 'NONE', #4559, 0.08999999999999792888 ) ;
#5532 = CARTESIAN_POINT ( 'NONE',  ( -70.51715728752533607, -10.45000000000000284, 2.417157287525228071 ) ) ;
#5533 = FACE_OUTER_BOUND ( 'NONE', #3555, .T. ) ;
#5534 = CARTESIAN_POINT ( 'NONE',  ( -65.39722222222336256, 1.100000000000002087, 4.250000000000037303 ) ) ;
#5535 = COLOUR_RGB ( '',0.9529411764705881804, 0.7960784313725489669, 0.4862745098039215619 ) ;
#5536 = SURFACE_STYLE_FILL_AREA ( #11274 ) ;
#5537 = DIRECTION ( 'NONE',  ( 3.700000000000000011E-14, -0.000000000000000000, -1.000000000000000000 ) ) ;
#5538 = DIRECTION ( 'NONE',  ( -3.700000000000000011E-14, 0.000000000000000000, 1.000000000000000000 ) ) ;
#5539 = CARTESIAN_POINT ( 'NONE',  ( -62.71944444444442723, -10.44999999999999574, 3.000000000000136335 ) ) ;
#5540 = VERTEX_POINT ( 'NONE', #10023 ) ;
#5541 = FACE_OUTER_BOUND ( 'NONE', #956, .T. ) ;
#5542 = FACE_OUTER_BOUND ( 'NONE', #2151, .T. ) ;
#5543 = ORIENTED_EDGE ( 'NONE', *, *, #12026, .F. ) ;
#5544 = ORIENTED_EDGE ( 'NONE', *, *, #2897, .T. ) ;
#5545 = ORIENTED_EDGE ( 'NONE', *, *, #10469, .T. ) ;
#5546 = COLOUR_RGB ( '',0.6274509803921568540, 0.6274509803921568540, 0.6274509803921568540 ) ;
#5547 = DIRECTION ( 'NONE',  ( -5.374070730728520780E-16, 1.000000000000000000, 1.711593829630447511E-29 ) ) ;
#5548 = EDGE_CURVE ( 'NONE', #9717, #2784, #10907, .T. ) ;
#5549 = PLANE ( 'NONE',  #6139 ) ;
#5550 = DIRECTION ( 'NONE',  ( -1.000000000000000078E-15, 1.000000000000000000, 0.000000000000000000 ) ) ;
#5551 = DIRECTION ( 'NONE',  ( -1.000000000000000000, -1.000000000000000078E-15, -3.645695612925943688E-14 ) ) ;
#5552 =( LENGTH_UNIT ( ) NAMED_UNIT ( * ) SI_UNIT ( .MILLI., .METRE. ) );
#5553 = EDGE_CURVE ( 'NONE', #9106, #2945, #10834, .T. ) ;
#5554 = CARTESIAN_POINT ( 'NONE',  ( -69.14166666666665151, -10.45000000000000284, 3.299999999999899014 ) ) ;
#5555 = FACE_OUTER_BOUND ( 'NONE', #6230, .T. ) ;
#5556 = VECTOR ( 'NONE', #772, 1000.000000000000000 ) ;
#5557 = CIRCLE ( 'NONE', #11783, 0.4000000000000024092 ) ;
#5558 = FACE_OUTER_BOUND ( 'NONE', #725, .T. ) ;
#5559 = VERTEX_POINT ( 'NONE', #4335 ) ;
#5560 = PLANE ( 'NONE',  #3461 ) ;
#5561 = EDGE_CURVE ( 'NONE', #6373, #6167, #8974, .T. ) ;
#5562 = ORIENTED_EDGE ( 'NONE', *, *, #11991, .F. ) ;
#5563 = ORIENTED_EDGE ( 'NONE', *, *, #9700, .F. ) ;
#5564 = ADVANCED_FACE ( 'NONE', ( #7962 ), #11018, .T. ) ;
#5565 =( NAMED_UNIT ( * ) SI_UNIT ( $, .STERADIAN. ) SOLID_ANGLE_UNIT ( ) );
#5566 = FACE_OUTER_BOUND ( 'NONE', #8074, .T. ) ;
#5567 = PRESENTATION_LAYER_ASSIGNMENT (  '', '', ( #11194 ) ) ;
#5568 = AXIS2_PLACEMENT_3D ( 'NONE', #1113, #208, #4907 ) ;
#5569 = EDGE_CURVE ( 'NONE', #1548, #8317, #1491, .T. ) ;
#5570 = DIRECTION ( 'NONE',  ( -1.000000000000000000, -1.000000000000000078E-15, -3.645695612925943688E-14 ) ) ;
#5571 = DIRECTION ( 'NONE',  ( 1.000000000000000000, 1.000000000000000078E-15, 3.700000000000000011E-14 ) ) ;
#5572 =( LENGTH_UNIT ( ) NAMED_UNIT ( * ) SI_UNIT ( .MILLI., .METRE. ) );
#5573 = CARTESIAN_POINT ( 'NONE',  ( -65.97006656669611857, -5.705982667811949405, 2.300000000000015810 ) ) ;
#5574 = VECTOR ( 'NONE', #3770, 1000.000000000000000 ) ;
#5575 = DIRECTION ( 'NONE',  ( 1.000000000000000078E-15, -1.000000000000000000, 0.000000000000000000 ) ) ;
#5576 =( GEOMETRIC_REPRESENTATION_CONTEXT ( 3 ) GLOBAL_UNCERTAINTY_ASSIGNED_CONTEXT ( ( #7950 ) ) GLOBAL_UNIT_ASSIGNED_CONTEXT ( ( #9990, #7113, #11451 ) ) REPRESENTATION_CONTEXT ( 'NONE', 'WORKASPACE' ) );
#5577 = ORIENTED_EDGE ( 'NONE', *, *, #7605, .F. ) ;
#5578 = ORIENTED_EDGE ( 'NONE', *, *, #4815, .T. ) ;
#5579 =( NAMED_UNIT ( * ) PLANE_ANGLE_UNIT ( ) SI_UNIT ( $, .RADIAN. ) );
#5580 = LINE ( 'NONE', #3829, #2297 ) ;
#5581 = EDGE_LOOP ( 'NONE', ( #2448, #1017, #1885, #8610 ) ) ;
#5582 =( LENGTH_UNIT ( ) NAMED_UNIT ( * ) SI_UNIT ( .MILLI., .METRE. ) );
#5583 = VECTOR ( 'NONE', #3211, 1000.000000000000000 ) ;
#5584 = VECTOR ( 'NONE', #1130, 1000.000000000000000 ) ;
#5585 = PRESENTATION_STYLE_ASSIGNMENT (( #9465 ) ) ;
#5586 = STYLED_ITEM ( 'NONE', ( #4840 ), #12248 ) ;
#5587 = LINE ( 'NONE', #9466, #9027 ) ;
#5588 = CARTESIAN_POINT ( 'NONE',  ( -66.35000000000059117, 1.100000000000000311, 4.050000000000002487 ) ) ;
#5589 = LINE ( 'NONE', #7644, #11038 ) ;
#5590 = FACE_OUTER_BOUND ( 'NONE', #7634, .T. ) ;
#5591 = LINE ( 'NONE', #2794, #4164 ) ;
#5592 =( GEOMETRIC_REPRESENTATION_CONTEXT ( 3 ) GLOBAL_UNCERTAINTY_ASSIGNED_CONTEXT ( ( #4046 ) ) GLOBAL_UNIT_ASSIGNED_CONTEXT ( ( #95, #8844, #9678 ) ) REPRESENTATION_CONTEXT ( 'NONE', 'WORKASPACE' ) );
#5593 = CIRCLE ( 'NONE', #11442, 0.1000000000000028644 ) ;
#5594 = CARTESIAN_POINT ( 'NONE',  ( -70.23431457505073183, -2.450000000000002398, 2.499999999999858336 ) ) ;
#5595 = ORIENTED_EDGE ( 'NONE', *, *, #7049, .F. ) ;
#5596 = ORIENTED_EDGE ( 'NONE', *, *, #1041, .F. ) ;
#5597 = SURFACE_STYLE_FILL_AREA ( #9608 ) ;
#5598 = DIRECTION ( 'NONE',  ( -1.000000000000000000, -1.000000000000000472E-15, -3.700000000000000011E-14 ) ) ;
#5599 = LINE ( 'NONE', #10393, #7740 ) ;
#5600 =( LENGTH_UNIT ( ) NAMED_UNIT ( * ) SI_UNIT ( .MILLI., .METRE. ) );
#5601 = CYLINDRICAL_SURFACE ( 'NONE', #5379, 0.1000000000000028644 ) ;
#5602 = CYLINDRICAL_SURFACE ( 'NONE', #3839, 0.8060883600805396343 ) ;
#5603 = VECTOR ( 'NONE', #3774, 1000.000000000000000 ) ;
#5604 = SURFACE_STYLE_FILL_AREA ( #11276 ) ;
#5605 = VECTOR ( 'NONE', #7149, 1000.000000000000000 ) ;
#5606 = DIRECTION ( 'NONE',  ( -1.000000000000000000, -1.000000000000000078E-15, -3.700000000000000011E-14 ) ) ;
#5607 = SURFACE_SIDE_STYLE ('',( #5478 ) ) ;
#5609 = EDGE_CURVE ( 'NONE', #4906, #8005, #8027, .T. ) ;
#5608 = DIRECTION ( 'NONE',  ( 1.000000000000000000, 9.999999999999923863E-16, 3.700000000000010109E-14 ) ) ;
#5610 = ORIENTED_EDGE ( 'NONE', *, *, #1528, .F. ) ;
#5611 = ADVANCED_FACE ( 'NONE', ( #403 ), #6953, .T. ) ;
#5612 = ORIENTED_EDGE ( 'NONE', *, *, #283, .T. ) ;
#5613 = ORIENTED_EDGE ( 'NONE', *, *, #6582, .T. ) ;
#5614 = ORIENTED_EDGE ( 'NONE', *, *, #3328, .T. ) ;
#5615 = STYLED_ITEM ( 'NONE', ( #11814 ), #7572 ) ;
#5616 = CARTESIAN_POINT ( 'NONE',  ( -62.56568542494919427, -10.44999999999999574, 2.500000000000141664 ) ) ;
#5617 = MECHANICAL_DESIGN_GEOMETRIC_PRESENTATION_REPRESENTATION (  '', ( #11836 ), #4200 ) ;
#5618 = PLANE ( 'NONE',  #10657 ) ;
#5619 = PRESENTATION_LAYER_ASSIGNMENT (  '', '', ( #8268 ) ) ;
#5620 =( GEOMETRIC_REPRESENTATION_CONTEXT ( 3 ) GLOBAL_UNCERTAINTY_ASSIGNED_CONTEXT ( ( #1539 ) ) GLOBAL_UNIT_ASSIGNED_CONTEXT ( ( #10100, #481, #8163 ) ) REPRESENTATION_CONTEXT ( 'NONE', 'WORKASPACE' ) );
#5621 =( NAMED_UNIT ( * ) SI_UNIT ( $, .STERADIAN. ) SOLID_ANGLE_UNIT ( ) );
#5622 = UNCERTAINTY_MEASURE_WITH_UNIT (LENGTH_MEASURE( 1.000000000000000082E-05 ), #5300, 'distance_accuracy_value', 'NONE');
#5623 = CARTESIAN_POINT ( 'NONE',  ( -65.06666666666664867, -10.44999999999999751, 3.000000000000049294 ) ) ;
#5624 = DIRECTION ( 'NONE',  ( 1.000000000000000000, 2.253215950407110108E-15, 3.700233906981714543E-14 ) ) ;
#5625 = EDGE_CURVE ( 'NONE', #8117, #3710, #9224, .T. ) ;
#5626 =( NAMED_UNIT ( * ) SI_UNIT ( $, .STERADIAN. ) SOLID_ANGLE_UNIT ( ) );
#5627 = CARTESIAN_POINT ( 'NONE',  ( -66.94444444444442865, -10.44999999999999929, 2.999999999999980016 ) ) ;
#5628 = DIRECTION ( 'NONE',  ( 1.000000000000000000, 0.000000000000000000, 3.903127820947839313E-14 ) ) ;
#5629 = DIRECTION ( 'NONE',  ( -0.6623823368164316605, 0.7491659628370761492, -2.467411699244869292E-14 ) ) ;
#5630 = ORIENTED_EDGE ( 'NONE', *, *, #7639, .F. ) ;
#5631 = LINE ( 'NONE', #2697, #9322 ) ;
#5632 = AXIS2_PLACEMENT_3D ( 'NONE', #3781, #3713, #11464 ) ;
#5633 = VECTOR ( 'NONE', #9574, 1000.000000000000000 ) ;
#5634 = VECTOR ( 'NONE', #7624, 1000.000000000000000 ) ;
#5635 = ORIENTED_EDGE ( 'NONE', *, *, #9834, .F. ) ;
#5636 = ORIENTED_EDGE ( 'NONE', *, *, #6258, .T. ) ;
#5637 = FILL_AREA_STYLE ('',( #1022 ) ) ;
#5638 = FILL_AREA_STYLE_COLOUR ( '', #200 ) ;
#5639 = FILL_AREA_STYLE ('',( #9577 ) ) ;
#5640 = SURFACE_SIDE_STYLE ('',( #8444 ) ) ;
#5641 = AXIS2_PLACEMENT_3D ( 'NONE', #10309, #11435, #7490 ) ;
#5642 = EDGE_CURVE ( 'NONE', #9586, #803, #599, .T. ) ;
#5643 = CIRCLE ( 'NONE', #8880, 0.2000000000000057288 ) ;
#5644 = COLOUR_RGB ( '',0.007843137254901960675, 0.007843137254901960675, 0.007843137254901960675 ) ;
#5645 = VECTOR ( 'NONE', #3458, 1000.000000000000000 ) ;
#5646 = PRESENTATION_STYLE_ASSIGNMENT (( #6544 ) ) ;
#5647 =( NAMED_UNIT ( * ) PLANE_ANGLE_UNIT ( ) SI_UNIT ( $, .RADIAN. ) );
#5648 = FACE_OUTER_BOUND ( 'NONE', #1177, .T. ) ;
#5649 = PRESENTATION_LAYER_ASSIGNMENT (  '', '', ( #3437 ) ) ;
#5650 = EDGE_CURVE ( 'NONE', #7964, #7807, #6435, .T. ) ;
#5651 = DIRECTION ( 'NONE',  ( -1.000000000000000078E-15, 1.000000000000000000, 0.000000000000000000 ) ) ;
#5652 = VERTEX_POINT ( 'NONE', #3649 ) ;
#5653 = ORIENTED_EDGE ( 'NONE', *, *, #1213, .T. ) ;
#5654 = VECTOR ( 'NONE', #6114, 1000.000000000000000 ) ;
#5655 = VECTOR ( 'NONE', #5895, 1000.000000000000000 ) ;
#5656 =( NAMED_UNIT ( * ) SI_UNIT ( $, .STERADIAN. ) SOLID_ANGLE_UNIT ( ) );
#5657 = STYLED_ITEM ( 'NONE', ( #11892 ), #9759 ) ;
#5658 = DIRECTION ( 'NONE',  ( -1.000000000000000078E-15, 1.000000000000000000, 0.000000000000000000 ) ) ;
#5659 = COLOUR_RGB ( '',0.9529411764705881804, 0.7960784313725489669, 0.4862745098039215619 ) ;
#5660 = ORIENTED_EDGE ( 'NONE', *, *, #5448, .T. ) ;
#5661 = CARTESIAN_POINT ( 'NONE',  ( -65.38611111111110574, -10.44999999999999751, 3.300000000000037570 ) ) ;
#5662 = SURFACE_STYLE_FILL_AREA ( #4513 ) ;
#5663 = UNCERTAINTY_MEASURE_WITH_UNIT (LENGTH_MEASURE( 1.000000000000000082E-05 ), #2896, 'distance_accuracy_value', 'NONE');
#5664 = CARTESIAN_POINT ( 'NONE',  ( -62.56944444444442865, -3.949999999999996181, 3.000000000000141664 ) ) ;
#5665 = DIRECTION ( 'NONE',  ( 1.000000000000000000, 8.265276524023190724E-16, 3.700000000000000011E-14 ) ) ;
#5666 = AXIS2_PLACEMENT_3D ( 'NONE', #7696, #5328, #10090 ) ;
#5667 = EDGE_CURVE ( 'NONE', #7668, #2665, #11137, .T. ) ;
#5668 = DIRECTION ( 'NONE',  ( 3.700000000000000011E-14, -0.000000000000000000, -1.000000000000000000 ) ) ;
#5669 = CARTESIAN_POINT ( 'NONE',  ( -65.31666666666781396, -0.4499999258007966740, 4.050000000000040679 ) ) ;
#5670 = PLANE ( 'NONE',  #3247 ) ;
#5671 = ORIENTED_EDGE ( 'NONE', *, *, #5999, .F. ) ;
#5672 = VERTEX_POINT ( 'NONE', #11198 ) ;
#5673 = UNCERTAINTY_MEASURE_WITH_UNIT (LENGTH_MEASURE( 1.000000000000000082E-05 ), #4160, 'distance_accuracy_value', 'NONE');
#5674 = FILL_AREA_STYLE ('',( #2800 ) ) ;
#5675 = STYLED_ITEM ( 'NONE', ( #2561 ), #5173 ) ;
#5676 = PLANE ( 'NONE',  #5632 ) ;
#5677 =( LENGTH_UNIT ( ) NAMED_UNIT ( * ) SI_UNIT ( .MILLI., .METRE. ) );
#5678 =( LENGTH_UNIT ( ) NAMED_UNIT ( * ) SI_UNIT ( .MILLI., .METRE. ) );
#5679 =( LENGTH_UNIT ( ) NAMED_UNIT ( * ) SI_UNIT ( .MILLI., .METRE. ) );
#5680 =( GEOMETRIC_REPRESENTATION_CONTEXT ( 3 ) GLOBAL_UNCERTAINTY_ASSIGNED_CONTEXT ( ( #7455 ) ) GLOBAL_UNIT_ASSIGNED_CONTEXT ( ( #6014, #9001, #8056 ) ) REPRESENTATION_CONTEXT ( 'NONE', 'WORKASPACE' ) );
#5681 = EDGE_CURVE ( 'NONE', #3343, #903, #8278, .T. ) ;
#5682 = LINE ( 'NONE', #796, #11069 ) ;
#5683 = LINE ( 'NONE', #3720, #10614 ) ;
#5684 = FACE_OUTER_BOUND ( 'NONE', #10042, .T. ) ;
#5685 = PRESENTATION_STYLE_ASSIGNMENT (( #11746 ) ) ;
#5686 = DIRECTION ( 'NONE',  ( -1.000000000000000078E-15, 1.000000000000000000, 0.000000000000000000 ) ) ;
#5687 = PLANE ( 'NONE',  #233 ) ;
#5688 = ORIENTED_EDGE ( 'NONE', *, *, #12417, .T. ) ;
#5689 = DIRECTION ( 'NONE',  ( -1.000000000000000000, -1.000000000000000078E-15, -3.701809683000205097E-14 ) ) ;
#5690 = FACE_OUTER_BOUND ( 'NONE', #7387, .T. ) ;
#5691 = MECHANICAL_DESIGN_GEOMETRIC_PRESENTATION_REPRESENTATION (  '', ( #4066 ), #284 ) ;
#5692 = ORIENTED_EDGE ( 'NONE', *, *, #3889, .T. ) ;
#5693 = ORIENTED_EDGE ( 'NONE', *, *, #7683, .F. ) ;
#5694 = ORIENTED_EDGE ( 'NONE', *, *, #12386, .T. ) ;
#5695 = CARTESIAN_POINT ( 'NONE',  ( -70.45000000000005969, -8.300000000000004263, 4.799999999999850608 ) ) ;
#5696 = SURFACE_STYLE_FILL_AREA ( #12352 ) ;
#5697 = DIRECTION ( 'NONE',  ( 1.000000000000000078E-15, -1.000000000000000000, 0.000000000000000000 ) ) ;
#5698 = COLOUR_RGB ( '',0.6274509803921568540, 0.6274509803921568540, 0.6274509803921568540 ) ;
#5699 = CARTESIAN_POINT ( 'NONE',  ( -70.65000000000006253, 1.549999999999997602, 4.799999999999842615 ) ) ;
#5700 = PRESENTATION_STYLE_ASSIGNMENT (( #7739 ) ) ;
#5701 = PRESENTATION_LAYER_ASSIGNMENT (  '', '', ( #8336 ) ) ;
#5702 = VERTEX_POINT ( 'NONE', #9350 ) ;
#5703 =( LENGTH_UNIT ( ) NAMED_UNIT ( * ) SI_UNIT ( .MILLI., .METRE. ) );
#5704 = ORIENTED_EDGE ( 'NONE', *, *, #8695, .T. ) ;
#5705 = VERTEX_POINT ( 'NONE', #722 ) ;
#5706 = DIRECTION ( 'NONE',  ( 1.000000000000000000, 1.462592926927147979E-15, 3.700000000000000011E-14 ) ) ;
#5707 = FILL_AREA_STYLE ('',( #4622 ) ) ;
#5708 = LINE ( 'NONE', #3875, #1617 ) ;
#5709 = FILL_AREA_STYLE_COLOUR ( '', #1909 ) ;
#5710 = EDGE_CURVE ( 'NONE', #286, #11805, #7515, .T. ) ;
#5711 = EDGE_CURVE ( 'NONE', #9527, #1670, #1779, .T. ) ;
#5712 = CARTESIAN_POINT ( 'NONE',  ( -64.46568542494919996, -8.049999999999998934, 2.300000000000071765 ) ) ;
#5713 = UNCERTAINTY_MEASURE_WITH_UNIT (LENGTH_MEASURE( 1.000000000000000082E-05 ), #3520, 'distance_accuracy_value', 'NONE');
#5714 = FILL_AREA_STYLE_COLOUR ( '', #6666 ) ;
#5715 = PLANE ( 'NONE',  #3423 ) ;
#5716 = FACE_OUTER_BOUND ( 'NONE', #10605, .T. ) ;
#5717 = ORIENTED_EDGE ( 'NONE', *, *, #1564, .F. ) ;
#5718 = ORIENTED_EDGE ( 'NONE', *, *, #4892, .F. ) ;
#5719 = ORIENTED_EDGE ( 'NONE', *, *, #1613, .F. ) ;
#5720 = CARTESIAN_POINT ( 'NONE',  ( -66.81902440614794614, -5.865754152547689948, 2.309999999999984954 ) ) ;
#5721 = ORIENTED_EDGE ( 'NONE', *, *, #7368, .F. ) ;
#5722 = EDGE_CURVE ( 'NONE', #2129, #9007, #1349, .T. ) ;
#5723 =( NAMED_UNIT ( * ) PLANE_ANGLE_UNIT ( ) SI_UNIT ( $, .RADIAN. ) );
#5724 =( NAMED_UNIT ( * ) SI_UNIT ( $, .STERADIAN. ) SOLID_ANGLE_UNIT ( ) );
#5725 = DIRECTION ( 'NONE',  ( -0.7071067811865290320, -7.071067811865522665E-16, -0.7071067811865660024 ) ) ;
#5727 = EDGE_CURVE ( 'NONE', #1548, #9627, #11323, .T. ) ;
#5726 =( LENGTH_UNIT ( ) NAMED_UNIT ( * ) SI_UNIT ( .MILLI., .METRE. ) );
#5728 = COLOUR_RGB ( '',0.007843137254901960675, 0.007843137254901960675, 0.007843137254901960675 ) ;
#5729 = DIRECTION ( 'NONE',  ( 3.700000000000000011E-14, -0.000000000000000000, -1.000000000000000000 ) ) ;
#5730 = SURFACE_STYLE_USAGE ( .BOTH. , #4655 ) ;
#5731 = VECTOR ( 'NONE', #2470, 1000.000000000000000 ) ;
#5732 = VERTEX_POINT ( 'NONE', #4463 ) ;
#5733 = ADVANCED_FACE ( 'NONE', ( #5590 ), #2723, .F. ) ;
#5734 = VERTEX_POINT ( 'NONE', #1846 ) ;
#5735 = DIRECTION ( 'NONE',  ( -1.000000000000000078E-15, 1.000000000000000000, 0.000000000000000000 ) ) ;
#5736 = EDGE_CURVE ( 'NONE', #11728, #631, #4715, .T. ) ;
#5737 = LINE ( 'NONE', #9479, #3035 ) ;
#5738 =( GEOMETRIC_REPRESENTATION_CONTEXT ( 3 ) GLOBAL_UNCERTAINTY_ASSIGNED_CONTEXT ( ( #12165 ) ) GLOBAL_UNIT_ASSIGNED_CONTEXT ( ( #4543, #11287, #5621 ) ) REPRESENTATION_CONTEXT ( 'NONE', 'WORKASPACE' ) );
#5739 = FACE_OUTER_BOUND ( 'NONE', #2488, .T. ) ;
#5740 = EDGE_CURVE ( 'NONE', #2746, #7807, #12331, .T. ) ;
#5741 = CARTESIAN_POINT ( 'NONE',  ( -64.12777777777777999, -3.949999999999997069, 3.300000000000084199 ) ) ;
#5742 = FACE_OUTER_BOUND ( 'NONE', #10167, .T. ) ;
#5743 = EDGE_CURVE ( 'NONE', #6585, #8850, #11395, .T. ) ;
#5744 = FILL_AREA_STYLE_COLOUR ( '', #12199 ) ;
#5745 =( LENGTH_UNIT ( ) NAMED_UNIT ( * ) SI_UNIT ( .MILLI., .METRE. ) );
#5746 = VECTOR ( 'NONE', #10216, 1000.000000000000000 ) ;
#5747 = LINE ( 'NONE', #5810, #2080 ) ;
#5748 = CARTESIAN_POINT ( 'NONE',  ( -66.82052154800460642, -8.158368805560970216, 2.299999999999984279 ) ) ;
#5749 = ORIENTED_EDGE ( 'NONE', *, *, #1982, .T. ) ;
#5750 = DIRECTION ( 'NONE',  ( 3.700000000000000011E-14, -0.000000000000000000, -1.000000000000000000 ) ) ;
#5751 = ORIENTED_EDGE ( 'NONE', *, *, #1528, .T. ) ;
#5752 = EDGE_LOOP ( 'NONE', ( #3842, #10724, #9513, #5234 ) ) ;
#5753 = EDGE_LOOP ( 'NONE', ( #3315, #12223, #6791, #8133 ) ) ;
#5754 =( NAMED_UNIT ( * ) SI_UNIT ( $, .STERADIAN. ) SOLID_ANGLE_UNIT ( ) );
#5755 = FILL_AREA_STYLE ('',( #3543 ) ) ;
#5756 = VECTOR ( 'NONE', #11759, 1000.000000000000000 ) ;
#5757 = DIRECTION ( 'NONE',  ( -3.700000000000000011E-14, 0.000000000000000000, 1.000000000000000000 ) ) ;
#5758 = UNCERTAINTY_MEASURE_WITH_UNIT (LENGTH_MEASURE( 1.000000000000000082E-05 ), #10011, 'distance_accuracy_value', 'NONE');
#5759 = FACE_OUTER_BOUND ( 'NONE', #7825, .T. ) ;
#5760 =( NAMED_UNIT ( * ) PLANE_ANGLE_UNIT ( ) SI_UNIT ( $, .RADIAN. ) );
#5761 = ORIENTED_EDGE ( 'NONE', *, *, #6194, .F. ) ;
#5762 =( NAMED_UNIT ( * ) SI_UNIT ( $, .STERADIAN. ) SOLID_ANGLE_UNIT ( ) );
#5763 = AXIS2_PLACEMENT_3D ( 'NONE', #1154, #7877, #9722 ) ;
#5764 = AXIS2_PLACEMENT_3D ( 'NONE', #4902, #4779, #2790 ) ;
#5765 = ORIENTED_EDGE ( 'NONE', *, *, #10175, .F. ) ;
#5766 = ORIENTED_EDGE ( 'NONE', *, *, #5898, .T. ) ;
#5767 = CARTESIAN_POINT ( 'NONE',  ( -68.72777777777892538, 1.099999999999998535, 4.099999999999914380 ) ) ;
#5768 = FACE_OUTER_BOUND ( 'NONE', #6008, .T. ) ;
#5769 = CARTESIAN_POINT ( 'NONE',  ( -65.85555555555554008, -3.949999999999998845, 3.000000000000020428 ) ) ;
#5770 = DIRECTION ( 'NONE',  ( -1.000000000000000000, -1.000000000000000078E-15, -3.700000000000000011E-14 ) ) ;
#5771 = UNCERTAINTY_MEASURE_WITH_UNIT (LENGTH_MEASURE( 1.000000000000000082E-05 ), #89, 'distance_accuracy_value', 'NONE');
#5772 = DIRECTION ( 'NONE',  ( -3.700000000000000011E-14, 0.000000000000000000, 1.000000000000000000 ) ) ;
#5773 = AXIS2_PLACEMENT_3D ( 'NONE', #4702, #10434, #2776 ) ;
#5774 =( GEOMETRIC_REPRESENTATION_CONTEXT ( 3 ) GLOBAL_UNCERTAINTY_ASSIGNED_CONTEXT ( ( #9186 ) ) GLOBAL_UNIT_ASSIGNED_CONTEXT ( ( #5572, #5647, #8515 ) ) REPRESENTATION_CONTEXT ( 'NONE', 'WORKASPACE' ) );
#5775 = CARTESIAN_POINT ( 'NONE',  ( -71.45000000000001705, -2.450000000000004174, 3.715685424949052518 ) ) ;
#5776 = CARTESIAN_POINT ( 'NONE',  ( -67.28333333333448252, -0.4500000000000007327, 4.249999999999967137 ) ) ;
#5777 = FILL_AREA_STYLE_COLOUR ( '', #1663 ) ;
#5778 = EDGE_CURVE ( 'NONE', #7339, #5894, #5927, .T. ) ;
#5779 = VECTOR ( 'NONE', #7385, 1000.000000000000000 ) ;
#5780 = EDGE_LOOP ( 'NONE', ( #10878, #8048, #11518, #2967 ) ) ;
#5781 = EDGE_LOOP ( 'NONE', ( #759, #10908, #1124, #6137 ) ) ;
#5782 = STYLED_ITEM ( 'NONE', ( #10951 ), #6243 ) ;
#5783 = EDGE_LOOP ( 'NONE', ( #11545, #11967, #12013, #4510 ) ) ;
#5784 = EDGE_CURVE ( 'NONE', #7386, #11785, #2624, .T. ) ;
#5785 = MECHANICAL_DESIGN_GEOMETRIC_PRESENTATION_REPRESENTATION (  '', ( #3369 ), #1396 ) ;
#5786 = SURFACE_STYLE_USAGE ( .BOTH. , #9460 ) ;
#5787 = EDGE_LOOP ( 'NONE', ( #4582, #4095, #9475, #7581 ) ) ;
#5788 = PRESENTATION_STYLE_ASSIGNMENT (( #4900 ) ) ;
#5789 =( LENGTH_UNIT ( ) NAMED_UNIT ( * ) SI_UNIT ( .MILLI., .METRE. ) );
#5790 = UNCERTAINTY_MEASURE_WITH_UNIT (LENGTH_MEASURE( 1.000000000000000082E-05 ), #11906, 'distance_accuracy_value', 'NONE');
#5791 = PLANE ( 'NONE',  #5237 ) ;
#5792 = STYLED_ITEM ( 'NONE', ( #5016 ), #8344 ) ;
#5793 = VECTOR ( 'NONE', #7298, 1000.000000000000000 ) ;
#5794 = EDGE_CURVE ( 'NONE', #4766, #2113, #10545, .T. ) ;
#5795 = CARTESIAN_POINT ( 'NONE',  ( -66.92056546040062415, -8.901584320448980847, 2.309999999999980957 ) ) ;
#5796 = PRESENTATION_LAYER_ASSIGNMENT (  '', '', ( #4374 ) ) ;
#5797 =( NAMED_UNIT ( * ) PLANE_ANGLE_UNIT ( ) SI_UNIT ( $, .RADIAN. ) );
#5798 = FILL_AREA_STYLE ('',( #6034 ) ) ;
#5799 = DIRECTION ( 'NONE',  ( -1.000000000000000078E-15, 1.000000000000000000, 0.000000000000000000 ) ) ;
#5800 = ORIENTED_EDGE ( 'NONE', *, *, #6590, .T. ) ;
#5801 = AXIS2_PLACEMENT_3D ( 'NONE', #3309, #10120, #4486 ) ;
#5802 = ORIENTED_EDGE ( 'NONE', *, *, #2057, .F. ) ;
#5803 = UNCERTAINTY_MEASURE_WITH_UNIT (LENGTH_MEASURE( 1.000000000000000082E-05 ), #5363, 'distance_accuracy_value', 'NONE');
#5804 = FILL_AREA_STYLE_COLOUR ( '', #7921 ) ;
#5805 = STYLED_ITEM ( 'NONE', ( #675 ), #6883 ) ;
#5806 = LINE ( 'NONE', #9667, #7264 ) ;
#5807 =( GEOMETRIC_REPRESENTATION_CONTEXT ( 3 ) GLOBAL_UNCERTAINTY_ASSIGNED_CONTEXT ( ( #3152 ) ) GLOBAL_UNIT_ASSIGNED_CONTEXT ( ( #10697, #5723, #9593 ) ) REPRESENTATION_CONTEXT ( 'NONE', 'WORKASPACE' ) );
#5808 = CARTESIAN_POINT ( 'NONE',  ( -62.35000000000005116, -8.299999999999995381, 4.800000000000149925 ) ) ;
#5809 = CARTESIAN_POINT ( 'NONE',  ( -69.65000000000114255, 4.550000074505797798, 4.049999999999879918 ) ) ;
#5810 = CARTESIAN_POINT ( 'NONE',  ( -65.53611111111109722, -3.949999999999998845, 3.225000000000032063 ) ) ;
#5811 =( NAMED_UNIT ( * ) SI_UNIT ( $, .STERADIAN. ) SOLID_ANGLE_UNIT ( ) );
#5812 = DIRECTION ( 'NONE',  ( -1.000000000000000000, 0.000000000000000000, -3.903127820947704260E-14 ) ) ;
#5813 = PRESENTATION_LAYER_ASSIGNMENT (  '', '', ( #8643 ) ) ;
#5814 =( GEOMETRIC_REPRESENTATION_CONTEXT ( 3 ) GLOBAL_UNCERTAINTY_ASSIGNED_CONTEXT ( ( #3067 ) ) GLOBAL_UNIT_ASSIGNED_CONTEXT ( ( #10786, #1186, #1323 ) ) REPRESENTATION_CONTEXT ( 'NONE', 'WORKASPACE' ) );
#5815 = ORIENTED_EDGE ( 'NONE', *, *, #11344, .T. ) ;
#5816 = EDGE_CURVE ( 'NONE', #2682, #8948, #8682, .T. ) ;
#5817 = CARTESIAN_POINT ( 'NONE',  ( -62.56568542494922269, 3.469446951953614189E-15, 2.700000000000142286 ) ) ;
#5818 = VECTOR ( 'NONE', #626, 1000.000000000000000 ) ;
#5819 = ORIENTED_EDGE ( 'NONE', *, *, #5454, .T. ) ;
#5820 = ORIENTED_EDGE ( 'NONE', *, *, #3725, .F. ) ;
#5821 = DIRECTION ( 'NONE',  ( -3.700000000000000011E-14, 6.360191048344410484E-30, 1.000000000000000000 ) ) ;
#5822 = DIRECTION ( 'NONE',  ( -1.000000000000000078E-15, 1.000000000000000000, 0.000000000000000000 ) ) ;
#5823 = PRESENTATION_STYLE_ASSIGNMENT (( #2103 ) ) ;
#5824 = ADVANCED_FACE ( 'NONE', ( #9504 ), #4683, .F. ) ;
#5825 = VECTOR ( 'NONE', #11503, 1000.000000000000000 ) ;
#5826 = FILL_AREA_STYLE_COLOUR ( '', #10955 ) ;
#5827 = LINE ( 'NONE', #6730, #4457 ) ;
#5828 = UNCERTAINTY_MEASURE_WITH_UNIT (LENGTH_MEASURE( 1.000000000000000082E-05 ), #11945, 'distance_accuracy_value', 'NONE');
#5829 = LINE ( 'NONE', #8741, #802 ) ;
#5830 = ORIENTED_EDGE ( 'NONE', *, *, #8477, .F. ) ;
#5831 = VECTOR ( 'NONE', #5397, 1000.000000000000000 ) ;
#5832 = VECTOR ( 'NONE', #7583, 1000.000000000000000 ) ;
#5833 = MECHANICAL_DESIGN_GEOMETRIC_PRESENTATION_REPRESENTATION (  '', ( #1822 ), #2619 ) ;
#5834 = ORIENTED_EDGE ( 'NONE', *, *, #1234, .T. ) ;
#5835 = ORIENTED_EDGE ( 'NONE', *, *, #11026, .F. ) ;
#5836 = CARTESIAN_POINT ( 'NONE',  ( -63.67222222222336825, -0.4499999258007949532, 4.050000000000101075 ) ) ;
#5837 = VECTOR ( 'NONE', #213, 1000.000000000000000 ) ;
#5838 =( NAMED_UNIT ( * ) SI_UNIT ( $, .STERADIAN. ) SOLID_ANGLE_UNIT ( ) );
#5839 = EDGE_CURVE ( 'NONE', #12366, #9163, #11423, .T. ) ;
#5840 = DIRECTION ( 'NONE',  ( 0.3017120651456864366, -0.9533990925869003652, 1.145185945597396867E-14 ) ) ;
#5841 = AXIS2_PLACEMENT_3D ( 'NONE', #223, #5997, #5099 ) ;
#5842 = PRESENTATION_LAYER_ASSIGNMENT (  '', '', ( #2423 ) ) ;
#5843 =( NAMED_UNIT ( * ) PLANE_ANGLE_UNIT ( ) SI_UNIT ( $, .RADIAN. ) );
#5844 = FILL_AREA_STYLE_COLOUR ( '', #3948 ) ;
#5845 = VERTEX_POINT ( 'NONE', #8559 ) ;
#5846 = ORIENTED_EDGE ( 'NONE', *, *, #7904, .T. ) ;
#5847 = ORIENTED_EDGE ( 'NONE', *, *, #11781, .T. ) ;
#5848 = STYLED_ITEM ( 'NONE', ( #11233 ), #4325 ) ;
#5849 = LINE ( 'NONE', #7506, #3303 ) ;
#5850 =( GEOMETRIC_REPRESENTATION_CONTEXT ( 3 ) GLOBAL_UNCERTAINTY_ASSIGNED_CONTEXT ( ( #10926 ) ) GLOBAL_UNIT_ASSIGNED_CONTEXT ( ( #1799, #3479, #2544 ) ) REPRESENTATION_CONTEXT ( 'NONE', 'WORKASPACE' ) );
#5851 = EDGE_LOOP ( 'NONE', ( #3924, #4090, #8270, #4977 ) ) ;
#5852 = CARTESIAN_POINT ( 'NONE',  ( -57.40000000000001279, -0.4499998509883904041, 3.550000000000328004 ) ) ;
#5853 = DIRECTION ( 'NONE',  ( -1.000000000000000078E-15, 1.000000000000000000, 0.000000000000000000 ) ) ;
#5854 = ADVANCED_FACE ( 'NONE', ( #1010 ), #2821, .T. ) ;
#5855 = MECHANICAL_DESIGN_GEOMETRIC_PRESENTATION_REPRESENTATION (  '', ( #6264 ), #11672 ) ;
#5856 = AXIS2_PLACEMENT_3D ( 'NONE', #9113, #8351, #487 ) ;
#5857 = DIRECTION ( 'NONE',  ( -3.700000000000000011E-14, 0.000000000000000000, 1.000000000000000000 ) ) ;
#5858 = LINE ( 'NONE', #6761, #6016 ) ;
#5859 = PRESENTATION_LAYER_ASSIGNMENT (  '', '', ( #9296 ) ) ;
#5860 = CARTESIAN_POINT ( 'NONE',  ( -67.88333333333332575, -3.950000000000001066, 3.299999999999945199 ) ) ;
#5861 = VECTOR ( 'NONE', #9642, 1000.000000000000000 ) ;
#5862 = VECTOR ( 'NONE', #7307, 1000.000000000000000 ) ;
#5863 = VECTOR ( 'NONE', #3335, 1000.000000000000000 ) ;
#5864 = ORIENTED_EDGE ( 'NONE', *, *, #806, .T. ) ;
#5865 = ORIENTED_EDGE ( 'NONE', *, *, #6735, .T. ) ;
#5866 = CARTESIAN_POINT ( 'NONE',  ( -70.69999999999998863, -10.45000000000000284, 2.999999999999841460 ) ) ;
#5867 = LINE ( 'NONE', #10710, #12375 ) ;
#5868 =( NAMED_UNIT ( * ) SI_UNIT ( $, .STERADIAN. ) SOLID_ANGLE_UNIT ( ) );
#5869 = EDGE_CURVE ( 'NONE', #12193, #2840, #10351, .T. ) ;
#5870 = COLOUR_RGB ( '',0.9529411764705881804, 0.7960784313725489669, 0.4862745098039215619 ) ;
#5871 = DIRECTION ( 'NONE',  ( -0.6623823368164242220, 0.7491659628370825885, -2.474830423272712003E-14 ) ) ;
#5872 = PRESENTATION_LAYER_ASSIGNMENT (  '', '', ( #6074 ) ) ;
#5873 =( NAMED_UNIT ( * ) PLANE_ANGLE_UNIT ( ) SI_UNIT ( $, .RADIAN. ) );
#5874 = SURFACE_STYLE_FILL_AREA ( #11763 ) ;
#5875 = VERTEX_POINT ( 'NONE', #4101 ) ;
#5876 = CARTESIAN_POINT ( 'NONE',  ( -62.56568542494919427, -10.44999999999999574, 2.500000000000141664 ) ) ;
#5877 = DIRECTION ( 'NONE',  ( -3.422444243843710876E-14, 2.775557561562890384E-30, 1.000000000000000000 ) ) ;
#5878 = PRESENTATION_LAYER_ASSIGNMENT (  '', '', ( #3858 ) ) ;
#5879 = ORIENTED_EDGE ( 'NONE', *, *, #673, .F. ) ;
#5880 = MECHANICAL_DESIGN_GEOMETRIC_PRESENTATION_REPRESENTATION (  '', ( #6496 ), #3076 ) ;
#5881 = ORIENTED_EDGE ( 'NONE', *, *, #8217, .T. ) ;
#5882 = PLANE ( 'NONE',  #5983 ) ;
#5883 = CARTESIAN_POINT ( 'NONE',  ( -62.94999945250113882, -0.7499999258007862268, 4.050000000000127720 ) ) ;
#5884 = UNCERTAINTY_MEASURE_WITH_UNIT (LENGTH_MEASURE( 1.000000000000000082E-05 ), #12144, 'distance_accuracy_value', 'NONE');
#5885 = PRODUCT_CONTEXT ( 'NONE', #12074, 'mechanical' ) ;
#5886 =( NAMED_UNIT ( * ) SI_UNIT ( $, .STERADIAN. ) SOLID_ANGLE_UNIT ( ) );
#5887 = CARTESIAN_POINT ( 'NONE',  ( -66.29999999999996874, -2.153835720085829131, 2.300000000000003819 ) ) ;
#5888 = CARTESIAN_POINT ( 'NONE',  ( -68.23431457505071762, -9.850000000000001421, 2.499999999999932498 ) ) ;
#5889 =( GEOMETRIC_REPRESENTATION_CONTEXT ( 3 ) GLOBAL_UNCERTAINTY_ASSIGNED_CONTEXT ( ( #5022 ) ) GLOBAL_UNIT_ASSIGNED_CONTEXT ( ( #8797, #5760, #11424 ) ) REPRESENTATION_CONTEXT ( 'NONE', 'WORKASPACE' ) );
#5890 = ORIENTED_EDGE ( 'NONE', *, *, #2431, .F. ) ;
#5891 = EDGE_CURVE ( 'NONE', #8655, #1580, #9181, .T. ) ;
#5892 = AXIS2_PLACEMENT_3D ( 'NONE', #7773, #1055, #10455 ) ;
#5893 = ORIENTED_EDGE ( 'NONE', *, *, #10714, .T. ) ;
#5894 = VERTEX_POINT ( 'NONE', #9750 ) ;
#5895 = DIRECTION ( 'NONE',  ( -3.699999999999998749E-14, 9.860761315263910926E-32, 1.000000000000000000 ) ) ;
#5896 = CARTESIAN_POINT ( 'NONE',  ( -68.72777777777891117, -0.4499999258008001712, 4.049999999999913669 ) ) ;
#5897 = CARTESIAN_POINT ( 'NONE',  ( -62.56568542494919427, -2.399999617645516281, 2.300000000000142375 ) ) ;
#5898 = EDGE_CURVE ( 'NONE', #7809, #11812, #6067, .T. ) ;
#5899 = UNCERTAINTY_MEASURE_WITH_UNIT (LENGTH_MEASURE( 1.000000000000000082E-05 ), #189, 'distance_accuracy_value', 'NONE');
#5900 = CYLINDRICAL_SURFACE ( 'NONE', #2557, 0.1000000000000028644 ) ;
#5901 = ADVANCED_FACE ( 'NONE', ( #5046 ), #11601, .T. ) ;
#5902 = DIRECTION ( 'NONE',  ( 1.000000000000000000, 1.000000000000000078E-15, 3.695424905016041633E-14 ) ) ;
#5903 = ADVANCED_FACE ( 'NONE', ( #1990 ), #6848, .F. ) ;
#5904 = LINE ( 'NONE', #9766, #5246 ) ;
#5905 = SURFACE_SIDE_STYLE ('',( #8814 ) ) ;
#5906 = ORIENTED_EDGE ( 'NONE', *, *, #96, .F. ) ;
#5907 = VERTEX_POINT ( 'NONE', #4922 ) ;
#5908 = ORIENTED_EDGE ( 'NONE', *, *, #8923, .F. ) ;
#5909 = CARTESIAN_POINT ( 'NONE',  ( -71.45000000000004547, -10.45000000000000462, 4.599999999999813127 ) ) ;
#5910 = ORIENTED_EDGE ( 'NONE', *, *, #8315, .T. ) ;
#5911 = SURFACE_STYLE_FILL_AREA ( #9594 ) ;
#5912 = PRESENTATION_STYLE_ASSIGNMENT (( #6815 ) ) ;
#5913 = PLANE ( 'NONE',  #12180 ) ;
#5914 = EDGE_LOOP ( 'NONE', ( #3539, #2914, #4033, #6940 ) ) ;
#5915 = VECTOR ( 'NONE', #2842, 1000.000000000000000 ) ;
#5916 = DIRECTION ( 'NONE',  ( -1.000000000000000078E-15, 1.000000000000000000, -3.700000000000000308E-29 ) ) ;
#5917 = ORIENTED_EDGE ( 'NONE', *, *, #12261, .F. ) ;
#5918 = ORIENTED_EDGE ( 'NONE', *, *, #5929, .F. ) ;
#5919 = UNCERTAINTY_MEASURE_WITH_UNIT (LENGTH_MEASURE( 1.000000000000000082E-05 ), #1891, 'distance_accuracy_value', 'NONE');
#5920 = STYLED_ITEM ( 'NONE', ( #12027 ), #5331 ) ;
#5921 = LINE ( 'NONE', #4019, #6389 ) ;
#5922 = DIRECTION ( 'NONE',  ( 3.700000000000000011E-14, -0.000000000000000000, -1.000000000000000000 ) ) ;
#5923 = PRESENTATION_STYLE_ASSIGNMENT (( #148 ) ) ;
#5924 = LINE ( 'NONE', #5748, #6676 ) ;
#5925 = VERTEX_POINT ( 'NONE', #7849 ) ;
#5926 = SURFACE_SIDE_STYLE ('',( #9558 ) ) ;
#5927 = CIRCLE ( 'NONE', #4113, 0.1000000000000028644 ) ;
#5928 = SURFACE_STYLE_FILL_AREA ( #99 ) ;
#5929 = EDGE_CURVE ( 'NONE', #5875, #3008, #6910, .T. ) ;
#5930 = VERTEX_POINT ( 'NONE', #10782 ) ;
#5931 = AXIS2_PLACEMENT_3D ( 'NONE', #10843, #3000, #2053 ) ;
#5932 = ORIENTED_EDGE ( 'NONE', *, *, #8045, .F. ) ;
#5933 = COLOUR_RGB ( '',0.9529411764705881804, 0.7960784313725489669, 0.4862745098039215619 ) ;
#5934 = ORIENTED_EDGE ( 'NONE', *, *, #2133, .F. ) ;
#5935 = CARTESIAN_POINT ( 'NONE',  ( -62.56568542494919427, -2.449999999999995737, 2.300000000000142375 ) ) ;
#5936 = PRESENTATION_STYLE_ASSIGNMENT (( #3112 ) ) ;
#5937 = MECHANICAL_DESIGN_GEOMETRIC_PRESENTATION_REPRESENTATION (  '', ( #2329 ), #1143 ) ;
#5938 = SURFACE_STYLE_FILL_AREA ( #2162 ) ;
#5939 = FILL_AREA_STYLE ('',( #10783 ) ) ;
#5940 = AXIS2_PLACEMENT_3D ( 'NONE', #10265, #6620, #12257 ) ;
#5941 = FILL_AREA_STYLE_COLOUR ( '', #8726 ) ;
#5942 = UNCERTAINTY_MEASURE_WITH_UNIT (LENGTH_MEASURE( 1.000000000000000082E-05 ), #11471, 'distance_accuracy_value', 'NONE');
#5943 = PLANE ( 'NONE',  #1019 ) ;
#5944 = CARTESIAN_POINT ( 'NONE',  ( -68.00555555555671106, 1.099999999999998535, 4.249999999999940492 ) ) ;
#5945 = VERTEX_POINT ( 'NONE', #1182 ) ;
#5946 = SURFACE_STYLE_FILL_AREA ( #7680 ) ;
#5947 = EDGE_CURVE ( 'NONE', #6470, #3026, #4982, .T. ) ;
#5948 = COLOUR_RGB ( '',0.6274509803921568540, 0.6274509803921568540, 0.6274509803921568540 ) ;
#5949 = ORIENTED_EDGE ( 'NONE', *, *, #8539, .F. ) ;
#5950 = VERTEX_POINT ( 'NONE', #607 ) ;
#5951 = SURFACE_STYLE_FILL_AREA ( #10858 ) ;
#5952 = DIRECTION ( 'NONE',  ( 1.000000000000000078E-15, -1.000000000000000000, 0.000000000000000000 ) ) ;
#5953 = DIRECTION ( 'NONE',  ( -3.700000000000000011E-14, 0.000000000000000000, 1.000000000000000000 ) ) ;
#5954 = MECHANICAL_DESIGN_GEOMETRIC_PRESENTATION_REPRESENTATION (  '', ( #4329 ), #11768 ) ;
#5955 =( NAMED_UNIT ( * ) PLANE_ANGLE_UNIT ( ) SI_UNIT ( $, .RADIAN. ) );
#5956 = LINE ( 'NONE', #69, #11505 ) ;
#5957 = UNCERTAINTY_MEASURE_WITH_UNIT (LENGTH_MEASURE( 1.000000000000000082E-05 ), #1802, 'distance_accuracy_value', 'NONE');
#5958 = COLOUR_RGB ( '',0.007843137254901960675, 0.007843137254901960675, 0.007843137254901960675 ) ;
#5959 = DIRECTION ( 'NONE',  ( -1.000000000000000000, -1.000000000000000078E-15, -3.700000000000000011E-14 ) ) ;
#5960 = CARTESIAN_POINT ( 'NONE',  ( -66.38999999999994373, -10.44999999999999929, 2.300000000000000711 ) ) ;
#5961 =( NAMED_UNIT ( * ) PLANE_ANGLE_UNIT ( ) SI_UNIT ( $, .RADIAN. ) );
#5962 = EDGE_CURVE ( 'NONE', #3828, #6579, #2481, .T. ) ;
#5963 = EDGE_CURVE ( 'NONE', #1557, #7174, #5312, .T. ) ;
#5964 = EDGE_LOOP ( 'NONE', ( #5819, #9703, #6458, #2600 ) ) ;
#5965 = ORIENTED_EDGE ( 'NONE', *, *, #11049, .T. ) ;
#5966 = ORIENTED_EDGE ( 'NONE', *, *, #7141, .F. ) ;
#5967 = PRESENTATION_STYLE_ASSIGNMENT (( #8820 ) ) ;
#5968 = VECTOR ( 'NONE', #2539, 1000.000000000000000 ) ;
#5969 = VERTEX_POINT ( 'NONE', #418 ) ;
#5970 = CARTESIAN_POINT ( 'NONE',  ( -61.89999999999999147, -10.44999999999999396, 3.300000000000166356 ) ) ;
#5971 = CARTESIAN_POINT ( 'NONE',  ( -69.61111111111110006, -10.45000000000000284, 2.999999999999881428 ) ) ;
#5972 = VERTEX_POINT ( 'NONE', #10915 ) ;
#5973 = CARTESIAN_POINT ( 'NONE',  ( -66.44905136195431794, -9.230492684701028239, 2.299999999999998046 ) ) ;
#5974 = CIRCLE ( 'NONE', #11182, 0.8260883600805463134 ) ;
#5975 = PLANE ( 'NONE',  #1975 ) ;
#5976 =( NAMED_UNIT ( * ) SI_UNIT ( $, .STERADIAN. ) SOLID_ANGLE_UNIT ( ) );
#5977 = EDGE_LOOP ( 'NONE', ( #5458, #9446, #6551, #6768 ) ) ;
#5978 = ORIENTED_EDGE ( 'NONE', *, *, #8377, .F. ) ;
#5979 = PLANE ( 'NONE',  #1669 ) ;
#5980 = SURFACE_STYLE_USAGE ( .BOTH. , #1966 ) ;
#5981 = CARTESIAN_POINT ( 'NONE',  ( -61.50392135623734902, 1.550000000000006262, 4.250000000000181188 ) ) ;
#5982 = COLOUR_RGB ( '',0.007843137254901960675, 0.007843137254901960675, 0.007843137254901960675 ) ;
#5983 = AXIS2_PLACEMENT_3D ( 'NONE', #2347, #8285, #5282 ) ;
#5984 = PRESENTATION_STYLE_ASSIGNMENT (( #212 ) ) ;
#5985 = LINE ( 'NONE', #2213, #9269 ) ;
#5986 = CARTESIAN_POINT ( 'NONE',  ( -62.09999999999998721, -3.949999999999995293, 3.075000000000159162 ) ) ;
#5987 = FILL_AREA_STYLE ('',( #2094 ) ) ;
#5988 = DIRECTION ( 'NONE',  ( 1.000000000000000000, 1.084202172485510942E-15, 3.794707603699288238E-14 ) ) ;
#5989 = SURFACE_STYLE_USAGE ( .BOTH. , #2152 ) ;
#5990 = FILL_AREA_STYLE_COLOUR ( '', #9429 ) ;
#5991 = CIRCLE ( 'NONE', #7628, 0.06000000000000195455 ) ;
#5992 = ORIENTED_EDGE ( 'NONE', *, *, #973, .T. ) ;
#5993 = AXIS2_PLACEMENT_3D ( 'NONE', #9152, #6173, #1418 ) ;
#5994 = ORIENTED_EDGE ( 'NONE', *, *, #980, .T. ) ;
#5995 = CARTESIAN_POINT ( 'NONE',  ( -62.56568542494919427, -10.44999999999999574, 2.500000000000141664 ) ) ;
#5996 = CARTESIAN_POINT ( 'NONE',  ( -64.59444444444558542, 0.5500000000000018208, 4.250000000000067502 ) ) ;
#5997 = DIRECTION ( 'NONE',  ( -3.700000000000000011E-14, 0.000000000000000000, 1.000000000000000000 ) ) ;
#5998 = VECTOR ( 'NONE', #10140, 1000.000000000000000 ) ;
#5999 = EDGE_CURVE ( 'NONE', #9704, #7053, #6132, .T. ) ;
#6000 = MECHANICAL_DESIGN_GEOMETRIC_PRESENTATION_REPRESENTATION (  '', ( #2597 ), #4576 ) ;
#6001 = CARTESIAN_POINT ( 'NONE',  ( -61.40857864376269504, -10.44999999999999396, 3.574264068712112774 ) ) ;
#6002 = VECTOR ( 'NONE', #6757, 1000.000000000000000 ) ;
#6003 = FILL_AREA_STYLE ('',( #6200 ) ) ;
#6004 = DIRECTION ( 'NONE',  ( -1.000000000000000078E-15, 1.000000000000000000, 0.000000000000000000 ) ) ;
#6005 = ORIENTED_EDGE ( 'NONE', *, *, #6693, .T. ) ;
#6006 = ADVANCED_FACE ( 'NONE', ( #4409 ), #8039, .T. ) ;
#6007 = ORIENTED_EDGE ( 'NONE', *, *, #10739, .T. ) ;
#6008 = EDGE_LOOP ( 'NONE', ( #9807, #4895, #7758, #10358 ) ) ;
#6009 = VECTOR ( 'NONE', #5346, 1000.000000000000000 ) ;
#6010 = CARTESIAN_POINT ( 'NONE',  ( -62.56568542494922269, -2.449999999999995737, 2.925000000000141931 ) ) ;
#6011 = CARTESIAN_POINT ( 'NONE',  ( -61.35000000000000853, -10.44999999999999396, 3.715685424949425997 ) ) ;
#6012 = UNCERTAINTY_MEASURE_WITH_UNIT (LENGTH_MEASURE( 1.000000000000000082E-05 ), #3498, 'distance_accuracy_value', 'NONE');
#6013 = DIRECTION ( 'NONE',  ( -1.000000000000000078E-15, 1.000000000000000000, 0.000000000000000000 ) ) ;
#6014 =( LENGTH_UNIT ( ) NAMED_UNIT ( * ) SI_UNIT ( .MILLI., .METRE. ) );
#6015 = DIRECTION ( 'NONE',  ( -1.000000000000000000, -1.000000000000000078E-15, -3.700000000000000011E-14 ) ) ;
#6016 = VECTOR ( 'NONE', #7945, 1000.000000000000000 ) ;
#6017 = DIRECTION ( 'NONE',  ( 1.000000000000000078E-15, -1.000000000000000000, 0.000000000000000000 ) ) ;
#6018 = SURFACE_SIDE_STYLE ('',( #309 ) ) ;
#6019 = STYLED_ITEM ( 'NONE', ( #10990 ), #11221 ) ;
#6020 = ORIENTED_EDGE ( 'NONE', *, *, #7222, .F. ) ;
#6021 = ORIENTED_EDGE ( 'NONE', *, *, #10642, .T. ) ;
#6022 = ORIENTED_EDGE ( 'NONE', *, *, #515, .F. ) ;
#6023 = FACE_OUTER_BOUND ( 'NONE', #6646, .T. ) ;
#6024 = EDGE_CURVE ( 'NONE', #103, #8142, #7277, .T. ) ;
#6025 = DIRECTION ( 'NONE',  ( 3.700000000000000011E-14, -0.000000000000000000, -1.000000000000000000 ) ) ;
#6026 = EDGE_LOOP ( 'NONE', ( #5175, #4950, #3757, #2320, #6813, #5201 ) ) ;
#6027 = CARTESIAN_POINT ( 'NONE',  ( -64.39444444444558258, 1.100000000000002087, 4.250000000000073719 ) ) ;
#6028 = AXIS2_PLACEMENT_3D ( 'NONE', #10780, #9918, #7786 ) ;
#6029 = SURFACE_SIDE_STYLE ('',( #10756 ) ) ;
#6030 = EDGE_CURVE ( 'NONE', #8590, #10069, #6350, .T. ) ;
#6031 = DIRECTION ( 'NONE',  ( 1.000000000000000078E-15, -1.000000000000000000, 0.000000000000000000 ) ) ;
#6032 = ORIENTED_EDGE ( 'NONE', *, *, #2978, .T. ) ;
#6033 = LINE ( 'NONE', #389, #7854 ) ;
#6034 = FILL_AREA_STYLE_COLOUR ( '', #1400 ) ;
#6035 = AXIS2_PLACEMENT_3D ( 'NONE', #7631, #8577, #8521 ) ;
#6036 = EDGE_CURVE ( 'NONE', #4237, #615, #11838, .T. ) ;
#6037 = VERTEX_POINT ( 'NONE', #5343 ) ;
#6038 = VECTOR ( 'NONE', #7557, 1000.000000000000000 ) ;
#6039 = ORIENTED_EDGE ( 'NONE', *, *, #9929, .F. ) ;
#6040 = UNCERTAINTY_MEASURE_WITH_UNIT (LENGTH_MEASURE( 1.000000000000000082E-05 ), #3273, 'distance_accuracy_value', 'NONE');
#6041 = CARTESIAN_POINT ( 'NONE',  ( -66.29609096270655755, -2.054065133228777817, 2.300000000000004263 ) ) ;
#6042 = CYLINDRICAL_SURFACE ( 'NONE', #10374, 0.3999999999999975797 ) ;
#6043 = PRESENTATION_STYLE_ASSIGNMENT (( #2210 ) ) ;
#6044 = CARTESIAN_POINT ( 'NONE',  ( -64.56568542494919427, -9.849999999999997868, 2.300000000000068212 ) ) ;
#6045 = EDGE_CURVE ( 'NONE', #7807, #4170, #4348, .T. ) ;
#6046 = EDGE_CURVE ( 'NONE', #11560, #4169, #3294, .T. ) ;
#6047 = CARTESIAN_POINT ( 'NONE',  ( -69.45000000000113971, -0.4500000000000025091, 4.049999999999887024 ) ) ;
#6048 = DIRECTION ( 'NONE',  ( -0.9999999999999910072, -9.999999999999912030E-16, -1.341104967744417741E-07 ) ) ;
#6049 = AXIS2_PLACEMENT_3D ( 'NONE', #10400, #611, #12022 ) ;
#6050 = COLOUR_RGB ( '',0.9529411764705881804, 0.7960784313725489669, 0.4862745098039215619 ) ;
#6051 = DIRECTION ( 'NONE',  ( -3.700000000000000011E-14, 0.000000000000000000, 1.000000000000000000 ) ) ;
#6052 = SURFACE_STYLE_FILL_AREA ( #5987 ) ;
#6053 = CIRCLE ( 'NONE', #2235, 0.1000000000000028644 ) ;
#6054 = VECTOR ( 'NONE', #10740, 1000.000000000000000 ) ;
#6055 = LINE ( 'NONE', #7199, #10818 ) ;
#6056 = CARTESIAN_POINT ( 'NONE',  ( -61.35000000000005116, 5.204170427930421283E-15, 4.600000000000187050 ) ) ;
#6057 = MECHANICAL_DESIGN_GEOMETRIC_PRESENTATION_REPRESENTATION (  '', ( #11874 ), #2240 ) ;
#6058 = CARTESIAN_POINT ( 'NONE',  ( -66.00555555555554577, -10.44999999999999929, 3.000000000000014655 ) ) ;
#6059 = ORIENTED_EDGE ( 'NONE', *, *, #3384, .F. ) ;
#6060 = ORIENTED_EDGE ( 'NONE', *, *, #7514, .T. ) ;
#6061 = DIRECTION ( 'NONE',  ( -0.7071067811865737740, -7.071067811865738615E-16, 0.7071067811865213715 ) ) ;
#6062 = MECHANICAL_DESIGN_GEOMETRIC_PRESENTATION_REPRESENTATION (  '', ( #7493 ), #5443 ) ;
#6063 = SURFACE_STYLE_USAGE ( .BOTH. , #4037 ) ;
#6064 = CARTESIAN_POINT ( 'NONE',  ( -70.19305555555554577, -3.950000000000002842, 2.999999999999860112 ) ) ;
#6065 = COLOUR_RGB ( '',0.007843137254901960675, 0.007843137254901960675, 0.007843137254901960675 ) ;
#6066 = SURFACE_STYLE_FILL_AREA ( #10668 ) ;
#6067 = LINE ( 'NONE', #55, #8579 ) ;
#6068 = VECTOR ( 'NONE', #466, 1000.000000000000000 ) ;
#6069 = PRESENTATION_STYLE_ASSIGNMENT (( #11777 ) ) ;
#6070 = UNCERTAINTY_MEASURE_WITH_UNIT (LENGTH_MEASURE( 1.000000000000000082E-05 ), #7479, 'distance_accuracy_value', 'NONE');
#6071 = EDGE_LOOP ( 'NONE', ( #5335, #10734, #11649, #5864 ) ) ;
#6072 = VECTOR ( 'NONE', #4369, 1000.000000000000000 ) ;
#6073 = CARTESIAN_POINT ( 'NONE',  ( -70.70000000000000284, -3.950000000000003730, 3.224999989941558010 ) ) ;
#6074 = STYLED_ITEM ( 'NONE', ( #12181 ), #10032 ) ;
#6075 = ORIENTED_EDGE ( 'NONE', *, *, #362, .F. ) ;
#6076 = ORIENTED_EDGE ( 'NONE', *, *, #5374, .T. ) ;
#6077 = PRESENTATION_STYLE_ASSIGNMENT (( #2239 ) ) ;
#6078 = CARTESIAN_POINT ( 'NONE',  ( -63.18888888888886157, -10.44999999999999574, 3.000000000000119016 ) ) ;
#6079 = AXIS2_PLACEMENT_3D ( 'NONE', #7213, #11031, #2418 ) ;
#6080 = LINE ( 'NONE', #1201, #1655 ) ;
#6081 = CARTESIAN_POINT ( 'NONE',  ( -64.39444444444558258, 1.100000000000002087, 4.100000000000074252 ) ) ;
#6082 = AXIS2_PLACEMENT_3D ( 'NONE', #5887, #950, #4818 ) ;
#6083 = FACE_OUTER_BOUND ( 'NONE', #3327, .T. ) ;
#6084 = CARTESIAN_POINT ( 'NONE',  ( -66.40999999999995396, -10.44999999999999929, 2.309999999999999609 ) ) ;
#6085 = LINE ( 'NONE', #9132, #12228 ) ;
#6086 = DIRECTION ( 'NONE',  ( -3.700000000000000011E-14, 0.000000000000000000, 1.000000000000000000 ) ) ;
#6087 = STYLED_ITEM ( 'NONE', ( #10218 ), #10515 ) ;
#6088 = EDGE_CURVE ( 'NONE', #7630, #2905, #1436, .T. ) ;
#6089 = ORIENTED_EDGE ( 'NONE', *, *, #5527, .F. ) ;
#6090 = ORIENTED_EDGE ( 'NONE', *, *, #5667, .T. ) ;
#6091 = ORIENTED_EDGE ( 'NONE', *, *, #1695, .T. ) ;
#6092 = ADVANCED_FACE ( 'NONE', ( #2291 ), #1554, .F. ) ;
#6093 = DIRECTION ( 'NONE',  ( -0.9915896977177659499, 0.1294212941520427596, -3.336006684570782825E-14 ) ) ;
#6094 = SURFACE_STYLE_USAGE ( .BOTH. , #8003 ) ;
#6095 = ORIENTED_EDGE ( 'NONE', *, *, #1145, .T. ) ;
#6096 = PRESENTATION_STYLE_ASSIGNMENT (( #2449 ) ) ;
#6097 = DIRECTION ( 'NONE',  ( -1.000000000000000078E-15, 1.000000000000000000, 0.000000000000000000 ) ) ;
#6098 = DIRECTION ( 'NONE',  ( 3.700000000000000011E-14, -0.000000000000000000, -1.000000000000000000 ) ) ;
#6099 = PRESENTATION_STYLE_ASSIGNMENT (( #4075 ) ) ;
#6100 = EDGE_LOOP ( 'NONE', ( #10604, #4255, #5718, #3984 ) ) ;
#6101 =( NAMED_UNIT ( * ) SI_UNIT ( $, .STERADIAN. ) SOLID_ANGLE_UNIT ( ) );
#6102 = VECTOR ( 'NONE', #9761, 1000.000000000000114 ) ;
#6103 = EDGE_CURVE ( 'NONE', #9586, #10470, #12215, .T. ) ;
#6104 = FILL_AREA_STYLE_COLOUR ( '', #7672 ) ;
#6105 = EDGE_LOOP ( 'NONE', ( #3746, #7742, #8553, #6987 ) ) ;
#6106 = ORIENTED_EDGE ( 'NONE', *, *, #4957, .T. ) ;
#6107 = DIRECTION ( 'NONE',  ( 1.000000000000000000, 0.000000000000000000, 3.903127820947704260E-14 ) ) ;
#6108 = SURFACE_STYLE_USAGE ( .BOTH. , #8147 ) ;
#6109 =( NAMED_UNIT ( * ) PLANE_ANGLE_UNIT ( ) SI_UNIT ( $, .RADIAN. ) );
#6110 = ADVANCED_FACE ( 'NONE', ( #9552 ), #4592, .F. ) ;
#6111 = DIRECTION ( 'NONE',  ( 3.700000000000000011E-14, -0.000000000000000000, -1.000000000000000000 ) ) ;
#6112 = VECTOR ( 'NONE', #10511, 1000.000000000000000 ) ;
#6113 = CYLINDRICAL_SURFACE ( 'NONE', #1859, 0.2000000000000005107 ) ;
#6114 = DIRECTION ( 'NONE',  ( -3.700000000000000011E-14, 6.360191048344410484E-30, 1.000000000000000000 ) ) ;
#6115 = CARTESIAN_POINT ( 'NONE',  ( -64.35000000000005116, -9.499999999999998224, 4.800000000000076206 ) ) ;
#6116 = ORIENTED_EDGE ( 'NONE', *, *, #1313, .T. ) ;
#6117 = CARTESIAN_POINT ( 'NONE',  ( -71.45000000000001705, -2.450000000000004174, 3.715685424949064508 ) ) ;
#6118 = FILL_AREA_STYLE ('',( #5990 ) ) ;
#6119 = STYLED_ITEM ( 'NONE', ( #12312 ), #922 ) ;
#6120 = EDGE_CURVE ( 'NONE', #11415, #12366, #5683, .T. ) ;
#6121 = EDGE_CURVE ( 'NONE', #4196, #77, #9485, .T. ) ;
#6123 = MECHANICAL_DESIGN_GEOMETRIC_PRESENTATION_REPRESENTATION (  '', ( #10943 ), #2305 ) ;
#6122 = VECTOR ( 'NONE', #5750, 1000.000000000000000 ) ;
#6124 = ORIENTED_EDGE ( 'NONE', *, *, #7427, .T. ) ;
#6125 = VERTEX_POINT ( 'NONE', #12283 ) ;
#6127 = EDGE_CURVE ( 'NONE', #8142, #8688, #736, .T. ) ;
#6126 = DIRECTION ( 'NONE',  ( 1.000000000000000078E-15, -1.000000000000000000, 0.000000000000000000 ) ) ;
#6128 = CARTESIAN_POINT ( 'NONE',  ( -67.80833333333332291, -3.950000000000001066, 3.149999999999947953 ) ) ;
#6129 = SURFACE_STYLE_FILL_AREA ( #11958 ) ;
#6130 = FILL_AREA_STYLE ('',( #2537 ) ) ;
#6131 = ADVANCED_FACE ( 'NONE', ( #671 ), #870, .F. ) ;
#6132 = LINE ( 'NONE', #542, #3915 ) ;
#6133 = CYLINDRICAL_SURFACE ( 'NONE', #239, 0.2000000000000057288 ) ;
#6134 = AXIS2_PLACEMENT_3D ( 'NONE', #6838, #98, #1974 ) ;
#6135 = SURFACE_STYLE_FILL_AREA ( #10968 ) ;
#6136 = CARTESIAN_POINT ( 'NONE',  ( -68.35277777777776009, -10.45000000000000107, 2.999999999999928058 ) ) ;
#6137 = ORIENTED_EDGE ( 'NONE', *, *, #8029, .F. ) ;
#6138 = DIRECTION ( 'NONE',  ( -3.700000000000000011E-14, 0.000000000000000000, 1.000000000000000000 ) ) ;
#6139 = AXIS2_PLACEMENT_3D ( 'NONE', #2882, #12411, #7736 ) ;
#6140 = VERTEX_POINT ( 'NONE', #11645 ) ;
#6141 = MECHANICAL_DESIGN_GEOMETRIC_PRESENTATION_REPRESENTATION (  '', ( #10560 ), #12148 ) ;
#6142 = ORIENTED_EDGE ( 'NONE', *, *, #2676, .T. ) ;
#6143 = FILL_AREA_STYLE ('',( #3186 ) ) ;
#6144 = AXIS2_PLACEMENT_3D ( 'NONE', #2404, #1310, #6184 ) ;
#6145 =( NAMED_UNIT ( * ) SI_UNIT ( $, .STERADIAN. ) SOLID_ANGLE_UNIT ( ) );
#6146 = SURFACE_STYLE_USAGE ( .BOTH. , #7292 ) ;
#6147 = FILL_AREA_STYLE_COLOUR ( '', #5933 ) ;
#6148 = COLOUR_RGB ( '',0.007843137254901960675, 0.007843137254901960675, 0.007843137254901960675 ) ;
#6149 = UNCERTAINTY_MEASURE_WITH_UNIT (LENGTH_MEASURE( 1.000000000000000082E-05 ), #8624, 'distance_accuracy_value', 'NONE');
#6150 = DIRECTION ( 'NONE',  ( -1.000000000000000078E-15, 1.000000000000000000, 0.000000000000000000 ) ) ;
#6151 = PLANE ( 'NONE',  #10506 ) ;
#6152 = CARTESIAN_POINT ( 'NONE',  ( -67.26388888888888573, -10.44999999999999929, 3.299999999999968292 ) ) ;
#6153 = DIRECTION ( 'NONE',  ( -1.000000000000000078E-15, 1.000000000000000000, 0.000000000000000000 ) ) ;
#6154 = SURFACE_STYLE_USAGE ( .BOTH. , #8316 ) ;
#6155 = EDGE_CURVE ( 'NONE', #9037, #9573, #3958, .T. ) ;
#6156 = VERTEX_POINT ( 'NONE', #5808 ) ;
#6157 = ORIENTED_EDGE ( 'NONE', *, *, #7368, .T. ) ;
#6158 = VECTOR ( 'NONE', #2982, 1000.000000000000000 ) ;
#6159 = FACE_OUTER_BOUND ( 'NONE', #10618, .T. ) ;
#6160 = CARTESIAN_POINT ( 'NONE',  ( -69.13431457505072331, -9.950000000000002842, 2.299999999999899014 ) ) ;
#6161 = ORIENTED_EDGE ( 'NONE', *, *, #1234, .F. ) ;
#6162 =( NAMED_UNIT ( * ) PLANE_ANGLE_UNIT ( ) SI_UNIT ( $, .RADIAN. ) );
#6163 = VECTOR ( 'NONE', #2090, 1000.000000000000000 ) ;
#6164 = CARTESIAN_POINT ( 'NONE',  ( -68.82222222222220864, -10.45000000000000107, 3.299999999999910560 ) ) ;
#6165 = ADVANCED_FACE ( 'NONE', ( #3046 ), #7958, .T. ) ;
#6166 =( LENGTH_UNIT ( ) NAMED_UNIT ( * ) SI_UNIT ( .MILLI., .METRE. ) );
#6167 = VERTEX_POINT ( 'NONE', #9672 ) ;
#6168 = DIRECTION ( 'NONE',  ( 1.000000000000000000, 2.253215950407110108E-15, 3.700233906981714543E-14 ) ) ;
#6169 = ADVANCED_FACE ( 'NONE', ( #278, #6832, #2036 ), #8785, .T. ) ;
#6170 = CARTESIAN_POINT ( 'NONE',  ( -66.28508571451726539, -6.469648114959189122, 2.310000000000004938 ) ) ;
#6171 = VECTOR ( 'NONE', #10879, 1000.000000000000000 ) ;
#6172 = PLANE ( 'NONE',  #8469 ) ;
#6173 = DIRECTION ( 'NONE',  ( 2.253215950407097880E-15, -1.000000000000000000, 3.295974604355473968E-16 ) ) ;
#6174 = CARTESIAN_POINT ( 'NONE',  ( -66.63910820442964678, -5.199123611138539047, 2.299999999999991385 ) ) ;
#6175 = EDGE_CURVE ( 'NONE', #3686, #3500, #6775, .T. ) ;
#6176 = LINE ( 'NONE', #657, #9702 ) ;
#6177 = CIRCLE ( 'NONE', #3750, 0.1999999999999996503 ) ;
#6178 = STYLED_ITEM ( 'NONE', ( #11511 ), #7730 ) ;
#6179 = CARTESIAN_POINT ( 'NONE',  ( -68.92777777777889980, -0.4499998509884007847, 3.799999999999906564 ) ) ;
#6180 = PRESENTATION_LAYER_ASSIGNMENT (  '', '', ( #2559 ) ) ;
#6181 = CARTESIAN_POINT ( 'NONE',  ( -70.65000000000004832, -2.450000000000002398, 4.599999999999843325 ) ) ;
#6182 =( LENGTH_UNIT ( ) NAMED_UNIT ( * ) SI_UNIT ( .MILLI., .METRE. ) );
#6183 = CARTESIAN_POINT ( 'NONE',  ( -61.90000000000003411, -10.44999999999999396, 4.300000000000166800 ) ) ;
#6184 = DIRECTION ( 'NONE',  ( 1.005828006143814754E-07, 1.005828376143814872E-22, 0.9999999999999948930 ) ) ;
#6185 = LINE ( 'NONE', #2405, #5779 ) ;
#6186 = ORIENTED_EDGE ( 'NONE', *, *, #827, .F. ) ;
#6187 = PRESENTATION_LAYER_ASSIGNMENT (  '', '', ( #8815 ) ) ;
#6188 = ORIENTED_EDGE ( 'NONE', *, *, #135, .F. ) ;
#6189 = AXIS2_PLACEMENT_3D ( 'NONE', #10771, #7834, #2987 ) ;
#6190 = CARTESIAN_POINT ( 'NONE',  ( -62.35000000000005116, -8.299999999999995381, 4.800000000000149925 ) ) ;
#6191 = VECTOR ( 'NONE', #7090, 1000.000000000000000 ) ;
#6192 = FILL_AREA_STYLE_COLOUR ( '', #8621 ) ;
#6193 = DIRECTION ( 'NONE',  ( 3.700000000000000011E-14, -0.000000000000000000, -1.000000000000000000 ) ) ;
#6194 = EDGE_CURVE ( 'NONE', #7288, #190, #8968, .T. ) ;
#6195 = SURFACE_STYLE_FILL_AREA ( #2350 ) ;
#6196 = CARTESIAN_POINT ( 'NONE',  ( -65.06666666666664867, -10.44999999999999751, 3.000000000000049294 ) ) ;
#6197 = CARTESIAN_POINT ( 'NONE',  ( -66.90715378721645834, -8.232011866121927923, 2.299999999999981171 ) ) ;
#6198 = FILL_AREA_STYLE_COLOUR ( '', #12105 ) ;
#6199 = EDGE_CURVE ( 'NONE', #3416, #3456, #334, .T. ) ;
#6200 = FILL_AREA_STYLE_COLOUR ( '', #7452 ) ;
#6201 = UNCERTAINTY_MEASURE_WITH_UNIT (LENGTH_MEASURE( 1.000000000000000082E-05 ), #354, 'distance_accuracy_value', 'NONE');
#6202 = STYLED_ITEM ( 'NONE', ( #5078 ), #8384 ) ;
#6203 = FILL_AREA_STYLE_COLOUR ( '', #8686 ) ;
#6204 = AXIS2_PLACEMENT_3D ( 'NONE', #2658, #3645, #7512 ) ;
#6205 = VERTEX_POINT ( 'NONE', #9030 ) ;
#6206 = FILL_AREA_STYLE_COLOUR ( '', #936 ) ;
#6207 =( GEOMETRIC_REPRESENTATION_CONTEXT ( 3 ) GLOBAL_UNCERTAINTY_ASSIGNED_CONTEXT ( ( #8591 ) ) GLOBAL_UNIT_ASSIGNED_CONTEXT ( ( #3699, #6427, #12259 ) ) REPRESENTATION_CONTEXT ( 'NONE', 'WORKASPACE' ) );
#6208 = ORIENTED_EDGE ( 'NONE', *, *, #2745, .F. ) ;
#6209 = ORIENTED_EDGE ( 'NONE', *, *, #3767, .F. ) ;
#6210 = CARTESIAN_POINT ( 'NONE',  ( -66.49609096270656039, -2.253759288013719608, 2.499999999999996891 ) ) ;
#6211 = MECHANICAL_DESIGN_GEOMETRIC_PRESENTATION_REPRESENTATION (  '', ( #11619 ), #9035 ) ;
#6212 = DIRECTION ( 'NONE',  ( -3.700000000000000011E-14, 0.000000000000000000, 1.000000000000000000 ) ) ;
#6213 = AXIS2_PLACEMENT_3D ( 'NONE', #1082, #6385, #4476 ) ;
#6214 = LINE ( 'NONE', #4484, #9380 ) ;
#6215 = FACE_OUTER_BOUND ( 'NONE', #2169, .T. ) ;
#6216 = PRESENTATION_LAYER_ASSIGNMENT (  '', '', ( #11813 ) ) ;
#6217 = CARTESIAN_POINT ( 'NONE',  ( -70.45000000000004547, -9.500000000000003553, 4.799999999999850608 ) ) ;
#6218 = DIRECTION ( 'NONE',  ( -1.000000000000000000, -1.000000000000000078E-15, -3.700000000000000011E-14 ) ) ;
#6219 =( NAMED_UNIT ( * ) SI_UNIT ( $, .STERADIAN. ) SOLID_ANGLE_UNIT ( ) );
#6220 = CARTESIAN_POINT ( 'NONE',  ( -66.85876734635691321, -5.820804194777469576, 2.309999999999983178 ) ) ;
#6221 = DIRECTION ( 'NONE',  ( 1.000000000000000000, 0.000000000000000000, 3.571489509363941363E-14 ) ) ;
#6222 = CARTESIAN_POINT ( 'NONE',  ( -66.35000000000059117, 1.100000000000000311, 4.050000000000002487 ) ) ;
#6223 = AXIS2_PLACEMENT_3D ( 'NONE', #10598, #1972, #5812 ) ;
#6224 = COLOUR_RGB ( '',0.9529411764705881804, 0.7960784313725489669, 0.4862745098039215619 ) ;
#6225 = ORIENTED_EDGE ( 'NONE', *, *, #11208, .T. ) ;
#6226 = ORIENTED_EDGE ( 'NONE', *, *, #8956, .T. ) ;
#6227 = SURFACE_SIDE_STYLE ('',( #2445 ) ) ;
#6228 = DIRECTION ( 'NONE',  ( -1.000000000000000000, 0.000000000000000000, -3.903127820947704260E-14 ) ) ;
#6229 = EDGE_CURVE ( 'NONE', #11832, #9106, #7077, .T. ) ;
#6230 = EDGE_LOOP ( 'NONE', ( #8303, #7417, #9917, #553 ) ) ;
#6231 = DIRECTION ( 'NONE',  ( 1.000000000000000078E-15, -1.000000000000000000, 0.000000000000000000 ) ) ;
#6232 = CIRCLE ( 'NONE', #2827, 0.08999999999999792888 ) ;
#6233 = DIRECTION ( 'NONE',  ( 1.000000000000000078E-15, -1.000000000000000000, 0.000000000000000000 ) ) ;
#6234 = SURFACE_STYLE_FILL_AREA ( #8897 ) ;
#6235 = ORIENTED_EDGE ( 'NONE', *, *, #4168, .T. ) ;
#6236 = DIRECTION ( 'NONE',  ( -3.700000000000000011E-14, 0.000000000000000000, 1.000000000000000000 ) ) ;
#6237 = DIRECTION ( 'NONE',  ( -1.000000000000000000, -1.000000000000000078E-15, -3.700000000000000011E-14 ) ) ;
#6238 =( GEOMETRIC_REPRESENTATION_CONTEXT ( 3 ) GLOBAL_UNCERTAINTY_ASSIGNED_CONTEXT ( ( #12218 ) ) GLOBAL_UNIT_ASSIGNED_CONTEXT ( ( #4382, #2455, #6101 ) ) REPRESENTATION_CONTEXT ( 'NONE', 'WORKASPACE' ) );
#6239 = VECTOR ( 'NONE', #5280, 1000.000000000000000 ) ;
#6240 = CIRCLE ( 'NONE', #2414, 0.1999999999999981237 ) ;
#6241 = PLANE ( 'NONE',  #11239 ) ;
#6243 = ADVANCED_FACE ( 'NONE', ( #3220 ), #1488, .T. ) ;
#6242 = DIRECTION ( 'NONE',  ( 0.7071067811865732189, 7.071067811865470403E-16, -0.7071067811865218156 ) ) ;
#6244 = STYLED_ITEM ( 'NONE', ( #343 ), #3727 ) ;
#6245 = CARTESIAN_POINT ( 'NONE',  ( -70.23055555555555429, -3.950000000000002842, 3.299999999999858602 ) ) ;
#6246 = DIRECTION ( 'NONE',  ( -3.700000000000000011E-14, 0.000000000000000000, 1.000000000000000000 ) ) ;
#6247 = CARTESIAN_POINT ( 'NONE',  ( -71.29607864376272630, 1.549999999999995826, 4.249999999999832134 ) ) ;
#6248 = SURFACE_STYLE_USAGE ( .BOTH. , #10902 ) ;
#6249 =( LENGTH_UNIT ( ) NAMED_UNIT ( * ) SI_UNIT ( .MILLI., .METRE. ) );
#6250 = DIRECTION ( 'NONE',  ( 0.6623823368164681868, -0.7491659628370439528, 2.168404344970938186E-14 ) ) ;
#6251 = ORIENTED_EDGE ( 'NONE', *, *, #10313, .F. ) ;
#6252 = PRESENTATION_LAYER_ASSIGNMENT (  '', '', ( #4619 ) ) ;
#6253 = CARTESIAN_POINT ( 'NONE',  ( -71.45000000000004547, -10.45000000000000462, 4.799999999999813305 ) ) ;
#6254 = DIRECTION ( 'NONE',  ( 1.000000000000000000, 0.000000000000000000, 3.469446951953515108E-14 ) ) ;
#6255 = EDGE_LOOP ( 'NONE', ( #10182, #11831, #1327, #8846, #11380, #9746, #2205, #11519, #822, #8008, #9640 ) ) ;
#6256 = ORIENTED_EDGE ( 'NONE', *, *, #8417, .T. ) ;
#6258 = EDGE_CURVE ( 'NONE', #10663, #4906, #2333, .T. ) ;
#6257 = FACE_OUTER_BOUND ( 'NONE', #2421, .T. ) ;
#6259 = CARTESIAN_POINT ( 'NONE',  ( -69.23431457505071762, -8.050000000000000711, 2.299999999999895017 ) ) ;
#6260 = VECTOR ( 'NONE', #8381, 1000.000000000000000 ) ;
#6261 = DIRECTION ( 'NONE',  ( -3.422444243843712770E-14, 2.775557561562875320E-30, 1.000000000000000000 ) ) ;
#6262 =( GEOMETRIC_REPRESENTATION_CONTEXT ( 3 ) GLOBAL_UNCERTAINTY_ASSIGNED_CONTEXT ( ( #691 ) ) GLOBAL_UNIT_ASSIGNED_CONTEXT ( ( #6831, #3103, #1059 ) ) REPRESENTATION_CONTEXT ( 'NONE', 'WORKASPACE' ) );
#6263 = FILL_AREA_STYLE_COLOUR ( '', #9973 ) ;
#6264 = STYLED_ITEM ( 'NONE', ( #12302 ), #2719 ) ;
#6265 = PLANE ( 'NONE',  #9303 ) ;
#6266 =( LENGTH_UNIT ( ) NAMED_UNIT ( * ) SI_UNIT ( .MILLI., .METRE. ) );
#6267 = PRESENTATION_LAYER_ASSIGNMENT (  '', '', ( #5038 ) ) ;
#6268 = LINE ( 'NONE', #7030, #628 ) ;
#6269 =( LENGTH_UNIT ( ) NAMED_UNIT ( * ) SI_UNIT ( .MILLI., .METRE. ) );
#6270 = VERTEX_POINT ( 'NONE', #9155 ) ;
#6271 = AXIS2_PLACEMENT_3D ( 'NONE', #5477, #12217, #5606 ) ;
#6272 = PRESENTATION_LAYER_ASSIGNMENT (  '', '', ( #11677 ) ) ;
#6273 = ORIENTED_EDGE ( 'NONE', *, *, #12262, .F. ) ;
#6274 = ORIENTED_EDGE ( 'NONE', *, *, #10958, .T. ) ;
#6275 = VECTOR ( 'NONE', #10327, 1000.000000000000000 ) ;
#6276 = DIRECTION ( 'NONE',  ( 1.000000000000000000, 1.000000000000000078E-15, 3.421580731527764731E-14 ) ) ;
#6277 = DIRECTION ( 'NONE',  ( -3.700000000000000011E-14, 0.000000000000000000, 1.000000000000000000 ) ) ;
#6278 = CARTESIAN_POINT ( 'NONE',  ( -61.95000000000003837, -9.699999999999995737, 4.600000000000164846 ) ) ;
#6279 = UNCERTAINTY_MEASURE_WITH_UNIT (LENGTH_MEASURE( 1.000000000000000082E-05 ), #6431, 'distance_accuracy_value', 'NONE');
#6280 = FACE_OUTER_BOUND ( 'NONE', #787, .T. ) ;
#6281 = CARTESIAN_POINT ( 'NONE',  ( -62.35000000000004405, -9.499999999999994671, 4.800000000000149925 ) ) ;
#6282 = CARTESIAN_POINT ( 'NONE',  ( -63.58333333333332860, -3.949999999999997069, 3.150000000000104716 ) ) ;
#6283 = EDGE_CURVE ( 'NONE', #7809, #5019, #7135, .T. ) ;
#6284 = FILL_AREA_STYLE ('',( #440 ) ) ;
#6285 = FILL_AREA_STYLE_COLOUR ( '', #5369 ) ;
#6286 = MECHANICAL_DESIGN_GEOMETRIC_PRESENTATION_REPRESENTATION (  '', ( #10694 ), #11093 ) ;
#6287 = CARTESIAN_POINT ( 'NONE',  ( -62.71944444444442723, -3.949999999999996181, 3.000000000000136335 ) ) ;
#6288 =( NAMED_UNIT ( * ) SI_UNIT ( $, .STERADIAN. ) SOLID_ANGLE_UNIT ( ) );
#6289 = LINE ( 'NONE', #6222, #5349 ) ;
#6290 = ORIENTED_EDGE ( 'NONE', *, *, #3284, .T. ) ;
#6291 = ORIENTED_EDGE ( 'NONE', *, *, #9190, .T. ) ;
#6292 = VECTOR ( 'NONE', #2060, 1000.000000000000000 ) ;
#6293 = EDGE_CURVE ( 'NONE', #8565, #1245, #9219, .T. ) ;
#6294 = DIRECTION ( 'NONE',  ( -3.700000000000000011E-14, 0.000000000000000000, 1.000000000000000000 ) ) ;
#6295 = ADVANCED_FACE ( 'NONE', ( #5150 ), #8023, .T. ) ;
#6296 = VERTEX_POINT ( 'NONE', #3578 ) ;
#6297 = EDGE_CURVE ( 'NONE', #5483, #6667, #10445, .T. ) ;
#6298 = DIRECTION ( 'NONE',  ( -1.000000000000000000, -1.000000000000000078E-15, -3.700000000000000011E-14 ) ) ;
#6299 = CARTESIAN_POINT ( 'NONE',  ( -64.15000000000004832, -8.299999999999997158, 4.800000000000083311 ) ) ;
#6300 = CIRCLE ( 'NONE', #8132, 0.08999999999999792888 ) ;
#6301 =( NAMED_UNIT ( * ) SI_UNIT ( $, .STERADIAN. ) SOLID_ANGLE_UNIT ( ) );
#6302 = PRESENTATION_LAYER_ASSIGNMENT (  '', '', ( #8532 ) ) ;
#6303 = FILL_AREA_STYLE_COLOUR ( '', #7692 ) ;
#6304 = DIRECTION ( 'NONE',  ( -1.000000000000000078E-15, 1.000000000000000000, 0.000000000000000000 ) ) ;
#6305 =( GEOMETRIC_REPRESENTATION_CONTEXT ( 3 ) GLOBAL_UNCERTAINTY_ASSIGNED_CONTEXT ( ( #2143 ) ) GLOBAL_UNIT_ASSIGNED_CONTEXT ( ( #8601, #3788, #7942 ) ) REPRESENTATION_CONTEXT ( 'NONE', 'WORKASPACE' ) );
#6306 = SURFACE_SIDE_STYLE ('',( #10899 ) ) ;
#6307 = VECTOR ( 'NONE', #9182, 1000.000000000000000 ) ;
#6308 = LINE ( 'NONE', #9961, #4642 ) ;
#6309 = LINE ( 'NONE', #10091, #9261 ) ;
#6310 = CARTESIAN_POINT ( 'NONE',  ( -68.72777777777892538, -0.4500000000000007327, 4.249999999999914735 ) ) ;
#6311 = SURFACE_STYLE_USAGE ( .BOTH. , #4336 ) ;
#6312 = ORIENTED_EDGE ( 'NONE', *, *, #10200, .F. ) ;
#6313 = VERTEX_POINT ( 'NONE', #5464 ) ;
#6314 = CARTESIAN_POINT ( 'NONE',  ( -64.46568542494919996, -9.949999999999997513, 2.300000000000071765 ) ) ;
#6315 = CARTESIAN_POINT ( 'NONE',  ( -62.56944444444442865, -10.44999999999999574, 3.300000000000141931 ) ) ;
#6316 = LINE ( 'NONE', #12016, #4965 ) ;
#6317 = DIRECTION ( 'NONE',  ( -3.700000000000000011E-14, 0.000000000000000000, 1.000000000000000000 ) ) ;
#6318 = SURFACE_SIDE_STYLE ('',( #4286 ) ) ;
#6319 = SURFACE_SIDE_STYLE ('',( #1616 ) ) ;
#6320 = LINE ( 'NONE', #9238, #2855 ) ;
#6321 = SURFACE_SIDE_STYLE ('',( #5604 ) ) ;
#6322 = LINE ( 'NONE', #6452, #6471 ) ;
#6323 = SURFACE_SIDE_STYLE ('',( #11907 ) ) ;
#6325 = EDGE_CURVE ( 'NONE', #3456, #1870, #7320, .T. ) ;
#6324 = DIRECTION ( 'NONE',  ( -3.700000000000000011E-14, 0.000000000000000000, 1.000000000000000000 ) ) ;
#6326 = ORIENTED_EDGE ( 'NONE', *, *, #11563, .T. ) ;
#6327 = ORIENTED_EDGE ( 'NONE', *, *, #5736, .T. ) ;
#6328 = ORIENTED_EDGE ( 'NONE', *, *, #10503, .T. ) ;
#6329 = ORIENTED_EDGE ( 'NONE', *, *, #7431, .F. ) ;
#6330 =( LENGTH_UNIT ( ) NAMED_UNIT ( * ) SI_UNIT ( .MILLI., .METRE. ) );
#6331 = CARTESIAN_POINT ( 'NONE',  ( -70.54999999999999716, -3.950000000000003730, 3.299999999999846612 ) ) ;
#6332 = FILL_AREA_STYLE ('',( #10048 ) ) ;
#6333 = FILL_AREA_STYLE ('',( #6147 ) ) ;
#6334 =( GEOMETRIC_REPRESENTATION_CONTEXT ( 3 ) GLOBAL_UNCERTAINTY_ASSIGNED_CONTEXT ( ( #2944 ) ) GLOBAL_UNIT_ASSIGNED_CONTEXT ( ( #7533, #2611, #10290 ) ) REPRESENTATION_CONTEXT ( 'NONE', 'WORKASPACE' ) );
#6335 = DIRECTION ( 'NONE',  ( -3.695877884809559986E-14, 4.122115190439908932E-32, 1.000000000000000000 ) ) ;
#6336 = CARTESIAN_POINT ( 'NONE',  ( -68.20277777777776862, -10.45000000000000107, 3.299999999999933653 ) ) ;
#6337 = CARTESIAN_POINT ( 'NONE',  ( -62.56944444444442865, -10.44999999999999574, 3.300000000000141931 ) ) ;
#6338 = PRESENTATION_STYLE_ASSIGNMENT (( #7235 ) ) ;
#6339 = FILL_AREA_STYLE ('',( #4432 ) ) ;
#6340 =( GEOMETRIC_REPRESENTATION_CONTEXT ( 3 ) GLOBAL_UNCERTAINTY_ASSIGNED_CONTEXT ( ( #8443 ) ) GLOBAL_UNIT_ASSIGNED_CONTEXT ( ( #4156, #7019, #1372 ) ) REPRESENTATION_CONTEXT ( 'NONE', 'WORKASPACE' ) );
#6341 = VECTOR ( 'NONE', #2528, 1000.000000000000000 ) ;
#6342 = VERTEX_POINT ( 'NONE', #1842 ) ;
#6343 = EDGE_LOOP ( 'NONE', ( #11284, #11202, #12309, #1864 ) ) ;
#6344 = CIRCLE ( 'NONE', #8781, 0.1000000000000000749 ) ;
#6345 = SURFACE_SIDE_STYLE ('',( #2505 ) ) ;
#6346 = FILL_AREA_STYLE ('',( #8136 ) ) ;
#6347 = DIRECTION ( 'NONE',  ( -3.700000000000000011E-14, 0.000000000000000000, 1.000000000000000000 ) ) ;
#6348 = ORIENTED_EDGE ( 'NONE', *, *, #11401, .T. ) ;
#6349 = FILL_AREA_STYLE ('',( #895 ) ) ;
#6350 = CIRCLE ( 'NONE', #954, 0.2000000000000031197 ) ;
#6351 = DIRECTION ( 'NONE',  ( -1.000000000000000078E-15, 1.000000000000000000, 0.000000000000000000 ) ) ;
#6352 =( NAMED_UNIT ( * ) PLANE_ANGLE_UNIT ( ) SI_UNIT ( $, .RADIAN. ) );
#6353 = EDGE_CURVE ( 'NONE', #8565, #1160, #1597, .T. ) ;
#6354 = CARTESIAN_POINT ( 'NONE',  ( -68.00555555555671106, 1.099999999999998535, 4.049999999999941203 ) ) ;
#6355 = MECHANICAL_DESIGN_GEOMETRIC_PRESENTATION_REPRESENTATION (  '', ( #3522 ), #3138 ) ;
#6356 = SURFACE_SIDE_STYLE ('',( #4504 ) ) ;
#6357 = CARTESIAN_POINT ( 'NONE',  ( -67.73333333333332007, -3.950000000000001066, 3.299999999999950973 ) ) ;
#6358 = CARTESIAN_POINT ( 'NONE',  ( -71.65000000000003411, 1.549999999999995826, 4.249999999999819700 ) ) ;
#6359 = MECHANICAL_DESIGN_GEOMETRIC_PRESENTATION_REPRESENTATION (  '', ( #141 ), #7179 ) ;
#6360 = DIRECTION ( 'NONE',  ( 1.000000000000000000, 1.000000000000000078E-15, 3.700000000000000011E-14 ) ) ;
#6361 = ORIENTED_EDGE ( 'NONE', *, *, #3284, .F. ) ;
#6362 = PRESENTATION_STYLE_ASSIGNMENT (( #11130 ) ) ;
#6363 =( NAMED_UNIT ( * ) SI_UNIT ( $, .STERADIAN. ) SOLID_ANGLE_UNIT ( ) );
#6364 = PLANE ( 'NONE',  #177 ) ;
#6365 = CARTESIAN_POINT ( 'NONE',  ( -71.45000000000001705, 1.549999999999995826, 3.715685424949064508 ) ) ;
#6366 = FILL_AREA_STYLE_COLOUR ( '', #2995 ) ;
#6367 = FILL_AREA_STYLE ('',( #2525 ) ) ;
#6368 = LINE ( 'NONE', #8571, #7088 ) ;
#6369 = CARTESIAN_POINT ( 'NONE',  ( -67.88333333333332575, -10.45000000000000107, 3.299999999999945199 ) ) ;
#6370 = VECTOR ( 'NONE', #6995, 1000.000000000000000 ) ;
#6371 =( NAMED_UNIT ( * ) SI_UNIT ( $, .STERADIAN. ) SOLID_ANGLE_UNIT ( ) );
#6372 = VERTEX_POINT ( 'NONE', #9346 ) ;
#6373 = VERTEX_POINT ( 'NONE', #658 ) ;
#6374 = SURFACE_STYLE_USAGE ( .BOTH. , #8283 ) ;
#6375 = DIRECTION ( 'NONE',  ( -1.000000000000000000, -1.000000000000000078E-15, -3.645695612925943688E-14 ) ) ;
#6376 = FACE_OUTER_BOUND ( 'NONE', #2095, .T. ) ;
#6377 = VECTOR ( 'NONE', #6447, 1000.000000000000000 ) ;
#6378 = VECTOR ( 'NONE', #6004, 1000.000000000000000 ) ;
#6379 = PLANE ( 'NONE',  #7774 ) ;
#6380 = PLANE ( 'NONE',  #8291 ) ;
#6381 = DIRECTION ( 'NONE',  ( 1.000000000000000000, 1.000000000000000078E-15, 3.700000000000000011E-14 ) ) ;
#6382 = SURFACE_SIDE_STYLE ('',( #10157 ) ) ;
#6383 = FACE_OUTER_BOUND ( 'NONE', #3966, .T. ) ;
#6384 =( NAMED_UNIT ( * ) PLANE_ANGLE_UNIT ( ) SI_UNIT ( $, .RADIAN. ) );
#6385 = DIRECTION ( 'NONE',  ( 3.700000000000000011E-14, -0.000000000000000000, -1.000000000000000000 ) ) ;
#6386 = VERTEX_POINT ( 'NONE', #11321 ) ;
#6387 = SURFACE_STYLE_FILL_AREA ( #679 ) ;
#6388 = AXIS2_PLACEMENT_3D ( 'NONE', #4673, #7597, #11350 ) ;
#6389 = VECTOR ( 'NONE', #3843, 1000.000000000000000 ) ;
#6390 = ORIENTED_EDGE ( 'NONE', *, *, #4194, .F. ) ;
#6391 = ORIENTED_EDGE ( 'NONE', *, *, #8648, .F. ) ;
#6392 = SURFACE_SIDE_STYLE ('',( #7340 ) ) ;
#6393 = EDGE_CURVE ( 'NONE', #10307, #7339, #11390, .T. ) ;
#6394 = CARTESIAN_POINT ( 'NONE',  ( -71.39142135623731633, -10.45000000000000462, 3.574264068711742848 ) ) ;
#6395 = UNCERTAINTY_MEASURE_WITH_UNIT (LENGTH_MEASURE( 1.000000000000000082E-05 ), #2242, 'distance_accuracy_value', 'NONE');
#6396 = SURFACE_SIDE_STYLE ('',( #6464 ) ) ;
#6397 =( GEOMETRIC_REPRESENTATION_CONTEXT ( 3 ) GLOBAL_UNCERTAINTY_ASSIGNED_CONTEXT ( ( #8628 ) ) GLOBAL_UNIT_ASSIGNED_CONTEXT ( ( #3650, #2724, #4716 ) ) REPRESENTATION_CONTEXT ( 'NONE', 'WORKASPACE' ) );
#6398 = COLOUR_RGB ( '',0.9529411764705881804, 0.7960784313725489669, 0.4862745098039215619 ) ;
#6399 = DIRECTION ( 'NONE',  ( 3.700000000000000011E-14, -0.000000000000000000, -1.000000000000000000 ) ) ;
#6400 =( NAMED_UNIT ( * ) PLANE_ANGLE_UNIT ( ) SI_UNIT ( $, .RADIAN. ) );
#6401 = EDGE_CURVE ( 'NONE', #9819, #6579, #4577, .T. ) ;
#6402 = FILL_AREA_STYLE ('',( #9506 ) ) ;
#6403 = LINE ( 'NONE', #11922, #4373 ) ;
#6404 = CARTESIAN_POINT ( 'NONE',  ( -64.15000000000004832, -9.699999999999997513, 4.800000000000083311 ) ) ;
#6405 = AXIS2_PLACEMENT_3D ( 'NONE', #4505, #5575, #1827 ) ;
#6406 = ORIENTED_EDGE ( 'NONE', *, *, #6229, .F. ) ;
#6407 = ORIENTED_EDGE ( 'NONE', *, *, #8692, .F. ) ;
#6408 = AXIS2_PLACEMENT_3D ( 'NONE', #307, #7046, #5725 ) ;
#6409 = CARTESIAN_POINT ( 'NONE',  ( -68.00555555555669685, -0.4500000000000007327, 4.049999999999941203 ) ) ;
#6410 = SURFACE_SIDE_STYLE ('',( #2564 ) ) ;
#6411 = DIRECTION ( 'NONE',  ( 3.700000000000000011E-14, -0.000000000000000000, -1.000000000000000000 ) ) ;
#6412 = VERTEX_POINT ( 'NONE', #5395 ) ;
#6413 = CARTESIAN_POINT ( 'NONE',  ( -66.38999999999994373, -10.44999999999999929, 2.310000000000000497 ) ) ;
#6414 = CLOSED_SHELL ( 'NONE', ( #1943, #6758, #1961, #12313, #10392, #11597, #458, #7991, #5107, #2046, #1611, #5067, #6442, #11582, #12250, #3045, #6092, #122, #3664, #6169, #3521, #7767, #3314, #10582, #1278, #4911, #10274, #6947, #10629, #4525, #12028, #11936, #10032, #969, #4843, #5401, #1091, #767, #2024, #2759, #9462, #4073, #7824, #4492, #12173, #252, #8110, #4954, #3317, #2499, #4416, #9011, #4325, #1826, #5824, #5903, #9343, #4322, #9823, #10934, #7117, #5733, #7033, #1904, #3070, #751, #4703, #9310, #10945, #3165, #1283, #394, #6785, #645, #8344, #9312, #12333, #9226, #1312, #7172, #1181, #11118, #10015, #3492, #8998, #11091, #8297, #7873, #4345, #2703, #9600, #11920, #2908, #10409, #4263, #6902, #1132, #9198, #4951, #6131, #5366, #11121, #2801, #1743, #4103, #10515, #9873, #10845, #6110, #9533, #9803, #3968, #5148, #10344, #2327, #6820, #8421, #3064, #7988, #1767, #8806 ) ) ;
#6415 = SURFACE_SIDE_STYLE ('',( #6681 ) ) ;
#6416 = MECHANICAL_DESIGN_GEOMETRIC_PRESENTATION_REPRESENTATION (  '', ( #11823 ), #7647 ) ;
#6417 = DIRECTION ( 'NONE',  ( -8.346526565410730873E-16, 1.000000000000000000, 6.117851707980298584E-30 ) ) ;
#6418 = LINE ( 'NONE', #7432, #3188 ) ;
#6419 = EDGE_CURVE ( 'NONE', #9664, #11865, #2720, .T. ) ;
#6420 = SURFACE_STYLE_FILL_AREA ( #115 ) ;
#6421 = CARTESIAN_POINT ( 'NONE',  ( -71.45000000000005969, -2.450000000000004174, 4.799999999999813305 ) ) ;
#6422 = MECHANICAL_DESIGN_GEOMETRIC_PRESENTATION_REPRESENTATION (  '', ( #10640 ), #1029 ) ;
#6423 = VERTEX_POINT ( 'NONE', #5517 ) ;
#6424 = EDGE_CURVE ( 'NONE', #1897, #1870, #8337, .T. ) ;
#6425 = DIRECTION ( 'NONE',  ( 3.701809683000205097E-14, 1.809683000204900225E-32, -1.000000000000000000 ) ) ;
#6426 = VECTOR ( 'NONE', #8165, 1000.000000000000000 ) ;
#6427 =( NAMED_UNIT ( * ) PLANE_ANGLE_UNIT ( ) SI_UNIT ( $, .RADIAN. ) );
#6428 = UNCERTAINTY_MEASURE_WITH_UNIT (LENGTH_MEASURE( 1.000000000000000082E-05 ), #86, 'distance_accuracy_value', 'NONE');
#6429 = DIRECTION ( 'NONE',  ( -1.000000000000000000, -1.000000000000000078E-15, -3.700000000000000011E-14 ) ) ;
#6430 =( NAMED_UNIT ( * ) SI_UNIT ( $, .STERADIAN. ) SOLID_ANGLE_UNIT ( ) );
#6431 =( LENGTH_UNIT ( ) NAMED_UNIT ( * ) SI_UNIT ( .MILLI., .METRE. ) );
#6432 = FILL_AREA_STYLE ('',( #4150 ) ) ;
#6433 = COLOUR_RGB ( '',0.9529411764705881804, 0.7960784313725489669, 0.4862745098039215619 ) ;
#6434 = MECHANICAL_DESIGN_GEOMETRIC_PRESENTATION_REPRESENTATION (  '', ( #12246 ), #8059 ) ;
#6435 = LINE ( 'NONE', #12269, #5731 ) ;
#6436 = CARTESIAN_POINT ( 'NONE',  ( -65.38611111111109153, -10.44999999999999751, 3.000000000000037748 ) ) ;
#6437 = PRESENTATION_LAYER_ASSIGNMENT (  '', '', ( #12044 ) ) ;
#6438 = ORIENTED_EDGE ( 'NONE', *, *, #4309, .T. ) ;
#6439 = ORIENTED_EDGE ( 'NONE', *, *, #8029, .T. ) ;
#6440 = SURFACE_STYLE_FILL_AREA ( #7388 ) ;
#6441 = VECTOR ( 'NONE', #10338, 1000.000000000000000 ) ;
#6442 = ADVANCED_FACE ( 'NONE', ( #1725 ), #12200, .F. ) ;
#6443 = DIRECTION ( 'NONE',  ( -3.700000000000000011E-14, 0.000000000000000000, 1.000000000000000000 ) ) ;
#6444 =( NAMED_UNIT ( * ) SI_UNIT ( $, .STERADIAN. ) SOLID_ANGLE_UNIT ( ) );
#6445 = EDGE_CURVE ( 'NONE', #9561, #8138, #1594, .T. ) ;
#6446 = DIRECTION ( 'NONE',  ( -1.000000000000000078E-15, 1.000000000000000000, 0.000000000000000000 ) ) ;
#6447 = DIRECTION ( 'NONE',  ( -1.000000000000000000, -1.000000000000000078E-15, -3.394253790593256761E-14 ) ) ;
#6448 = DIRECTION ( 'NONE',  ( -3.700000000000000011E-14, 0.000000000000000000, 1.000000000000000000 ) ) ;
#6449 = PRESENTATION_LAYER_ASSIGNMENT (  '', '', ( #2417 ) ) ;
#6450 =( NAMED_UNIT ( * ) PLANE_ANGLE_UNIT ( ) SI_UNIT ( $, .RADIAN. ) );
#6451 = LINE ( 'NONE', #9239, #7511 ) ;
#6452 = CARTESIAN_POINT ( 'NONE',  ( -67.41388888888887720, -10.45000000000000107, 2.999999999999962697 ) ) ;
#6453 = FACE_OUTER_BOUND ( 'NONE', #4657, .T. ) ;
#6454 = ORIENTED_EDGE ( 'NONE', *, *, #7274, .T. ) ;
#6455 = ORIENTED_EDGE ( 'NONE', *, *, #2356, .T. ) ;
#6456 = AXIS2_PLACEMENT_3D ( 'NONE', #4784, #6562, #10646 ) ;
#6457 = ORIENTED_EDGE ( 'NONE', *, *, #2346, .T. ) ;
#6458 = ORIENTED_EDGE ( 'NONE', *, *, #11012, .F. ) ;
#6459 = CARTESIAN_POINT ( 'NONE',  ( -68.35277777777776009, -10.45000000000000107, 2.999999999999928058 ) ) ;
#6460 = VECTOR ( 'NONE', #11033, 1000.000000000000000 ) ;
#6461 = LINE ( 'NONE', #1697, #8676 ) ;
#6462 = MECHANICAL_DESIGN_GEOMETRIC_PRESENTATION_REPRESENTATION (  '', ( #8495 ), #6262 ) ;
#6463 =( GEOMETRIC_REPRESENTATION_CONTEXT ( 3 ) GLOBAL_UNCERTAINTY_ASSIGNED_CONTEXT ( ( #5622 ) ) GLOBAL_UNIT_ASSIGNED_CONTEXT ( ( #5300, #7295, #10177 ) ) REPRESENTATION_CONTEXT ( 'NONE', 'WORKASPACE' ) );
#6464 = SURFACE_STYLE_FILL_AREA ( #3427 ) ;
#6465 = CARTESIAN_POINT ( 'NONE',  ( -68.45000000000004547, -8.300000000000002487, 4.799999999999924327 ) ) ;
#6466 = PRESENTATION_STYLE_ASSIGNMENT (( #2625 ) ) ;
#6467 = UNCERTAINTY_MEASURE_WITH_UNIT (LENGTH_MEASURE( 1.000000000000000082E-05 ), #9909, 'distance_accuracy_value', 'NONE');
#6468 = CARTESIAN_POINT ( 'NONE',  ( -66.40999999999996817, -2.449999999999998845, 2.309999999999999609 ) ) ;
#6469 = VECTOR ( 'NONE', #3096, 1000.000000000000000 ) ;
#6470 = VERTEX_POINT ( 'NONE', #10382 ) ;
#6471 = VECTOR ( 'NONE', #10159, 1000.000000000000000 ) ;
#6472 = MECHANICAL_DESIGN_GEOMETRIC_PRESENTATION_REPRESENTATION (  '', ( #7275 ), #1654 ) ;
#6473 = STYLED_ITEM ( 'NONE', ( #12194 ), #1377 ) ;
#6474 = VECTOR ( 'NONE', #11491, 1000.000000000000114 ) ;
#6475 = ORIENTED_EDGE ( 'NONE', *, *, #6881, .T. ) ;
#6476 = ORIENTED_EDGE ( 'NONE', *, *, #6445, .F. ) ;
#6477 = PRESENTATION_STYLE_ASSIGNMENT (( #7422 ) ) ;
#6478 =( NAMED_UNIT ( * ) SI_UNIT ( $, .STERADIAN. ) SOLID_ANGLE_UNIT ( ) );
#6479 = CIRCLE ( 'NONE', #12292, 0.3586990843377555471 ) ;
#6480 = DIRECTION ( 'NONE',  ( -3.700000000000000011E-14, 0.000000000000000000, 1.000000000000000000 ) ) ;
#6481 = MECHANICAL_DESIGN_GEOMETRIC_PRESENTATION_REPRESENTATION (  '', ( #1084 ), #8108 ) ;
#6482 = LINE ( 'NONE', #4697, #10302 ) ;
#6483 = UNCERTAINTY_MEASURE_WITH_UNIT (LENGTH_MEASURE( 1.000000000000000082E-05 ), #11652, 'distance_accuracy_value', 'NONE');
#6484 = DIRECTION ( 'NONE',  ( -3.700000000000000011E-14, 0.000000000000000000, 1.000000000000000000 ) ) ;
#6485 = VECTOR ( 'NONE', #2087, 1000.000000000000000 ) ;
#6486 = EDGE_CURVE ( 'NONE', #5925, #5972, #5587, .T. ) ;
#6487 = STYLED_ITEM ( 'NONE', ( #11496 ), #5221 ) ;
#6488 = EDGE_CURVE ( 'NONE', #9879, #5498, #4650, .T. ) ;
#6489 = SURFACE_SIDE_STYLE ('',( #8518 ) ) ;
#6490 = PRESENTATION_LAYER_ASSIGNMENT (  '', '', ( #10694 ) ) ;
#6491 = SURFACE_STYLE_USAGE ( .BOTH. , #710 ) ;
#6492 = ORIENTED_EDGE ( 'NONE', *, *, #11477, .F. ) ;
#6493 =( NAMED_UNIT ( * ) SI_UNIT ( $, .STERADIAN. ) SOLID_ANGLE_UNIT ( ) );
#6494 = PLANE ( 'NONE',  #5763 ) ;
#6495 =( NAMED_UNIT ( * ) SI_UNIT ( $, .STERADIAN. ) SOLID_ANGLE_UNIT ( ) );
#6496 = STYLED_ITEM ( 'NONE', ( #7481 ), #10274 ) ;
#6497 = DIRECTION ( 'NONE',  ( 1.000000000000000078E-15, -1.000000000000000000, 0.000000000000000000 ) ) ;
#6498 = CARTESIAN_POINT ( 'NONE',  ( -69.65000000000114255, 1.099999999999996758, 4.249999999999880096 ) ) ;
#6499 =( LENGTH_UNIT ( ) NAMED_UNIT ( * ) SI_UNIT ( .MILLI., .METRE. ) );
#6500 = LINE ( 'NONE', #9349, #9461 ) ;
#6501 = CARTESIAN_POINT ( 'NONE',  ( -69.23431457505071762, -9.850000000000003197, 2.299999999999895017 ) ) ;
#6502 = CARTESIAN_POINT ( 'NONE',  ( -61.55000000000000426, -10.44999999999999396, 3.715685424949418891 ) ) ;
#6503 = EDGE_CURVE ( 'NONE', #6599, #7806, #11679, .T. ) ;
#6504 = ORIENTED_EDGE ( 'NONE', *, *, #9855, .F. ) ;
#6505 = AXIS2_PLACEMENT_3D ( 'NONE', #4925, #1498, #3296 ) ;
#6506 = VERTEX_POINT ( 'NONE', #6981 ) ;
#6507 = DIRECTION ( 'NONE',  ( 0.000000000000000000, 1.000000000000000000, 0.000000000000000000 ) ) ;
#6508 = PRESENTATION_STYLE_ASSIGNMENT (( #11402 ) ) ;
#6509 = EDGE_CURVE ( 'NONE', #3068, #3018, #248, .T. ) ;
#6510 =( NAMED_UNIT ( * ) PLANE_ANGLE_UNIT ( ) SI_UNIT ( $, .RADIAN. ) );
#6511 = DIRECTION ( 'NONE',  ( -3.700000000000000011E-14, 0.000000000000000000, 1.000000000000000000 ) ) ;
#6512 = SURFACE_SIDE_STYLE ('',( #3718 ) ) ;
#6513 = DIRECTION ( 'NONE',  ( 1.000000000000000078E-15, -1.000000000000000000, 0.000000000000000000 ) ) ;
#6514 = PRESENTATION_STYLE_ASSIGNMENT (( #11406 ) ) ;
#6515 = PLANE ( 'NONE',  #687 ) ;
#6516 = DIRECTION ( 'NONE',  ( -1.000000000000000078E-15, 1.000000000000000000, 0.000000000000000000 ) ) ;
#6517 = ADVANCED_FACE ( 'NONE', ( #3133 ), #10931, .T. ) ;
#6518 =( NAMED_UNIT ( * ) PLANE_ANGLE_UNIT ( ) SI_UNIT ( $, .RADIAN. ) );
#6519 = ORIENTED_EDGE ( 'NONE', *, *, #2570, .T. ) ;
#6520 = EDGE_CURVE ( 'NONE', #11449, #6386, #2310, .T. ) ;
#6521 = FILL_AREA_STYLE_COLOUR ( '', #2929 ) ;
#6522 = PLANE ( 'NONE',  #6388 ) ;
#6523 = ORIENTED_EDGE ( 'NONE', *, *, #140, .F. ) ;
#6524 = ORIENTED_EDGE ( 'NONE', *, *, #2555, .F. ) ;
#6525 = VERTEX_POINT ( 'NONE', #7119 ) ;
#6526 = EDGE_CURVE ( 'NONE', #11785, #4554, #1273, .T. ) ;
#6527 =( NAMED_UNIT ( * ) PLANE_ANGLE_UNIT ( ) SI_UNIT ( $, .RADIAN. ) );
#6528 = SURFACE_STYLE_FILL_AREA ( #750 ) ;
#6529 = UNCERTAINTY_MEASURE_WITH_UNIT (LENGTH_MEASURE( 1.000000000000000082E-05 ), #10672, 'distance_accuracy_value', 'NONE');
#6530 = SURFACE_STYLE_FILL_AREA ( #3803 ) ;
#6531 = DIRECTION ( 'NONE',  ( -3.700000000000000011E-14, 0.000000000000000000, 1.000000000000000000 ) ) ;
#6532 = SURFACE_SIDE_STYLE ('',( #3680 ) ) ;
#6533 =( LENGTH_UNIT ( ) NAMED_UNIT ( * ) SI_UNIT ( .MILLI., .METRE. ) );
#6534 = MECHANICAL_DESIGN_GEOMETRIC_PRESENTATION_REPRESENTATION (  '', ( #7748 ), #10081 ) ;
#6535 = ORIENTED_EDGE ( 'NONE', *, *, #12424, .T. ) ;
#6536 = DIRECTION ( 'NONE',  ( 1.462592926927147979E-15, -1.000000000000000000, 1.711593829630447511E-29 ) ) ;
#6537 = PRODUCT ( 'hdmi_mini_19_stand', 'hdmi_mini_19_stand', '', ( #5885 ) ) ;
#6538 = ORIENTED_EDGE ( 'NONE', *, *, #8431, .T. ) ;
#6539 = ORIENTED_EDGE ( 'NONE', *, *, #173, .F. ) ;
#6540 = DIRECTION ( 'NONE',  ( -0.9959769378880681812, -0.08960992799409672749, -3.678638710706525669E-14 ) ) ;
#6541 = FACE_OUTER_BOUND ( 'NONE', #12402, .T. ) ;
#6542 = DIRECTION ( 'NONE',  ( -3.700000000000000011E-14, 0.000000000000000000, 1.000000000000000000 ) ) ;
#6543 = SURFACE_SIDE_STYLE ('',( #10498 ) ) ;
#6544 = SURFACE_STYLE_USAGE ( .BOTH. , #2704 ) ;
#6545 = CARTESIAN_POINT ( 'NONE',  ( -66.76111111111225682, -0.4499999999999990119, 4.249999999999986677 ) ) ;
#6546 = STYLED_ITEM ( 'NONE', ( #8533 ), #5733 ) ;
#6547 = LINE ( 'NONE', #12316, #9218 ) ;
#6548 = CARTESIAN_POINT ( 'NONE',  ( -62.56568542494919427, -10.44999999999999574, 2.500000000000141664 ) ) ;
#6549 = MECHANICAL_DESIGN_GEOMETRIC_PRESENTATION_REPRESENTATION (  '', ( #11944 ), #5738 ) ;
#6550 = VERTEX_POINT ( 'NONE', #1906 ) ;
#6551 = ORIENTED_EDGE ( 'NONE', *, *, #2586, .F. ) ;
#6552 = ORIENTED_EDGE ( 'NONE', *, *, #9336, .T. ) ;
#6553 = LINE ( 'NONE', #4453, #9890 ) ;
#6554 = EDGE_CURVE ( 'NONE', #5540, #3482, #11809, .T. ) ;
#6555 = UNCERTAINTY_MEASURE_WITH_UNIT (LENGTH_MEASURE( 1.000000000000000082E-05 ), #3754, 'distance_accuracy_value', 'NONE');
#6556 =( GEOMETRIC_REPRESENTATION_CONTEXT ( 3 ) GLOBAL_UNCERTAINTY_ASSIGNED_CONTEXT ( ( #10297 ) ) GLOBAL_UNIT_ASSIGNED_CONTEXT ( ( #8227, #3348, #12018 ) ) REPRESENTATION_CONTEXT ( 'NONE', 'WORKASPACE' ) );
#6557 = DIRECTION ( 'NONE',  ( -3.700000000000000011E-14, 0.000000000000000000, 1.000000000000000000 ) ) ;
#6558 = EDGE_CURVE ( 'NONE', #7966, #8046, #4117, .T. ) ;
#6559 =( LENGTH_UNIT ( ) NAMED_UNIT ( * ) SI_UNIT ( .MILLI., .METRE. ) );
#6560 = PRESENTATION_LAYER_ASSIGNMENT (  '', '', ( #131 ) ) ;
#6561 = STYLED_ITEM ( 'NONE', ( #6829 ), #8883 ) ;
#6562 = DIRECTION ( 'NONE',  ( -1.000000000000000000, -8.465138741913960914E-16, -3.700000000000000011E-14 ) ) ;
#6563 = VERTEX_POINT ( 'NONE', #4938 ) ;
#6564 = VERTEX_POINT ( 'NONE', #8811 ) ;
#6565 = UNCERTAINTY_MEASURE_WITH_UNIT (LENGTH_MEASURE( 1.000000000000000082E-05 ), #2071, 'distance_accuracy_value', 'NONE');
#6566 = LINE ( 'NONE', #5866, #3025 ) ;
#6567 = EDGE_CURVE ( 'NONE', #1805, #3083, #1009, .T. ) ;
#6568 =( NAMED_UNIT ( * ) PLANE_ANGLE_UNIT ( ) SI_UNIT ( $, .RADIAN. ) );
#6569 = FACE_OUTER_BOUND ( 'NONE', #10850, .T. ) ;
#6570 = SURFACE_STYLE_FILL_AREA ( #9294 ) ;
#6571 = PRESENTATION_STYLE_ASSIGNMENT (( #3784 ) ) ;
#6572 = VECTOR ( 'NONE', #12071, 1000.000000000000000 ) ;
#6573 = DIRECTION ( 'NONE',  ( -1.000000000000000078E-15, 1.000000000000000000, 0.000000000000000000 ) ) ;
#6574 = CARTESIAN_POINT ( 'NONE',  ( -70.54999999999999716, -3.950000000000003730, 3.299999999999846612 ) ) ;
#6575 =( NAMED_UNIT ( * ) PLANE_ANGLE_UNIT ( ) SI_UNIT ( $, .RADIAN. ) );
#6576 =( NAMED_UNIT ( * ) PLANE_ANGLE_UNIT ( ) SI_UNIT ( $, .RADIAN. ) );
#6577 = FILL_AREA_STYLE_COLOUR ( '', #6836 ) ;
#6578 = SURFACE_SIDE_STYLE ('',( #2740 ) ) ;
#6579 = VERTEX_POINT ( 'NONE', #6084 ) ;
#6580 = DIRECTION ( 'NONE',  ( -1.000000000000000000, -1.000000000000000472E-15, -3.699999999999998749E-14 ) ) ;
#6581 = ORIENTED_EDGE ( 'NONE', *, *, #406, .F. ) ;
#6582 = EDGE_CURVE ( 'NONE', #10988, #1933, #5185, .T. ) ;
#6583 = VECTOR ( 'NONE', #7360, 1000.000000000000000 ) ;
#6584 = ORIENTED_EDGE ( 'NONE', *, *, #12192, .F. ) ;
#6585 = VERTEX_POINT ( 'NONE', #9597 ) ;
#6586 = COLOUR_RGB ( '',0.6274509803921568540, 0.6274509803921568540, 0.6274509803921568540 ) ;
#6587 = CARTESIAN_POINT ( 'NONE',  ( -64.39444444444556837, -0.4499998509883973430, 3.800000000000074429 ) ) ;
#6588 = SURFACE_SIDE_STYLE ('',( #1747 ) ) ;
#6589 = SURFACE_STYLE_FILL_AREA ( #9634 ) ;
#6590 = EDGE_CURVE ( 'NONE', #10815, #2598, #2802, .T. ) ;
#6591 = SURFACE_STYLE_USAGE ( .BOTH. , #10610 ) ;
#6592 = CARTESIAN_POINT ( 'NONE',  ( -66.85876734635691321, -5.820804194777469576, 2.299999999999983391 ) ) ;
#6593 = CARTESIAN_POINT ( 'NONE',  ( -64.44722222222220864, -3.949999999999997957, 3.000000000000072387 ) ) ;
#6594 = VECTOR ( 'NONE', #5060, 1000.000000000000000 ) ;
#6595 = PRESENTATION_LAYER_ASSIGNMENT (  '', '', ( #8011 ) ) ;
#6596 = DIRECTION ( 'NONE',  ( 1.005828006143814886E-07, 1.005828376143814989E-22, 0.9999999999999950040 ) ) ;
#6597 = EDGE_LOOP ( 'NONE', ( #7744, #4440, #7841, #12295, #8473, #10276, #11479, #1175 ) ) ;
#6598 = SURFACE_SIDE_STYLE ('',( #12363 ) ) ;
#6599 = VERTEX_POINT ( 'NONE', #11455 ) ;
#6600 = VERTEX_POINT ( 'NONE', #6698 ) ;
#6601 = DIRECTION ( 'NONE',  ( -1.000000000000000000, -1.000000000000000078E-15, -3.645695612925943688E-14 ) ) ;
#6602 = CARTESIAN_POINT ( 'NONE',  ( -69.45000000000115392, -0.7500000000000024425, 4.249999999999887201 ) ) ;
#6603 = AXIS2_PLACEMENT_3D ( 'NONE', #6047, #8153, #527 ) ;
#6604 = MECHANICAL_DESIGN_GEOMETRIC_PRESENTATION_REPRESENTATION (  '', ( #11994 ), #7403 ) ;
#6605 = EDGE_CURVE ( 'NONE', #6652, #9037, #2847, .T. ) ;
#6606 = FILL_AREA_STYLE_COLOUR ( '', #9111 ) ;
#6607 = FILL_AREA_STYLE ('',( #7498 ) ) ;
#6608 =( NAMED_UNIT ( * ) PLANE_ANGLE_UNIT ( ) SI_UNIT ( $, .RADIAN. ) );
#6609 = FILL_AREA_STYLE_COLOUR ( '', #12086 ) ;
#6610 = VECTOR ( 'NONE', #10024, 1000.000000000000000 ) ;
#6611 = COLOUR_RGB ( '',0.007843137254901960675, 0.007843137254901960675, 0.007843137254901960675 ) ;
#6612 = DIRECTION ( 'NONE',  ( -3.448907672462272700E-14, -1.035256561856238804E-17, 1.000000000000000000 ) ) ;
#6613 = PRESENTATION_LAYER_ASSIGNMENT (  '', '', ( #7221 ) ) ;
#6614 = ADVANCED_FACE ( 'NONE', ( #179 ), #7168, .T. ) ;
#6615 = VERTEX_POINT ( 'NONE', #1514 ) ;
#6616 = VERTEX_POINT ( 'NONE', #2374 ) ;
#6617 = FACE_OUTER_BOUND ( 'NONE', #1402, .T. ) ;
#6618 = FILL_AREA_STYLE ('',( #7759 ) ) ;
#6619 = VERTEX_POINT ( 'NONE', #8372 ) ;
#6620 = DIRECTION ( 'NONE',  ( 1.000000000000000078E-15, -1.000000000000000000, 0.000000000000000000 ) ) ;
#6621 = FILL_AREA_STYLE_COLOUR ( '', #2997 ) ;
#6622 = PRESENTATION_LAYER_ASSIGNMENT (  '', '', ( #1593 ) ) ;
#6623 = CARTESIAN_POINT ( 'NONE',  ( -64.59722222222220012, -10.44999999999999751, 3.000000000000067057 ) ) ;
#6624 = FILL_AREA_STYLE ('',( #6366 ) ) ;
#6625 = FACE_OUTER_BOUND ( 'NONE', #12324, .T. ) ;
#6626 =( NAMED_UNIT ( * ) SI_UNIT ( $, .STERADIAN. ) SOLID_ANGLE_UNIT ( ) );
#6627 = DIRECTION ( 'NONE',  ( 3.700000000000000011E-14, -0.000000000000000000, -1.000000000000000000 ) ) ;
#6628 = CARTESIAN_POINT ( 'NONE',  ( -65.98244041316617370, -8.239735034390928803, 2.310000000000015596 ) ) ;
#6629 = VECTOR ( 'NONE', #2437, 1000.000000000000000 ) ;
#6630 = DIRECTION ( 'NONE',  ( -1.000000000000000078E-15, 1.000000000000000000, 0.000000000000000000 ) ) ;
#6631 = VERTEX_POINT ( 'NONE', #5431 ) ;
#6632 = ORIENTED_EDGE ( 'NONE', *, *, #9775, .F. ) ;
#6633 = DIRECTION ( 'NONE',  ( -1.000000000000000000, -1.000000000000000078E-15, -3.700000000000000011E-14 ) ) ;
#6634 = LINE ( 'NONE', #923, #3742 ) ;
#6635 = SURFACE_SIDE_STYLE ('',( #11403 ) ) ;
#6636 = SURFACE_STYLE_FILL_AREA ( #7588 ) ;
#6637 =( NAMED_UNIT ( * ) SI_UNIT ( $, .STERADIAN. ) SOLID_ANGLE_UNIT ( ) );
#6638 = CARTESIAN_POINT ( 'NONE',  ( -62.42426406871189215, -10.44999999999999574, 2.558578643762837945 ) ) ;
#6639 = CIRCLE ( 'NONE', #7447, 0.1999999999999987899 ) ;
#6640 =( NAMED_UNIT ( * ) SI_UNIT ( $, .STERADIAN. ) SOLID_ANGLE_UNIT ( ) );
#6641 = CARTESIAN_POINT ( 'NONE',  ( -62.09999999999998010, -10.44999999999999574, 3.000000000000159428 ) ) ;
#6642 = FACE_OUTER_BOUND ( 'NONE', #3620, .T. ) ;
#6643 = CARTESIAN_POINT ( 'NONE',  ( -64.44722222222219443, -10.44999999999999751, 3.000000000000072387 ) ) ;
#6644 = FACE_OUTER_BOUND ( 'NONE', #10066, .T. ) ;
#6645 = PRESENTATION_STYLE_ASSIGNMENT (( #12096 ) ) ;
#6646 = EDGE_LOOP ( 'NONE', ( #2977, #7908, #10886, #1034 ) ) ;
#6647 = SURFACE_SIDE_STYLE ('',( #7728 ) ) ;
#6648 = EDGE_CURVE ( 'NONE', #6751, #2113, #6403, .T. ) ;
#6649 = EDGE_CURVE ( 'NONE', #8904, #1067, #11228, .T. ) ;
#6650 = VERTEX_POINT ( 'NONE', #1703 ) ;
#6651 = VERTEX_POINT ( 'NONE', #5302 ) ;
#6652 = VERTEX_POINT ( 'NONE', #6468 ) ;
#6653 = DIRECTION ( 'NONE',  ( -3.700000000000000011E-14, 6.360191048344410484E-30, 1.000000000000000000 ) ) ;
#6654 = CARTESIAN_POINT ( 'NONE',  ( -62.56568542494920848, -2.449999999999995737, 2.700000000000142286 ) ) ;
#6655 = MECHANICAL_DESIGN_GEOMETRIC_PRESENTATION_REPRESENTATION (  '', ( #11837 ), #2835 ) ;
#6656 = VECTOR ( 'NONE', #4470, 1000.000000000000000 ) ;
#6657 = DIRECTION ( 'NONE',  ( -1.000000000000000000, -1.000000000000000078E-15, -3.700000000000000011E-14 ) ) ;
#6658 = UNCERTAINTY_MEASURE_WITH_UNIT (LENGTH_MEASURE( 1.000000000000000082E-05 ), #5116, 'distance_accuracy_value', 'NONE');
#6659 = SURFACE_STYLE_FILL_AREA ( #1808 ) ;
#6660 = PRESENTATION_STYLE_ASSIGNMENT (( #2755 ) ) ;
#6661 = SURFACE_STYLE_FILL_AREA ( #9440 ) ;
#6662 = FILL_AREA_STYLE ('',( #2822 ) ) ;
#6663 = VERTEX_POINT ( 'NONE', #692 ) ;
#6664 = COLOUR_RGB ( '',0.9529411764705881804, 0.7960784313725489669, 0.4862745098039215619 ) ;
#6665 = VECTOR ( 'NONE', #3415, 1000.000000000000000 ) ;
#6666 = COLOUR_RGB ( '',0.9529411764705881804, 0.7960784313725489669, 0.4862745098039215619 ) ;
#6667 = VERTEX_POINT ( 'NONE', #12169 ) ;
#6668 = ORIENTED_EDGE ( 'NONE', *, *, #9571, .T. ) ;
#6669 = LINE ( 'NONE', #11184, #225 ) ;
#6670 = PLANE ( 'NONE',  #6675 ) ;
#6671 =( NAMED_UNIT ( * ) PLANE_ANGLE_UNIT ( ) SI_UNIT ( $, .RADIAN. ) );
#6672 =( NAMED_UNIT ( * ) SI_UNIT ( $, .STERADIAN. ) SOLID_ANGLE_UNIT ( ) );
#6673 = EDGE_CURVE ( 'NONE', #1814, #5003, #5490, .T. ) ;
#6674 = FILL_AREA_STYLE ('',( #9709 ) ) ;
#6675 = AXIS2_PLACEMENT_3D ( 'NONE', #9604, #8653, #4718 ) ;
#6676 = VECTOR ( 'NONE', #7779, 1000.000000000000000 ) ;
#6677 = VECTOR ( 'NONE', #301, 1000.000000000000000 ) ;
#6678 =( NAMED_UNIT ( * ) PLANE_ANGLE_UNIT ( ) SI_UNIT ( $, .RADIAN. ) );
#6679 = VECTOR ( 'NONE', #2583, 1000.000000000000000 ) ;
#6680 = PRESENTATION_LAYER_ASSIGNMENT (  '', '', ( #2643 ) ) ;
#6681 = SURFACE_STYLE_FILL_AREA ( #5449 ) ;
#6682 =( NAMED_UNIT ( * ) SI_UNIT ( $, .STERADIAN. ) SOLID_ANGLE_UNIT ( ) );
#6683 = SURFACE_STYLE_FILL_AREA ( #3689 ) ;
#6684 = VECTOR ( 'NONE', #7850, 1000.000000000000000 ) ;
#6685 = FACE_OUTER_BOUND ( 'NONE', #4987, .T. ) ;
#6686 = EDGE_CURVE ( 'NONE', #5422, #682, #5991, .T. ) ;
#6687 = EDGE_CURVE ( 'NONE', #3439, #8103, #378, .T. ) ;
#6688 = ORIENTED_EDGE ( 'NONE', *, *, #10497, .F. ) ;
#6689 = VERTEX_POINT ( 'NONE', #4368 ) ;
#6690 = ORIENTED_EDGE ( 'NONE', *, *, #8910, .F. ) ;
#6691 = PLANE ( 'NONE',  #10854 ) ;
#6692 = CARTESIAN_POINT ( 'NONE',  ( -62.56568542494920848, -2.449999999999995737, 2.500000000000141664 ) ) ;
#6693 = EDGE_CURVE ( 'NONE', #4153, #11623, #4303, .T. ) ;
#6694 = ORIENTED_EDGE ( 'NONE', *, *, #11478, .F. ) ;
#6695 = FILL_AREA_STYLE ('',( #6877 ) ) ;
#6696 =( LENGTH_UNIT ( ) NAMED_UNIT ( * ) SI_UNIT ( .MILLI., .METRE. ) );
#6697 = UNCERTAINTY_MEASURE_WITH_UNIT (LENGTH_MEASURE( 1.000000000000000082E-05 ), #10772, 'distance_accuracy_value', 'NONE');
#6698 = CARTESIAN_POINT ( 'NONE',  ( -65.92201378195157702, -5.807670578265017980, 2.300000000000018030 ) ) ;
#6699 = PRESENTATION_LAYER_ASSIGNMENT (  '', '', ( #3846 ) ) ;
#6700 = AXIS2_PLACEMENT_3D ( 'NONE', #10743, #6925, #6864 ) ;
#6701 = LINE ( 'NONE', #4854, #1257 ) ;
#6702 = ORIENTED_EDGE ( 'NONE', *, *, #11401, .F. ) ;
#6703 = ORIENTED_EDGE ( 'NONE', *, *, #12232, .T. ) ;
#6704 = PRODUCT_DEFINITION_CONTEXT ( 'detailed design', #1576, 'design' ) ;
#6705 = DIRECTION ( 'NONE',  ( -3.700000000000000011E-14, 0.000000000000000000, 1.000000000000000000 ) ) ;
#6706 = PRESENTATION_LAYER_ASSIGNMENT (  '', '', ( #11891 ) ) ;
#6707 = FILL_AREA_STYLE_COLOUR ( '', #1049 ) ;
#6708 = CARTESIAN_POINT ( 'NONE',  ( -70.08055555555554861, -3.950000000000002842, 2.999999999999864109 ) ) ;
#6709 = SURFACE_STYLE_USAGE ( .BOTH. , #2602 ) ;
#6710 = FILL_AREA_STYLE ('',( #1677 ) ) ;
#6711 = PLANE ( 'NONE',  #2951 ) ;
#6712 = SURFACE_STYLE_USAGE ( .BOTH. , #2866 ) ;
#6713 =( LENGTH_UNIT ( ) NAMED_UNIT ( * ) SI_UNIT ( .MILLI., .METRE. ) );
#6714 = DIRECTION ( 'NONE',  ( -3.700000000000000011E-14, 0.000000000000000000, 1.000000000000000000 ) ) ;
#6715 = SURFACE_STYLE_FILL_AREA ( #8666 ) ;
#6716 = ORIENTED_EDGE ( 'NONE', *, *, #372, .F. ) ;
#6717 = DIRECTION ( 'NONE',  ( 3.699999999999998749E-14, -9.860761315263910926E-32, -1.000000000000000000 ) ) ;
#6718 = CARTESIAN_POINT ( 'NONE',  ( -66.00555555555554577, -10.44999999999999929, 3.000000000000014655 ) ) ;
#6719 = COLOUR_RGB ( '',0.007843137254901960675, 0.007843137254901960675, 0.007843137254901960675 ) ;
#6720 = EDGE_LOOP ( 'NONE', ( #6020, #326, #7405, #3270 ) ) ;
#6721 = ORIENTED_EDGE ( 'NONE', *, *, #10017, .T. ) ;
#6722 = EDGE_LOOP ( 'NONE', ( #4121, #9494, #11410, #4313 ) ) ;
#6723 = LINE ( 'NONE', #6587, #49 ) ;
#6724 = CARTESIAN_POINT ( 'NONE',  ( -62.56568542494920848, -10.44999999999999574, 2.700000000000142286 ) ) ;
#6725 = CARTESIAN_POINT ( 'NONE',  ( -61.26715728752537871, -2.449999999999993960, 3.432842712474807989 ) ) ;
#6726 = SURFACE_SIDE_STYLE ('',( #6530 ) ) ;
#6727 = EDGE_CURVE ( 'NONE', #6270, #11852, #8186, .T. ) ;
#6728 =( NAMED_UNIT ( * ) PLANE_ANGLE_UNIT ( ) SI_UNIT ( $, .RADIAN. ) );
#6729 = FILL_AREA_STYLE_COLOUR ( '', #11071 ) ;
#6730 = CARTESIAN_POINT ( 'NONE',  ( -69.45000000000115392, -0.4500000000000025091, 4.249999999999887201 ) ) ;
#6731 = UNCERTAINTY_MEASURE_WITH_UNIT (LENGTH_MEASURE( 1.000000000000000082E-05 ), #8550, 'distance_accuracy_value', 'NONE');
#6732 = COLOUR_RGB ( '',0.007843137254901960675, 0.007843137254901960675, 0.007843137254901960675 ) ;
#6733 = FILL_AREA_STYLE ('',( #817 ) ) ;
#6734 = EDGE_LOOP ( 'NONE', ( #7018, #152, #4254, #6779 ) ) ;
#6735 = EDGE_CURVE ( 'NONE', #1854, #3920, #562, .T. ) ;
#6736 = ORIENTED_EDGE ( 'NONE', *, *, #11177, .T. ) ;
#6737 = ORIENTED_EDGE ( 'NONE', *, *, #411, .T. ) ;
#6738 = CARTESIAN_POINT ( 'NONE',  ( -65.83888888889002544, -0.4499999258007983949, 4.050000000000020250 ) ) ;
#6739 = CARTESIAN_POINT ( 'NONE',  ( -61.35000000000004405, -10.44999999999999396, 4.600000000000187050 ) ) ;
#6740 = CARTESIAN_POINT ( 'NONE',  ( -68.20277777777776862, -10.45000000000000107, 2.999999999999933387 ) ) ;
#6741 = CARTESIAN_POINT ( 'NONE',  ( -63.18888888888886157, -10.44999999999999574, 3.000000000000119016 ) ) ;
#6742 = ADVANCED_FACE ( 'NONE', ( #8247 ), #7348, .T. ) ;
#6743 = DIRECTION ( 'NONE',  ( -1.000000000000000078E-15, 1.000000000000000000, 0.000000000000000000 ) ) ;
#6744 = UNCERTAINTY_MEASURE_WITH_UNIT (LENGTH_MEASURE( 1.000000000000000082E-05 ), #1650, 'distance_accuracy_value', 'NONE');
#6745 = DIRECTION ( 'NONE',  ( -1.000000000000000000, -1.000000000000000078E-15, -3.700000000000000011E-14 ) ) ;
#6746 = SURFACE_SIDE_STYLE ('',( #11616 ) ) ;
#6747 = FILL_AREA_STYLE ('',( #5050 ) ) ;
#6748 = PRESENTATION_STYLE_ASSIGNMENT (( #9877 ) ) ;
#6749 = PLANE ( 'NONE',  #4146 ) ;
#6750 = VECTOR ( 'NONE', #12063, 1000.000000000000000 ) ;
#6751 = VERTEX_POINT ( 'NONE', #1994 ) ;
#6752 = ORIENTED_EDGE ( 'NONE', *, *, #11261, .F. ) ;
#6753 = EDGE_LOOP ( 'NONE', ( #3596, #1211, #2343, #2684 ) ) ;
#6754 = SURFACE_SIDE_STYLE ('',( #2903 ) ) ;
#6755 = CARTESIAN_POINT ( 'NONE',  ( -70.23431457505071762, -10.45000000000000284, 2.499999999999858336 ) ) ;
#6756 = ORIENTED_EDGE ( 'NONE', *, *, #5650, .F. ) ;
#6757 = DIRECTION ( 'NONE',  ( 3.700000000000000011E-14, -0.000000000000000000, -1.000000000000000000 ) ) ;
#6758 = ADVANCED_FACE ( 'NONE', ( #4746 ), #11293, .T. ) ;
#6759 = PLANE ( 'NONE',  #2349 ) ;
#6760 =( GEOMETRIC_REPRESENTATION_CONTEXT ( 3 ) GLOBAL_UNCERTAINTY_ASSIGNED_CONTEXT ( ( #11288 ) ) GLOBAL_UNIT_ASSIGNED_CONTEXT ( ( #1005, #4813, #4741 ) ) REPRESENTATION_CONTEXT ( 'NONE', 'WORKASPACE' ) );
#6761 = CARTESIAN_POINT ( 'NONE',  ( -69.45000000000115392, 4.050000074505796910, 4.049999999999887024 ) ) ;
#6762 = CARTESIAN_POINT ( 'NONE',  ( -69.25416666666666288, -3.950000000000001954, 2.999999999999894751 ) ) ;
#6763 = VECTOR ( 'NONE', #11956, 1000.000000000000000 ) ;
#6764 = MECHANICAL_DESIGN_GEOMETRIC_PRESENTATION_REPRESENTATION (  '', ( #10755 ), #7963 ) ;
#6765 = EDGE_CURVE ( 'NONE', #9229, #5007, #4547, .T. ) ;
#6766 = SURFACE_STYLE_FILL_AREA ( #11397 ) ;
#6767 = ORIENTED_EDGE ( 'NONE', *, *, #11177, .F. ) ;
#6768 = ORIENTED_EDGE ( 'NONE', *, *, #9212, .T. ) ;
#6769 = CYLINDRICAL_SURFACE ( 'NONE', #9131, 0.1000000000000028644 ) ;
#6770 = PRESENTATION_LAYER_ASSIGNMENT (  '', '', ( #524 ) ) ;
#6771 = CARTESIAN_POINT ( 'NONE',  ( -62.56568542494920848, -2.449999999999995737, 2.700000000000142286 ) ) ;
#6772 = LINE ( 'NONE', #274, #992 ) ;
#6773 = LINE ( 'NONE', #275, #9249 ) ;
#6774 =( NAMED_UNIT ( * ) PLANE_ANGLE_UNIT ( ) SI_UNIT ( $, .RADIAN. ) );
#6775 = LINE ( 'NONE', #10594, #9231 ) ;
#6776 =( LENGTH_UNIT ( ) NAMED_UNIT ( * ) SI_UNIT ( .MILLI., .METRE. ) );
#6777 = PLANE ( 'NONE',  #8536 ) ;
#6778 = DIRECTION ( 'NONE',  ( -1.000000000000000000, -1.000000000000000078E-15, -3.700000000000000011E-14 ) ) ;
#6779 = ORIENTED_EDGE ( 'NONE', *, *, #10303, .T. ) ;
#6780 = CARTESIAN_POINT ( 'NONE',  ( -71.24999999999997158, -2.450000000000004174, 2.299999999999820410 ) ) ;
#6781 = PRESENTATION_STYLE_ASSIGNMENT (( #2930 ) ) ;
#6782 = ORIENTED_EDGE ( 'NONE', *, *, #5495, .F. ) ;
#6783 = ORIENTED_EDGE ( 'NONE', *, *, #9982, .F. ) ;
#6784 = EDGE_LOOP ( 'NONE', ( #1995, #7242, #940, #5704 ) ) ;
#6785 = ADVANCED_FACE ( 'NONE', ( #5555 ), #885, .F. ) ;
#6786 = FILL_AREA_STYLE_COLOUR ( '', #11650 ) ;
#6787 = CARTESIAN_POINT ( 'NONE',  ( -71.65000000000003411, 1.549999999999995826, 4.249999999999819700 ) ) ;
#6788 = DIRECTION ( 'NONE',  ( -8.458023576909501199E-16, 1.000000000000000000, 5.705312765434850028E-30 ) ) ;
#6789 =( NAMED_UNIT ( * ) PLANE_ANGLE_UNIT ( ) SI_UNIT ( $, .RADIAN. ) );
#6790 = FILL_AREA_STYLE_COLOUR ( '', #9447 ) ;
#6791 = ORIENTED_EDGE ( 'NONE', *, *, #6258, .F. ) ;
#6792 =( NAMED_UNIT ( * ) SI_UNIT ( $, .STERADIAN. ) SOLID_ANGLE_UNIT ( ) );
#6793 = CIRCLE ( 'NONE', #4134, 0.1000000000000028644 ) ;
#6794 = EDGE_CURVE ( 'NONE', #5894, #3745, #4106, .T. ) ;
#6795 = EDGE_LOOP ( 'NONE', ( #2269, #376, #2187, #112 ) ) ;
#6796 = ORIENTED_EDGE ( 'NONE', *, *, #72, .T. ) ;
#6797 =( NAMED_UNIT ( * ) PLANE_ANGLE_UNIT ( ) SI_UNIT ( $, .RADIAN. ) );
#6798 = EDGE_CURVE ( 'NONE', #8720, #1670, #3979, .T. ) ;
#6799 = VECTOR ( 'NONE', #3446, 1000.000000000000000 ) ;
#6800 = VECTOR ( 'NONE', #4634, 1000.000000000000000 ) ;
#6801 = STYLED_ITEM ( 'NONE', ( #9860 ), #3132 ) ;
#6802 = DIRECTION ( 'NONE',  ( 3.700000000000000011E-14, -0.000000000000000000, -1.000000000000000000 ) ) ;
#6803 = FILL_AREA_STYLE_COLOUR ( '', #1646 ) ;
#6804 = CARTESIAN_POINT ( 'NONE',  ( -62.55000000000004690, -8.299999999999995381, 4.800000000000142819 ) ) ;
#6805 = PRESENTATION_LAYER_ASSIGNMENT (  '', '', ( #12198 ) ) ;
#6806 = ADVANCED_FACE ( 'NONE', ( #7916 ), #7031, .F. ) ;
#6807 = ORIENTED_EDGE ( 'NONE', *, *, #2910, .F. ) ;
#6808 = ORIENTED_EDGE ( 'NONE', *, *, #6526, .F. ) ;
#6809 = PRESENTATION_LAYER_ASSIGNMENT (  '', '', ( #4964 ) ) ;
#6810 = EDGE_LOOP ( 'NONE', ( #3584, #11174, #11259, #10869 ) ) ;
#6811 =( LENGTH_UNIT ( ) NAMED_UNIT ( * ) SI_UNIT ( .MILLI., .METRE. ) );
#6812 = SURFACE_STYLE_USAGE ( .BOTH. , #8522 ) ;
#6813 = ORIENTED_EDGE ( 'NONE', *, *, #6735, .F. ) ;
#6814 = DIRECTION ( 'NONE',  ( -3.700000000000000011E-14, 0.000000000000000000, 1.000000000000000000 ) ) ;
#6815 = SURFACE_STYLE_USAGE ( .BOTH. , #4842 ) ;
#6816 = VECTOR ( 'NONE', #6999, 1000.000000000000000 ) ;
#6817 =( GEOMETRIC_REPRESENTATION_CONTEXT ( 3 ) GLOBAL_UNCERTAINTY_ASSIGNED_CONTEXT ( ( #3807 ) ) GLOBAL_UNIT_ASSIGNED_CONTEXT ( ( #8461, #2592, #6430 ) ) REPRESENTATION_CONTEXT ( 'NONE', 'WORKASPACE' ) );
#6818 = PRESENTATION_STYLE_ASSIGNMENT (( #84 ) ) ;
#6819 = CARTESIAN_POINT ( 'NONE',  ( -67.73333333333332007, -10.45000000000000107, 3.299999999999950973 ) ) ;
#6820 = ADVANCED_FACE ( 'NONE', ( #2108 ), #5943, .T. ) ;
#6821 = LINE ( 'NONE', #11752, #6469 ) ;
#6822 = ORIENTED_EDGE ( 'NONE', *, *, #8363, .F. ) ;
#6823 = VERTEX_POINT ( 'NONE', #5888 ) ;
#6824 = CARTESIAN_POINT ( 'NONE',  ( -66.00555555555555998, -3.949999999999999734, 3.225000000000014744 ) ) ;
#6825 = VECTOR ( 'NONE', #1254, 1000.000000000000000 ) ;
#6826 = AXIS2_PLACEMENT_3D ( 'NONE', #8182, #558, #8244 ) ;
#6827 = CARTESIAN_POINT ( 'NONE',  ( -64.59444444444557121, -0.4499998509883973430, 3.800000000000067324 ) ) ;
#6828 = DIRECTION ( 'NONE',  ( -1.000000000000000078E-15, 1.000000000000000000, 0.000000000000000000 ) ) ;
#6829 = PRESENTATION_STYLE_ASSIGNMENT (( #9845 ) ) ;
#6830 = EDGE_CURVE ( 'NONE', #8455, #5003, #9859, .T. ) ;
#6831 =( LENGTH_UNIT ( ) NAMED_UNIT ( * ) SI_UNIT ( .MILLI., .METRE. ) );
#6832 = FACE_BOUND ( 'NONE', #3799, .T. ) ;
#6833 = CARTESIAN_POINT ( 'NONE',  ( -67.80000000000005400, -8.099999999999999645, 4.799999999999948308 ) ) ;
#6834 = CARTESIAN_POINT ( 'NONE',  ( -61.35000000000004405, -10.44999999999999396, 4.600000000000187050 ) ) ;
#6835 = FACE_OUTER_BOUND ( 'NONE', #3494, .T. ) ;
#6836 = COLOUR_RGB ( '',0.007843137254901960675, 0.007843137254901960675, 0.007843137254901960675 ) ;
#6837 = ORIENTED_EDGE ( 'NONE', *, *, #8445, .F. ) ;
#6838 = CARTESIAN_POINT ( 'NONE',  ( -71.24999999999998579, -2.450000000000004174, 2.699999999999832756 ) ) ;
#6839 = EDGE_CURVE ( 'NONE', #4823, #8439, #7100, .T. ) ;
#6840 = EDGE_LOOP ( 'NONE', ( #6523, #4833, #8016, #10960 ) ) ;
#6841 = ORIENTED_EDGE ( 'NONE', *, *, #834, .F. ) ;
#6842 = EDGE_CURVE ( 'NONE', #7964, #9557, #5829, .T. ) ;
#6843 = FILL_AREA_STYLE ('',( #8855 ) ) ;
#6844 = CARTESIAN_POINT ( 'NONE',  ( -66.39999999999997726, -2.153988700957759406, 2.299999999999999822 ) ) ;
#6845 = EDGE_CURVE ( 'NONE', #5276, #4918, #11432, .T. ) ;
#6846 = LINE ( 'NONE', #9920, #11748 ) ;
#6847 = SHAPE_DEFINITION_REPRESENTATION ( #11822, #2467 ) ;
#6848 = CYLINDRICAL_SURFACE ( 'NONE', #4728, 0.2000000000000005107 ) ;
#6849 = CARTESIAN_POINT ( 'NONE',  ( -61.90000000000003411, -0.4499998509883939013, 4.050000000000165912 ) ) ;
#6850 = CARTESIAN_POINT ( 'NONE',  ( -62.55000000000004690, -9.699999999999995737, 4.800000000000142819 ) ) ;
#6851 = UNCERTAINTY_MEASURE_WITH_UNIT (LENGTH_MEASURE( 1.000000000000000082E-05 ), #473, 'distance_accuracy_value', 'NONE');
#6852 = SURFACE_SIDE_STYLE ('',( #11666 ) ) ;
#6853 = VERTEX_POINT ( 'NONE', #11152 ) ;
#6854 = DIRECTION ( 'NONE',  ( -1.000000000000000000, -1.000000000000000078E-15, -3.825546163768862720E-14 ) ) ;
#6855 = PRESENTATION_LAYER_ASSIGNMENT (  '', '', ( #1820 ) ) ;
#6856 = MECHANICAL_DESIGN_GEOMETRIC_PRESENTATION_REPRESENTATION (  '', ( #8972 ), #4199 ) ;
#6857 = MECHANICAL_DESIGN_GEOMETRIC_PRESENTATION_REPRESENTATION (  '', ( #12044 ), #5411 ) ;
#6858 = PRESENTATION_LAYER_ASSIGNMENT (  '', '', ( #8868 ) ) ;
#6859 = ORIENTED_EDGE ( 'NONE', *, *, #7494, .T. ) ;
#6860 = ORIENTED_EDGE ( 'NONE', *, *, #7124, .T. ) ;
#6861 =( GEOMETRIC_REPRESENTATION_CONTEXT ( 3 ) GLOBAL_UNCERTAINTY_ASSIGNED_CONTEXT ( ( #11774 ) ) GLOBAL_UNIT_ASSIGNED_CONTEXT ( ( #11285, #4605, #5754 ) ) REPRESENTATION_CONTEXT ( 'NONE', 'WORKASPACE' ) );
#6862 =( NAMED_UNIT ( * ) PLANE_ANGLE_UNIT ( ) SI_UNIT ( $, .RADIAN. ) );
#6863 = AXIS2_PLACEMENT_3D ( 'NONE', #11762, #2988, #10829 ) ;
#6864 = DIRECTION ( 'NONE',  ( -1.000000000000000000, -9.999999999999923863E-16, -3.700000000000000011E-14 ) ) ;
#6865 = VECTOR ( 'NONE', #2102, 1000.000000000000000 ) ;
#6866 = UNCERTAINTY_MEASURE_WITH_UNIT (LENGTH_MEASURE( 1.000000000000000082E-05 ), #6696, 'distance_accuracy_value', 'NONE');
#6867 =( NAMED_UNIT ( * ) PLANE_ANGLE_UNIT ( ) SI_UNIT ( $, .RADIAN. ) );
#6868 = AXIS2_PLACEMENT_3D ( 'NONE', #4722, #11531, #7584 ) ;
#6869 = DIRECTION ( 'NONE',  ( -1.000000000000000078E-15, 1.000000000000000000, 0.000000000000000000 ) ) ;
#6870 = DIRECTION ( 'NONE',  ( -3.700000000000000011E-14, 0.000000000000000000, 1.000000000000000000 ) ) ;
#6871 = ORIENTED_EDGE ( 'NONE', *, *, #4780, .F. ) ;
#6872 = ORIENTED_EDGE ( 'NONE', *, *, #526, .T. ) ;
#6873 = EDGE_LOOP ( 'NONE', ( #12155, #12426, #11157, #7998, #1742, #5992, #5004, #11102, #8015, #8323, #3265, #8407, #1051, #5766, #10535, #3980, #3380, #4467, #4281, #11741, #5694, #3244, #10788, #1898, #6903, #2933, #6538, #2747, #2199, #11315, #4131, #7373, #11298, #939, #5846, #9985, #11369, #11540, #8778, #7924, #5513, #8174, #7650, #2654, #6736, #4093, #145, #5218, #1352, #10791, #7218, #1694, #11142, #7313, #7698, #2473, #11765, #11112, #11499, #58, #10566, #10735, #9728, #7013, #1053, #10007, #10892, #2685, #8537, #11880, #5056, #2283, #5881, #10423, #4231, #8638, #11684, #7595, #4295, #11481 ) ) ;
#6874 =( GEOMETRIC_REPRESENTATION_CONTEXT ( 3 ) GLOBAL_UNCERTAINTY_ASSIGNED_CONTEXT ( ( #1660 ) ) GLOBAL_UNIT_ASSIGNED_CONTEXT ( ( #508, #3497, #632 ) ) REPRESENTATION_CONTEXT ( 'NONE', 'WORKASPACE' ) );
#6875 = DIRECTION ( 'NONE',  ( 3.700000000000000011E-14, -9.860761315262649757E-32, -1.000000000000000000 ) ) ;
#6876 = ORIENTED_EDGE ( 'NONE', *, *, #9307, .T. ) ;
#6877 = FILL_AREA_STYLE_COLOUR ( '', #592 ) ;
#6878 = SURFACE_SIDE_STYLE ('',( #3892 ) ) ;
#6879 = COLOUR_RGB ( '',0.9529411764705881804, 0.7960784313725489669, 0.4862745098039215619 ) ;
#6880 = DIRECTION ( 'NONE',  ( 3.700000000000000011E-14, -6.360191048344410484E-30, -1.000000000000000000 ) ) ;
#6881 = EDGE_CURVE ( 'NONE', #5469, #9900, #10111, .T. ) ;
#6882 = PRESENTATION_STYLE_ASSIGNMENT (( #2081 ) ) ;
#6883 = ADVANCED_FACE ( 'NONE', ( #12095 ), #12153, .F. ) ;
#6884 = VERTEX_POINT ( 'NONE', #3414 ) ;
#6885 = STYLED_ITEM ( 'NONE', ( #4864 ), #4738 ) ;
#6886 = LINE ( 'NONE', #322, #8231 ) ;
#6887 = PRESENTATION_LAYER_ASSIGNMENT (  '', '', ( #868 ) ) ;
#6888 =( GEOMETRIC_REPRESENTATION_CONTEXT ( 3 ) GLOBAL_UNCERTAINTY_ASSIGNED_CONTEXT ( ( #10051 ) ) GLOBAL_UNIT_ASSIGNED_CONTEXT ( ( #6249, #2, #9347 ) ) REPRESENTATION_CONTEXT ( 'NONE', 'WORKASPACE' ) );
#6889 = CARTESIAN_POINT ( 'NONE',  ( -62.55000000000004690, -9.699999999999995737, 4.800000000000142819 ) ) ;
#6890 = ORIENTED_EDGE ( 'NONE', *, *, #1119, .T. ) ;
#6891 = ORIENTED_EDGE ( 'NONE', *, *, #5784, .F. ) ;
#6892 = DIRECTION ( 'NONE',  ( -1.000000000000000078E-15, 1.000000000000000000, 0.000000000000000000 ) ) ;
#6893 = DIRECTION ( 'NONE',  ( -1.000000000000000078E-15, 1.000000000000000000, 0.000000000000000000 ) ) ;
#6894 = AXIS2_PLACEMENT_3D ( 'NONE', #181, #11683, #7804 ) ;
#6895 = AXIS2_PLACEMENT_3D ( 'NONE', #7555, #3752, #3626 ) ;
#6896 =( NAMED_UNIT ( * ) SI_UNIT ( $, .STERADIAN. ) SOLID_ANGLE_UNIT ( ) );
#6897 = CARTESIAN_POINT ( 'NONE',  ( -64.59444444444558542, 4.050000074505802239, 4.050000000000067324 ) ) ;
#6898 = EDGE_CURVE ( 'NONE', #12085, #11573, #5170, .T. ) ;
#6899 = VERTEX_POINT ( 'NONE', #5231 ) ;
#6900 = DIRECTION ( 'NONE',  ( -1.000000000000000000, -1.000000000000000078E-15, -3.700000000000000011E-14 ) ) ;
#6901 = CARTESIAN_POINT ( 'NONE',  ( -67.48333333333447115, 1.099999999999998535, 4.249999999999960032 ) ) ;
#6902 = ADVANCED_FACE ( 'NONE', ( #9048 ), #7214, .F. ) ;
#6903 = ORIENTED_EDGE ( 'NONE', *, *, #10799, .T. ) ;
#6904 = VECTOR ( 'NONE', #11974, 1000.000000000000000 ) ;
#6905 = ORIENTED_EDGE ( 'NONE', *, *, #1417, .T. ) ;
#6906 = CARTESIAN_POINT ( 'NONE',  ( -67.26388888888888573, -10.44999999999999929, 3.299999999999968292 ) ) ;
#6907 =( NAMED_UNIT ( * ) PLANE_ANGLE_UNIT ( ) SI_UNIT ( $, .RADIAN. ) );
#6908 = UNCERTAINTY_MEASURE_WITH_UNIT (LENGTH_MEASURE( 1.000000000000000082E-05 ), #11637, 'distance_accuracy_value', 'NONE');
#6909 = EDGE_CURVE ( 'NONE', #8519, #9679, #4350, .T. ) ;
#6910 = LINE ( 'NONE', #10728, #4315 ) ;
#6911 =( NAMED_UNIT ( * ) PLANE_ANGLE_UNIT ( ) SI_UNIT ( $, .RADIAN. ) );
#6912 = ADVANCED_FACE ( 'NONE', ( #3478 ), #7281, .T. ) ;
#6913 = LINE ( 'NONE', #10484, #1690 ) ;
#6914 = VECTOR ( 'NONE', #4162, 1000.000000000000000 ) ;
#6915 = ORIENTED_EDGE ( 'NONE', *, *, #10571, .T. ) ;
#6916 = FACE_OUTER_BOUND ( 'NONE', #10289, .T. ) ;
#6917 = VECTOR ( 'NONE', #9781, 1000.000000000000000 ) ;
#6918 = ORIENTED_EDGE ( 'NONE', *, *, #1041, .T. ) ;
#6919 = ORIENTED_EDGE ( 'NONE', *, *, #6283, .F. ) ;
#6920 = SURFACE_STYLE_FILL_AREA ( #6143 ) ;
#6921 = FILL_AREA_STYLE ('',( #5114 ) ) ;
#6922 = SURFACE_SIDE_STYLE ('',( #4934 ) ) ;
#6923 = PRESENTATION_STYLE_ASSIGNMENT (( #10794 ) ) ;
#6924 = STYLED_ITEM ( 'NONE', ( #11042 ), #1120 ) ;
#6925 = DIRECTION ( 'NONE',  ( 9.999999999999923863E-16, -1.000000000000000000, 6.360191048344121816E-30 ) ) ;
#6926 = PRESENTATION_STYLE_ASSIGNMENT (( #10798 ) ) ;
#6927 =( NAMED_UNIT ( * ) PLANE_ANGLE_UNIT ( ) SI_UNIT ( $, .RADIAN. ) );
#6928 = DIRECTION ( 'NONE',  ( 0.000000000000000000, 1.000000000000000000, 0.000000000000000000 ) ) ;
#6929 = CARTESIAN_POINT ( 'NONE',  ( -67.41388888888889142, -10.45000000000000107, 3.299999999999962519 ) ) ;
#6930 = ORIENTED_EDGE ( 'NONE', *, *, #2398, .T. ) ;
#6931 = ORIENTED_EDGE ( 'NONE', *, *, #2745, .T. ) ;
#6932 = VERTEX_POINT ( 'NONE', #9425 ) ;
#6933 = CARTESIAN_POINT ( 'NONE',  ( -69.76111111111109153, -10.45000000000000284, 2.999999999999876099 ) ) ;
#6934 = PRESENTATION_STYLE_ASSIGNMENT (( #2319 ) ) ;
#6935 = ORIENTED_EDGE ( 'NONE', *, *, #6353, .T. ) ;
#6936 = CARTESIAN_POINT ( 'NONE',  ( -61.14999999999997726, -2.449999999999993960, 2.700000000000194245 ) ) ;
#6937 = DIRECTION ( 'NONE',  ( -0.9915896977177659499, 0.1294212941520427596, -3.336006684570782825E-14 ) ) ;
#6938 = ORIENTED_EDGE ( 'NONE', *, *, #1884, .F. ) ;
#6939 = ORIENTED_EDGE ( 'NONE', *, *, #11966, .T. ) ;
#6940 = ORIENTED_EDGE ( 'NONE', *, *, #5561, .T. ) ;
#6941 = UNCERTAINTY_MEASURE_WITH_UNIT (LENGTH_MEASURE( 1.000000000000000082E-05 ), #10349, 'distance_accuracy_value', 'NONE');
#6942 = EDGE_CURVE ( 'NONE', #4372, #1964, #2000, .T. ) ;
#6943 = COLOUR_RGB ( '',0.9529411764705881804, 0.7960784313725489669, 0.4862745098039215619 ) ;
#6944 = FACE_OUTER_BOUND ( 'NONE', #10224, .T. ) ;
#6945 = PLANE ( 'NONE',  #10805 ) ;
#6946 =( LENGTH_UNIT ( ) NAMED_UNIT ( * ) SI_UNIT ( .MILLI., .METRE. ) );
#6947 = ADVANCED_FACE ( 'NONE', ( #6644 ), #10534, .T. ) ;
#6948 = DIRECTION ( 'NONE',  ( -3.700000000000000011E-14, 0.000000000000000000, 1.000000000000000000 ) ) ;
#6949 = PLANE ( 'NONE',  #6863 ) ;
#6950 = SURFACE_STYLE_USAGE ( .BOTH. , #2215 ) ;
#6951 = LINE ( 'NONE', #3050, #2006 ) ;
#6952 = CARTESIAN_POINT ( 'NONE',  ( -70.37573593128804816, -10.45000000000000284, 2.558578643762543958 ) ) ;
#6953 = PLANE ( 'NONE',  #5508 ) ;
#6954 = EDGE_CURVE ( 'NONE', #1670, #11954, #4387, .T. ) ;
#6955 = STYLED_ITEM ( 'NONE', ( #2864 ), #1904 ) ;
#6956 = VERTEX_POINT ( 'NONE', #1918 ) ;
#6957 = ORIENTED_EDGE ( 'NONE', *, *, #3691, .T. ) ;
#6958 = CARTESIAN_POINT ( 'NONE',  ( -62.42426406871189215, -10.44999999999999574, 2.558578643762837945 ) ) ;
#6959 =( NAMED_UNIT ( * ) PLANE_ANGLE_UNIT ( ) SI_UNIT ( $, .RADIAN. ) );
#6960 = CARTESIAN_POINT ( 'NONE',  ( -65.90201378195156678, -8.174896124021048038, 2.300000000000018474 ) ) ;
#6961 =( GEOMETRIC_REPRESENTATION_CONTEXT ( 3 ) GLOBAL_UNCERTAINTY_ASSIGNED_CONTEXT ( ( #5169 ) ) GLOBAL_UNIT_ASSIGNED_CONTEXT ( ( #107, #2055, #5886 ) ) REPRESENTATION_CONTEXT ( 'NONE', 'WORKASPACE' ) );
#6962 = DIRECTION ( 'NONE',  ( -1.000000000000000078E-15, 1.000000000000000000, 0.000000000000000000 ) ) ;
#6963 = DIRECTION ( 'NONE',  ( -1.000000000000000000, 0.000000000000000000, -2.385244779468041282E-14 ) ) ;
#6964 = PRESENTATION_LAYER_ASSIGNMENT (  '', '', ( #3522 ) ) ;
#6965 = SURFACE_STYLE_USAGE ( .BOTH. , #8928 ) ;
#6966 = FILL_AREA_STYLE_COLOUR ( '', #2206 ) ;
#6967 = DIRECTION ( 'NONE',  ( -1.000000000000000000, -9.999999999999923863E-16, -3.700000000000000011E-14 ) ) ;
#6968 = SURFACE_STYLE_FILL_AREA ( #6747 ) ;
#6969 = ORIENTED_EDGE ( 'NONE', *, *, #3332, .T. ) ;
#6970 =( NAMED_UNIT ( * ) SI_UNIT ( $, .STERADIAN. ) SOLID_ANGLE_UNIT ( ) );
#6971 = EDGE_CURVE ( 'NONE', #8803, #7892, #11343, .T. ) ;
#6972 = COLOUR_RGB ( '',0.9529411764705881804, 0.7960784313725489669, 0.4862745098039215619 ) ;
#6973 = ORIENTED_EDGE ( 'NONE', *, *, #4483, .T. ) ;
#6974 = VERTEX_POINT ( 'NONE', #7530 ) ;
#6975 = DIRECTION ( 'NONE',  ( 3.448907672462272700E-14, -2.510923275377270607E-30, -1.000000000000000000 ) ) ;
#6976 = ADVANCED_FACE ( 'NONE', ( #9620 ), #2739, .T. ) ;
#6977 = PRESENTATION_STYLE_ASSIGNMENT (( #10859 ) ) ;
#6978 = DIRECTION ( 'NONE',  ( 0.7071067811865742181, 7.071067811865479277E-16, -0.7071067811865207053 ) ) ;
#6979 = CARTESIAN_POINT ( 'NONE',  ( -63.03888888888886299, -10.44999999999999574, 3.000000000000124345 ) ) ;
#6980 = UNCERTAINTY_MEASURE_WITH_UNIT (LENGTH_MEASURE( 1.000000000000000082E-05 ), #5037, 'distance_accuracy_value', 'NONE');
#6981 = CARTESIAN_POINT ( 'NONE',  ( -66.47499999999999432, -10.44999999999999929, 3.299999999999997158 ) ) ;
#6982 = STYLED_ITEM ( 'NONE', ( #11318 ), #9073 ) ;
#6983 = FACE_OUTER_BOUND ( 'NONE', #7820, .T. ) ;
#6984 = ADVANCED_FACE ( 'NONE', ( #1308 ), #1062, .T. ) ;
#6985 = DIRECTION ( 'NONE',  ( -3.700000000000000011E-14, 0.000000000000000000, 1.000000000000000000 ) ) ;
#6986 = VERTEX_POINT ( 'NONE', #2990 ) ;
#6987 = ORIENTED_EDGE ( 'NONE', *, *, #2553, .F. ) ;
#6988 = ORIENTED_EDGE ( 'NONE', *, *, #8261, .T. ) ;
#6989 = VECTOR ( 'NONE', #9519, 1000.000000000000000 ) ;
#6990 = PRESENTATION_STYLE_ASSIGNMENT (( #11868 ) ) ;
#6991 = EDGE_CURVE ( 'NONE', #8735, #6651, #6951, .T. ) ;
#6992 = PRESENTATION_LAYER_ASSIGNMENT (  '', '', ( #12389 ) ) ;
#6993 = ORIENTED_EDGE ( 'NONE', *, *, #6648, .T. ) ;
#6994 = DIRECTION ( 'NONE',  ( -1.000000000000000000, -1.000000000000000078E-15, -3.700000000000000011E-14 ) ) ;
#6995 = DIRECTION ( 'NONE',  ( -1.000000000000000078E-15, 1.000000000000000000, 0.000000000000000000 ) ) ;
#6996 = ORIENTED_EDGE ( 'NONE', *, *, #7413, .F. ) ;
#6997 = LINE ( 'NONE', #3093, #7658 ) ;
#6998 = MECHANICAL_DESIGN_GEOMETRIC_PRESENTATION_REPRESENTATION (  '', ( #8815 ), #4154 ) ;
#6999 = DIRECTION ( 'NONE',  ( -1.000000000000000000, -1.000000000000000078E-15, -3.695877884809559986E-14 ) ) ;
#7000 =( GEOMETRIC_REPRESENTATION_CONTEXT ( 3 ) GLOBAL_UNCERTAINTY_ASSIGNED_CONTEXT ( ( #9841 ) ) GLOBAL_UNIT_ASSIGNED_CONTEXT ( ( #5600, #11206, #2804 ) ) REPRESENTATION_CONTEXT ( 'NONE', 'WORKASPACE' ) );
#7001 = FACE_OUTER_BOUND ( 'NONE', #6795, .T. ) ;
#7002 = ORIENTED_EDGE ( 'NONE', *, *, #6909, .T. ) ;
#7003 = ORIENTED_EDGE ( 'NONE', *, *, #9212, .F. ) ;
#7004 = CARTESIAN_POINT ( 'NONE',  ( -64.56568542494919427, -8.049999999999998934, 2.500000000000067946 ) ) ;
#7005 = DIRECTION ( 'NONE',  ( -8.346526565410730873E-16, 1.000000000000000000, 6.117851707980298584E-30 ) ) ;
#7006 = CARTESIAN_POINT ( 'NONE',  ( -66.84270045686480444, -8.240424250241819237, 2.309999999999984066 ) ) ;
#7007 = VECTOR ( 'NONE', #12205, 1000.000000000000000 ) ;
#7008 =( NAMED_UNIT ( * ) SI_UNIT ( $, .STERADIAN. ) SOLID_ANGLE_UNIT ( ) );
#7009 = AXIS2_PLACEMENT_3D ( 'NONE', #520, #2394, #589 ) ;
#7010 = SURFACE_SIDE_STYLE ('',( #2093 ) ) ;
#7011 = LINE ( 'NONE', #3905, #1442 ) ;
#7012 =( NAMED_UNIT ( * ) PLANE_ANGLE_UNIT ( ) SI_UNIT ( $, .RADIAN. ) );
#7013 = ORIENTED_EDGE ( 'NONE', *, *, #7613, .T. ) ;
#7014 = FACE_OUTER_BOUND ( 'NONE', #11098, .T. ) ;
#7015 = VECTOR ( 'NONE', #2515, 1000.000000000000000 ) ;
#7016 = VECTOR ( 'NONE', #11251, 1000.000000000000000 ) ;
#7017 = VERTEX_POINT ( 'NONE', #4865 ) ;
#7018 = ORIENTED_EDGE ( 'NONE', *, *, #6898, .T. ) ;
#7019 =( NAMED_UNIT ( * ) PLANE_ANGLE_UNIT ( ) SI_UNIT ( $, .RADIAN. ) );
#7020 = AXIS2_PLACEMENT_3D ( 'NONE', #9914, #9846, #5988 ) ;
#7021 = CARTESIAN_POINT ( 'NONE',  ( -68.82222222222219443, -10.45000000000000107, 2.999999999999910738 ) ) ;
#7022 = LINE ( 'NONE', #11718, #4319 ) ;
#7023 = UNCERTAINTY_MEASURE_WITH_UNIT (LENGTH_MEASURE( 1.000000000000000082E-05 ), #10664, 'distance_accuracy_value', 'NONE');
#7024 = DIRECTION ( 'NONE',  ( -1.000000000000000078E-15, 1.000000000000000000, 0.000000000000000000 ) ) ;
#7025 = MECHANICAL_DESIGN_GEOMETRIC_PRESENTATION_REPRESENTATION (  '', ( #8643 ), #2596 ) ;
#7026 = COLOUR_RGB ( '',0.05882352941176470507, 0.3921568627450980338, 0.7019607843137254388 ) ;
#7027 = CARTESIAN_POINT ( 'NONE',  ( -62.55000000000004690, -9.499999999999994671, 4.800000000000142819 ) ) ;
#7028 = CARTESIAN_POINT ( 'NONE',  ( -62.56568542494920848, 1.550000000000004485, 2.500000000000141664 ) ) ;
#7029 = CIRCLE ( 'NONE', #11630, 2.529767123345839419 ) ;
#7030 = CARTESIAN_POINT ( 'NONE',  ( -66.32499999999998863, -3.949999999999999734, 3.075000000000003286 ) ) ;
#7031 = PLANE ( 'NONE',  #9842 ) ;
#7033 = ADVANCED_FACE ( 'NONE', ( #6835 ), #2150, .F. ) ;
#7032 =( LENGTH_UNIT ( ) NAMED_UNIT ( * ) SI_UNIT ( .MILLI., .METRE. ) );
#7034 = ORIENTED_EDGE ( 'NONE', *, *, #3239, .F. ) ;
#7035 =( NAMED_UNIT ( * ) PLANE_ANGLE_UNIT ( ) SI_UNIT ( $, .RADIAN. ) );
#7036 = EDGE_CURVE ( 'NONE', #12335, #6167, #3399, .T. ) ;
#7037 = ORIENTED_EDGE ( 'NONE', *, *, #10556, .F. ) ;
#7038 = EDGE_LOOP ( 'NONE', ( #9969, #3826, #7562, #9179 ) ) ;
#7039 = VECTOR ( 'NONE', #12006, 1000.000000000000000 ) ;
#7040 = DIRECTION ( 'NONE',  ( 1.000000000000000078E-15, -1.000000000000000000, 0.000000000000000000 ) ) ;
#7041 = VECTOR ( 'NONE', #10427, 1000.000000000000000 ) ;
#7042 = CARTESIAN_POINT ( 'NONE',  ( -63.65833333333331723, -10.44999999999999574, 3.000000000000101696 ) ) ;
#7043 = FILL_AREA_STYLE_COLOUR ( '', #1505 ) ;
#7044 = CARTESIAN_POINT ( 'NONE',  ( -62.56944444444441444, -10.44999999999999574, 3.000000000000141664 ) ) ;
#7045 = FACE_OUTER_BOUND ( 'NONE', #12296, .T. ) ;
#7046 = DIRECTION ( 'NONE',  ( -1.000000000000000078E-15, 1.000000000000000000, 0.000000000000000000 ) ) ;
#7047 = PRESENTATION_LAYER_ASSIGNMENT (  '', '', ( #10842 ) ) ;
#7048 = LINE ( 'NONE', #9003, #610 ) ;
#7049 = EDGE_CURVE ( 'NONE', #6651, #8491, #7081, .T. ) ;
#7050 = LINE ( 'NONE', #10062, #11790 ) ;
#7051 = AXIS2_PLACEMENT_3D ( 'NONE', #1716, #9339, #8267 ) ;
#7052 = VERTEX_POINT ( 'NONE', #10905 ) ;
#7053 = VERTEX_POINT ( 'NONE', #4397 ) ;
#7054 = COLOUR_RGB ( '',0.007843137254901960675, 0.007843137254901960675, 0.007843137254901960675 ) ;
#7055 = ORIENTED_EDGE ( 'NONE', *, *, #4569, .F. ) ;
#7056 = EDGE_CURVE ( 'NONE', #7630, #7052, #6639, .T. ) ;
#7057 = ORIENTED_EDGE ( 'NONE', *, *, #1668, .T. ) ;
#7058 = AXIS2_PLACEMENT_3D ( 'NONE', #6724, #11355, #9372 ) ;
#7059 = PRODUCT_DEFINITION_FORMATION_WITH_SPECIFIED_SOURCE ( 'ä»', '', #6537, .NOT_KNOWN. ) ;
#7060 = DIRECTION ( 'NONE',  ( -3.448907672462272700E-14, 2.510923275377270607E-30, 1.000000000000000000 ) ) ;
#7061 = EDGE_CURVE ( 'NONE', #6372, #10583, #6309, .T. ) ;
#7062 = EDGE_CURVE ( 'NONE', #877, #10581, #9098, .T. ) ;
#7063 = LINE ( 'NONE', #1412, #4135 ) ;
#7064 = ORIENTED_EDGE ( 'NONE', *, *, #5324, .F. ) ;
#7065 = CARTESIAN_POINT ( 'NONE',  ( -62.94999945250113882, -0.4499999258007949532, 4.050000000000127720 ) ) ;
#7066 = EDGE_CURVE ( 'NONE', #3571, #10808, #5196, .T. ) ;
#7067 = LINE ( 'NONE', #4321, #1206 ) ;
#7068 = AXIS2_PLACEMENT_3D ( 'NONE', #2891, #8568, #6540 ) ;
#7069 = VECTOR ( 'NONE', #10401, 1000.000000000000000 ) ;
#7070 = VERTEX_POINT ( 'NONE', #6115 ) ;
#7071 = COLOUR_RGB ( '',0.6274509803921568540, 0.6274509803921568540, 0.6274509803921568540 ) ;
#7072 = ORIENTED_EDGE ( 'NONE', *, *, #5569, .T. ) ;
#7073 = DIRECTION ( 'NONE',  ( -1.000000000000000078E-15, 1.000000000000000000, 0.000000000000000000 ) ) ;
#7074 = DIRECTION ( 'NONE',  ( 3.700000000000000011E-14, -0.000000000000000000, -1.000000000000000000 ) ) ;
#7075 = SURFACE_STYLE_USAGE ( .BOTH. , #8148 ) ;
#7076 = COLOUR_RGB ( '',0.007843137254901960675, 0.007843137254901960675, 0.007843137254901960675 ) ;
#7077 = LINE ( 'NONE', #11015, #4157 ) ;
#7078 = LINE ( 'NONE', #6833, #11845 ) ;
#7079 = VECTOR ( 'NONE', #6516, 1000.000000000000000 ) ;
#7080 = CIRCLE ( 'NONE', #7673, 0.1000000000000028644 ) ;
#7081 = LINE ( 'NONE', #5329, #7039 ) ;
#7082 =( GEOMETRIC_REPRESENTATION_CONTEXT ( 3 ) GLOBAL_UNCERTAINTY_ASSIGNED_CONTEXT ( ( #4485 ) ) GLOBAL_UNIT_ASSIGNED_CONTEXT ( ( #7567, #8525, #11385 ) ) REPRESENTATION_CONTEXT ( 'NONE', 'WORKASPACE' ) );
#7083 = ORIENTED_EDGE ( 'NONE', *, *, #10175, .T. ) ;
#7084 = LINE ( 'NONE', #1242, #8168 ) ;
#7085 = ORIENTED_EDGE ( 'NONE', *, *, #748, .T. ) ;
#7086 = VERTEX_POINT ( 'NONE', #9963 ) ;
#7087 = CARTESIAN_POINT ( 'NONE',  ( -69.61111111111110006, -10.45000000000000284, 2.999999999999881428 ) ) ;
#7088 = VECTOR ( 'NONE', #4762, 1000.000000000000000 ) ;
#7089 = CARTESIAN_POINT ( 'NONE',  ( -70.54999999999999716, -0.4500000000000025091, 3.299999999999846612 ) ) ;
#7090 = DIRECTION ( 'NONE',  ( -1.000000000000000000, -1.000000000000000078E-15, -3.700000000000000011E-14 ) ) ;
#7091 = LINE ( 'NONE', #413, #5605 ) ;
#7092 = CIRCLE ( 'NONE', #2650, 0.1999999999999981237 ) ;
#7093 = APPLICATION_PROTOCOL_DEFINITION ( 'draft international standard', 'automotive_design', 1998, #12074 ) ;
#7094 = DIRECTION ( 'NONE',  ( 1.000000000000000078E-15, -1.000000000000000000, 0.000000000000000000 ) ) ;
#7095 = CARTESIAN_POINT ( 'NONE',  ( -70.23431457505071762, -2.399999617645522942, 2.299999999999858602 ) ) ;
#7096 =( GEOMETRIC_REPRESENTATION_CONTEXT ( 3 ) GLOBAL_UNCERTAINTY_ASSIGNED_CONTEXT ( ( #118 ) ) GLOBAL_UNIT_ASSIGNED_CONTEXT ( ( #11640, #4386, #8392 ) ) REPRESENTATION_CONTEXT ( 'NONE', 'WORKASPACE' ) );
#7097 = DIRECTION ( 'NONE',  ( -1.000000000000000000, -1.000000000000000078E-15, -3.700000000000000011E-14 ) ) ;
#7098 = EDGE_CURVE ( 'NONE', #9562, #1462, #3590, .T. ) ;
#7099 = UNCERTAINTY_MEASURE_WITH_UNIT (LENGTH_MEASURE( 1.000000000000000082E-05 ), #1880, 'distance_accuracy_value', 'NONE');
#7100 = LINE ( 'NONE', #4926, #6825 ) ;
#7101 = EDGE_LOOP ( 'NONE', ( #8773, #12225, #6632, #4687 ) ) ;
#7102 = PRESENTATION_LAYER_ASSIGNMENT (  '', '', ( #9724 ) ) ;
#7103 = PRESENTATION_STYLE_ASSIGNMENT (( #11847 ) ) ;
#7104 = AXIS2_PLACEMENT_3D ( 'NONE', #7802, #6802, #7864 ) ;
#7105 = EDGE_LOOP ( 'NONE', ( #4637, #2696, #3421, #10804 ) ) ;
#7106 = ORIENTED_EDGE ( 'NONE', *, *, #3472, .T. ) ;
#7107 = CARTESIAN_POINT ( 'NONE',  ( -62.35000000000004405, -8.299999999999995381, 4.600000000000149747 ) ) ;
#7108 = LINE ( 'NONE', #9317, #7855 ) ;
#7109 = SURFACE_SIDE_STYLE ('',( #3255 ) ) ;
#7110 = EDGE_CURVE ( 'NONE', #5126, #3554, #2527, .T. ) ;
#7111 = PRESENTATION_LAYER_ASSIGNMENT (  '', '', ( #7714 ) ) ;
#7112 = SURFACE_STYLE_FILL_AREA ( #4773 ) ;
#7113 =( NAMED_UNIT ( * ) PLANE_ANGLE_UNIT ( ) SI_UNIT ( $, .RADIAN. ) );
#7114 = SURFACE_STYLE_FILL_AREA ( #4244 ) ;
#7115 = VECTOR ( 'NONE', #7414, 1000.000000000000000 ) ;
#7116 = CARTESIAN_POINT ( 'NONE',  ( -61.35000000000004405, -10.44999999999999396, 4.600000000000187050 ) ) ;
#7117 = ADVANCED_FACE ( 'NONE', ( #11016 ), #4277, .F. ) ;
#7118 = DIRECTION ( 'NONE',  ( 3.700000000000000011E-14, -0.000000000000000000, -1.000000000000000000 ) ) ;
#7119 = CARTESIAN_POINT ( 'NONE',  ( -63.03888888888889142, -3.949999999999996181, 3.300000000000124611 ) ) ;
#7120 = DIRECTION ( 'NONE',  ( -1.000000000000000000, -1.000000000000000078E-15, -3.700000000000000011E-14 ) ) ;
#7121 =( NAMED_UNIT ( * ) SI_UNIT ( $, .STERADIAN. ) SOLID_ANGLE_UNIT ( ) );
#7122 = ORIENTED_EDGE ( 'NONE', *, *, #9209, .F. ) ;
#7123 = ORIENTED_EDGE ( 'NONE', *, *, #1406, .T. ) ;
#7124 = EDGE_CURVE ( 'NONE', #1227, #8357, #9032, .T. ) ;
#7125 = SURFACE_SIDE_STYLE ('',( #1151 ) ) ;
#7126 = ORIENTED_EDGE ( 'NONE', *, *, #1077, .F. ) ;
#7127 = CARTESIAN_POINT ( 'NONE',  ( -66.38999999999995794, -4.915476664617918878, 2.310000000000000497 ) ) ;
#7128 = SURFACE_STYLE_FILL_AREA ( #10995 ) ;
#7129 = LINE ( 'NONE', #10941, #40 ) ;
#7130 = ORIENTED_EDGE ( 'NONE', *, *, #2298, .F. ) ;
#7131 = ORIENTED_EDGE ( 'NONE', *, *, #8144, .F. ) ;
#7132 = SURFACE_STYLE_FILL_AREA ( #391 ) ;
#7133 = DIRECTION ( 'NONE',  ( 1.000000000000000078E-15, -1.000000000000000000, 0.000000000000000000 ) ) ;
#7134 = VECTOR ( 'NONE', #6025, 1000.000000000000000 ) ;
#7135 = LINE ( 'NONE', #1421, #8223 ) ;
#7136 = CARTESIAN_POINT ( 'NONE',  ( -70.69999999999998863, -10.45000000000000284, 3.299999979883273316 ) ) ;
#7137 = DIRECTION ( 'NONE',  ( -3.699999999999998749E-14, 9.860761315263910926E-32, 1.000000000000000000 ) ) ;
#7138 = CARTESIAN_POINT ( 'NONE',  ( -70.89999989941718184, -10.45000000000000462, 4.299999999999833733 ) ) ;
#7139 = DIRECTION ( 'NONE',  ( -3.700000000000000011E-14, 0.000000000000000000, 1.000000000000000000 ) ) ;
#7140 = PRESENTATION_LAYER_ASSIGNMENT (  '', '', ( #711 ) ) ;
#7141 = EDGE_CURVE ( 'NONE', #126, #9070, #10206, .T. ) ;
#7143 = PRESENTATION_LAYER_ASSIGNMENT (  '', '', ( #5500 ) ) ;
#7142 =( GEOMETRIC_REPRESENTATION_CONTEXT ( 3 ) GLOBAL_UNCERTAINTY_ASSIGNED_CONTEXT ( ( #4819 ) ) GLOBAL_UNIT_ASSIGNED_CONTEXT ( ( #548, #7035, #5053 ) ) REPRESENTATION_CONTEXT ( 'NONE', 'WORKASPACE' ) );
#7144 = ORIENTED_EDGE ( 'NONE', *, *, #10113, .T. ) ;
#7145 = ORIENTED_EDGE ( 'NONE', *, *, #9836, .T. ) ;
#7146 = FILL_AREA_STYLE ('',( #8162 ) ) ;
#7147 = CARTESIAN_POINT ( 'NONE',  ( -65.83888888889002544, 1.100000000000000311, 4.050000000000020250 ) ) ;
#7148 =( NAMED_UNIT ( * ) SI_UNIT ( $, .STERADIAN. ) SOLID_ANGLE_UNIT ( ) );
#7149 = DIRECTION ( 'NONE',  ( 3.700000000000000011E-14, -0.000000000000000000, -1.000000000000000000 ) ) ;
#7150 = DIRECTION ( 'NONE',  ( 0.03909037293410170394, -0.9992356792788540387, 1.337846218380207179E-15 ) ) ;
#7151 = UNCERTAINTY_MEASURE_WITH_UNIT (LENGTH_MEASURE( 1.000000000000000082E-05 ), #8140, 'distance_accuracy_value', 'NONE');
#7152 =( NAMED_UNIT ( * ) PLANE_ANGLE_UNIT ( ) SI_UNIT ( $, .RADIAN. ) );
#7153 = CARTESIAN_POINT ( 'NONE',  ( -66.39999999951841403, -2.153835720861538849, 2.500000000000000444 ) ) ;
#7154 = VECTOR ( 'NONE', #12008, 1000.000000000000000 ) ;
#7155 = ORIENTED_EDGE ( 'NONE', *, *, #4269, .F. ) ;
#7156 = PLANE ( 'NONE',  #11562 ) ;
#7157 = MECHANICAL_DESIGN_GEOMETRIC_PRESENTATION_REPRESENTATION (  '', ( #2516 ), #6760 ) ;
#7158 = EDGE_CURVE ( 'NONE', #2315, #4358, #11081, .T. ) ;
#7159 = ORIENTED_EDGE ( 'NONE', *, *, #7056, .T. ) ;
#7160 = ORIENTED_EDGE ( 'NONE', *, *, #4233, .F. ) ;
#7161 = CARTESIAN_POINT ( 'NONE',  ( -64.12777777777775157, -10.44999999999999751, 3.000000000000084377 ) ) ;
#7162 =( NAMED_UNIT ( * ) PLANE_ANGLE_UNIT ( ) SI_UNIT ( $, .RADIAN. ) );
#7163 = SURFACE_STYLE_USAGE ( .BOTH. , #436 ) ;
#7164 = VECTOR ( 'NONE', #3062, 1000.000000000000000 ) ;
#7165 = UNCERTAINTY_MEASURE_WITH_UNIT (LENGTH_MEASURE( 1.000000000000000082E-05 ), #9092, 'distance_accuracy_value', 'NONE');
#7166 = DIRECTION ( 'NONE',  ( -3.700000000000000011E-14, 0.000000000000000000, 1.000000000000000000 ) ) ;
#7167 = DIRECTION ( 'NONE',  ( -0.7071067811865213715, -7.071067811865475333E-16, -0.7071067811865737740 ) ) ;
#7168 = PLANE ( 'NONE',  #12000 ) ;
#7169 = LINE ( 'NONE', #11050, #6629 ) ;
#7170 = CARTESIAN_POINT ( 'NONE',  ( -65.98701378195157474, -8.174896124021048038, 2.310000000000015152 ) ) ;
#7171 =( NAMED_UNIT ( * ) PLANE_ANGLE_UNIT ( ) SI_UNIT ( $, .RADIAN. ) );
#7172 = ADVANCED_FACE ( 'NONE', ( #9223, #10953 ), #7324, .T. ) ;
#7173 = EDGE_LOOP ( 'NONE', ( #5815, #3374, #10731, #4539, #8604, #10615, #1921, #4136 ) ) ;
#7174 = VERTEX_POINT ( 'NONE', #2661 ) ;
#7175 = SURFACE_STYLE_USAGE ( .BOTH. , #8254 ) ;
#7176 = LINE ( 'NONE', #5442, #10543 ) ;
#7177 = VERTEX_POINT ( 'NONE', #7446 ) ;
#7178 = DIRECTION ( 'NONE',  ( -1.000000000000000000, -1.000000000000000078E-15, -3.700000000000000011E-14 ) ) ;
#7179 =( GEOMETRIC_REPRESENTATION_CONTEXT ( 3 ) GLOBAL_UNCERTAINTY_ASSIGNED_CONTEXT ( ( #6866 ) ) GLOBAL_UNIT_ASSIGNED_CONTEXT ( ( #6696, #7376, #5461 ) ) REPRESENTATION_CONTEXT ( 'NONE', 'WORKASPACE' ) );
#7180 = FILL_AREA_STYLE ('',( #5313 ) ) ;
#7181 =( NAMED_UNIT ( * ) SI_UNIT ( $, .STERADIAN. ) SOLID_ANGLE_UNIT ( ) );
#7182 = CARTESIAN_POINT ( 'NONE',  ( -65.92201378195157702, -5.807670578265017980, 2.300000000000018030 ) ) ;
#7183 = ORIENTED_EDGE ( 'NONE', *, *, #7813, .F. ) ;
#7184 = FILL_AREA_STYLE ('',( #1293 ) ) ;
#7185 = EDGE_CURVE ( 'NONE', #3759, #6650, #7381, .T. ) ;
#7186 = VECTOR ( 'NONE', #1216, 1000.000000000000000 ) ;
#7187 =( GEOMETRIC_REPRESENTATION_CONTEXT ( 3 ) GLOBAL_UNCERTAINTY_ASSIGNED_CONTEXT ( ( #9061 ) ) GLOBAL_UNIT_ASSIGNED_CONTEXT ( ( #1155, #196, #5200 ) ) REPRESENTATION_CONTEXT ( 'NONE', 'WORKASPACE' ) );
#7188 = CARTESIAN_POINT ( 'NONE',  ( -66.03888888889001407, -0.4499998509883990638, 3.800000000000013589 ) ) ;
#7189 = LINE ( 'NONE', #1589, #3263 ) ;
#7190 = PRESENTATION_STYLE_ASSIGNMENT (( #11888 ) ) ;
#7191 = SURFACE_SIDE_STYLE ('',( #467 ) ) ;
#7192 = FACE_OUTER_BOUND ( 'NONE', #3225, .T. ) ;
#7193 = CARTESIAN_POINT ( 'NONE',  ( -70.25000000000004263, -8.300000000000004263, 4.599999999999857536 ) ) ;
#7194 = PRESENTATION_LAYER_ASSIGNMENT (  '', '', ( #774 ) ) ;
#7195 =( NAMED_UNIT ( * ) PLANE_ANGLE_UNIT ( ) SI_UNIT ( $, .RADIAN. ) );
#7196 = SURFACE_SIDE_STYLE ('',( #11134 ) ) ;
#7197 = SURFACE_STYLE_USAGE ( .BOTH. , #1422 ) ;
#7198 = DIRECTION ( 'NONE',  ( 1.000000000000000078E-15, -1.000000000000000000, 0.000000000000000000 ) ) ;
#7199 = CARTESIAN_POINT ( 'NONE',  ( -71.45000000000001705, -5.204170427930421283E-15, 3.632842712474429359 ) ) ;
#7200 = ORIENTED_EDGE ( 'NONE', *, *, #827, .T. ) ;
#7201 = VECTOR ( 'NONE', #2744, 1000.000000000000000 ) ;
#7202 = EDGE_LOOP ( 'NONE', ( #6475, #697, #2167, #6327, #11517, #460, #325, #4523 ) ) ;
#7203 = MECHANICAL_DESIGN_GEOMETRIC_PRESENTATION_REPRESENTATION (  '', ( #1393 ), #780 ) ;
#7204 = FILL_AREA_STYLE ('',( #7330 ) ) ;
#7205 = EDGE_CURVE ( 'NONE', #2927, #6550, #8531, .T. ) ;
#7206 = AXIS2_PLACEMENT_3D ( 'NONE', #7006, #1915, #7953 ) ;
#7207 = FILL_AREA_STYLE ('',( #6192 ) ) ;
#7208 = CARTESIAN_POINT ( 'NONE',  ( -70.23431457505073183, -2.450000000000002398, 2.499999999999858336 ) ) ;
#7209 = LINE ( 'NONE', #9169, #3514 ) ;
#7210 = CARTESIAN_POINT ( 'NONE',  ( -71.25000000000001421, -2.450000000000004174, 3.715685424949059623 ) ) ;
#7211 = PRESENTATION_STYLE_ASSIGNMENT (( #419 ) ) ;
#7212 = PRESENTATION_STYLE_ASSIGNMENT (( #6965 ) ) ;
#7213 = CARTESIAN_POINT ( 'NONE',  ( -65.93055555555554292, -3.949999999999998845, 3.150000000000017231 ) ) ;
#7214 = CYLINDRICAL_SURFACE ( 'NONE', #10243, 0.08500000000000332290 ) ;
#7215 = VECTOR ( 'NONE', #8830, 1000.000000000000000 ) ;
#7216 = CARTESIAN_POINT ( 'NONE',  ( -71.44999999999997442, -2.450000000000004174, 2.699999999999828315 ) ) ;
#7217 = VECTOR ( 'NONE', #4515, 1000.000000000000000 ) ;
#7218 = ORIENTED_EDGE ( 'NONE', *, *, #3928, .T. ) ;
#7219 = EDGE_CURVE ( 'NONE', #4751, #9866, #6500, .T. ) ;
#7220 = SURFACE_STYLE_FILL_AREA ( #8743 ) ;
#7221 = STYLED_ITEM ( 'NONE', ( #5788 ), #12185 ) ;
#7222 = EDGE_CURVE ( 'NONE', #6651, #8904, #11322, .T. ) ;
#7223 = VERTEX_POINT ( 'NONE', #10268 ) ;
#7224 = ORIENTED_EDGE ( 'NONE', *, *, #8288, .T. ) ;
#7225 = EDGE_CURVE ( 'NONE', #2824, #2129, #8402, .T. ) ;
#7226 = CARTESIAN_POINT ( 'NONE',  ( -66.40000000000001990, -2.449999999999998845, 3.550000000000000711 ) ) ;
#7227 = LINE ( 'NONE', #2430, #6307 ) ;
#7228 =( LENGTH_UNIT ( ) NAMED_UNIT ( * ) SI_UNIT ( .MILLI., .METRE. ) );
#7229 = DIRECTION ( 'NONE',  ( 0.000000000000000000, 1.000000000000000000, 0.000000000000000000 ) ) ;
#7230 = AXIS2_PLACEMENT_3D ( 'NONE', #8367, #1630, #7229 ) ;
#7231 = DIRECTION ( 'NONE',  ( 1.000000000000000000, 9.999999999999923863E-16, 3.700000000000010109E-14 ) ) ;
#7232 = FACE_OUTER_BOUND ( 'NONE', #775, .T. ) ;
#7233 = LINE ( 'NONE', #3310, #11515 ) ;
#7234 = CARTESIAN_POINT ( 'NONE',  ( -61.26715728752537871, -2.449999999999993960, 3.432842712474807989 ) ) ;
#7235 = SURFACE_STYLE_USAGE ( .BOTH. , #1572 ) ;
#7236 = LINE ( 'NONE', #2440, #11405 ) ;
#7237 = STYLED_ITEM ( 'NONE', ( #7272 ), #11165 ) ;
#7238 = EDGE_LOOP ( 'NONE', ( #9309, #5195, #10406, #11037 ) ) ;
#7239 = VERTEX_POINT ( 'NONE', #1665 ) ;
#7240 = CYLINDRICAL_SURFACE ( 'NONE', #9295, 2.529767123345839419 ) ;
#7241 = FILL_AREA_STYLE_COLOUR ( '', #11550 ) ;
#7242 = ORIENTED_EDGE ( 'NONE', *, *, #806, .F. ) ;
#7243 = CYLINDRICAL_SURFACE ( 'NONE', #8202, 0.3786990843377562865 ) ;
#7244 = COLOUR_RGB ( '',0.007843137254901960675, 0.007843137254901960675, 0.007843137254901960675 ) ;
#7245 = DIRECTION ( 'NONE',  ( 1.000000000000000000, 1.000000000000000078E-15, 3.700000000000000011E-14 ) ) ;
#7246 = AXIS2_PLACEMENT_3D ( 'NONE', #3816, #1759, #2832 ) ;
#7247 = DIRECTION ( 'NONE',  ( -3.700000000000000011E-14, 0.000000000000000000, 1.000000000000000000 ) ) ;
#7248 = LINE ( 'NONE', #463, #9839 ) ;
#7249 = CIRCLE ( 'NONE', #1433, 0.3999999999999975797 ) ;
#7251 =( NAMED_UNIT ( * ) PLANE_ANGLE_UNIT ( ) SI_UNIT ( $, .RADIAN. ) );
#7250 = VECTOR ( 'NONE', #4921, 1000.000000000000000 ) ;
#7252 = VECTOR ( 'NONE', #1480, 1000.000000000000000 ) ;
#7253 = DIRECTION ( 'NONE',  ( 6.938893903907224591E-14, 0.000000000000000000, -1.000000000000000000 ) ) ;
#7254 = COLOUR_RGB ( '',0.007843137254901960675, 0.007843137254901960675, 0.007843137254901960675 ) ;
#7255 = DIRECTION ( 'NONE',  ( -0.3017120651455319491, 0.9533990925869492150, -1.445602896647446320E-14 ) ) ;
#7256 = FILL_AREA_STYLE ('',( #5269 ) ) ;
#7257 = CYLINDRICAL_SURFACE ( 'NONE', #8995, 0.3775056129180818232 ) ;
#7258 = EDGE_CURVE ( 'NONE', #7785, #1590, #2594, .T. ) ;
#7259 = CARTESIAN_POINT ( 'NONE',  ( -70.54999999999999716, -3.950000000000003730, 3.299999999999846612 ) ) ;
#7260 =( NAMED_UNIT ( * ) SI_UNIT ( $, .STERADIAN. ) SOLID_ANGLE_UNIT ( ) );
#7261 = DIRECTION ( 'NONE',  ( 1.000000000000000000, 1.000000000000000078E-15, 3.700000000000000011E-14 ) ) ;
#7262 = PLANE ( 'NONE',  #652 ) ;
#7263 = CYLINDRICAL_SURFACE ( 'NONE', #6894, 0.02999999999999777844 ) ;
#7264 = VECTOR ( 'NONE', #1056, 1000.000000000000000 ) ;
#7265 =( NAMED_UNIT ( * ) SI_UNIT ( $, .STERADIAN. ) SOLID_ANGLE_UNIT ( ) );
#7266 = PRESENTATION_LAYER_ASSIGNMENT (  '', '', ( #4223 ) ) ;
#7267 = PRESENTATION_LAYER_ASSIGNMENT (  '', '', ( #4425 ) ) ;
#7268 = ORIENTED_EDGE ( 'NONE', *, *, #10356, .T. ) ;
#7269 = EDGE_LOOP ( 'NONE', ( #1853, #3830, #7772, #377 ) ) ;
#7270 = LINE ( 'NONE', #9165, #9673 ) ;
#7271 = CARTESIAN_POINT ( 'NONE',  ( -66.89876734635691946, -4.925102411596889773, 2.299999999999981615 ) ) ;
#7272 = PRESENTATION_STYLE_ASSIGNMENT (( #9234 ) ) ;
#7273 = CARTESIAN_POINT ( 'NONE',  ( -68.65000000000004832, -8.300000000000002487, 4.799999999999917222 ) ) ;
#7274 = EDGE_CURVE ( 'NONE', #3912, #3375, #915, .T. ) ;
#7275 = STYLED_ITEM ( 'NONE', ( #5923 ), #9603 ) ;
#7276 = MECHANICAL_DESIGN_GEOMETRIC_PRESENTATION_REPRESENTATION (  '', ( #6473 ), #11270 ) ;
#7277 = LINE ( 'NONE', #11960, #10763 ) ;
#7278 = VECTOR ( 'NONE', #2554, 1000.000000000000000 ) ;
#7279 = STYLED_ITEM ( 'NONE', ( #7334 ), #2112 ) ;
#7280 = PRESENTATION_LAYER_ASSIGNMENT (  '', '', ( #7881 ) ) ;
#7281 = PLANE ( 'NONE',  #4812 ) ;
#7282 = FILL_AREA_STYLE_COLOUR ( '', #2225 ) ;
#7283 = ORIENTED_EDGE ( 'NONE', *, *, #5072, .T. ) ;
#7284 =( NAMED_UNIT ( * ) SI_UNIT ( $, .STERADIAN. ) SOLID_ANGLE_UNIT ( ) );
#7285 = STYLED_ITEM ( 'NONE', ( #11894 ), #4861 ) ;
#7286 = COLOUR_RGB ( '',0.007843137254901960675, 0.007843137254901960675, 0.007843137254901960675 ) ;
#7287 = PRESENTATION_LAYER_ASSIGNMENT (  '', '', ( #12282 ) ) ;
#7288 = VERTEX_POINT ( 'NONE', #2792 ) ;
#7289 = ORIENTED_EDGE ( 'NONE', *, *, #8989, .T. ) ;
#7290 = ORIENTED_EDGE ( 'NONE', *, *, #758, .T. ) ;
#7291 = DIRECTION ( 'NONE',  ( 1.000000000000000078E-15, -1.000000000000000000, 0.000000000000000000 ) ) ;
#7292 = SURFACE_SIDE_STYLE ('',( #10170 ) ) ;
#7293 = EDGE_CURVE ( 'NONE', #3467, #5422, #5589, .T. ) ;
#7294 = SURFACE_SIDE_STYLE ('',( #437 ) ) ;
#7295 =( NAMED_UNIT ( * ) PLANE_ANGLE_UNIT ( ) SI_UNIT ( $, .RADIAN. ) );
#7296 = COLOUR_RGB ( '',0.6274509803921568540, 0.6274509803921568540, 0.6274509803921568540 ) ;
#7297 = CARTESIAN_POINT ( 'NONE',  ( -70.54999999999999716, -3.950000000000003730, 3.299999999999846612 ) ) ;
#7298 = DIRECTION ( 'NONE',  ( 1.000000000000000078E-15, -1.000000000000000000, 0.000000000000000000 ) ) ;
#7299 = LINE ( 'NONE', #4250, #10237 ) ;
#7300 = VERTEX_POINT ( 'NONE', #12266 ) ;
#7301 = ORIENTED_EDGE ( 'NONE', *, *, #5962, .T. ) ;
#7302 = DIRECTION ( 'NONE',  ( -0.7071067811865218156, -7.071067811865480264E-16, -0.7071067811865732189 ) ) ;
#7303 = MECHANICAL_DESIGN_GEOMETRIC_PRESENTATION_REPRESENTATION (  '', ( #5257 ), #5680 ) ;
#7304 = SURFACE_SIDE_STYLE ('',( #11058 ) ) ;
#7305 = ORIENTED_EDGE ( 'NONE', *, *, #11308, .F. ) ;
#7306 =( LENGTH_UNIT ( ) NAMED_UNIT ( * ) SI_UNIT ( .MILLI., .METRE. ) );
#7307 = DIRECTION ( 'NONE',  ( -8.450624072831980773E-16, 1.000000000000000000, 5.732690930521673033E-30 ) ) ;
#7308 = LINE ( 'NONE', #2511, #8687 ) ;
#7309 = DIRECTION ( 'NONE',  ( -3.700000000000000011E-14, 0.000000000000000000, 1.000000000000000000 ) ) ;
#7310 = PRESENTATION_STYLE_ASSIGNMENT (( #10010 ) ) ;
#7311 = SURFACE_STYLE_FILL_AREA ( #517 ) ;
#7312 = DIRECTION ( 'NONE',  ( 0.000000000000000000, 1.000000000000000000, 0.000000000000000000 ) ) ;
#7313 = ORIENTED_EDGE ( 'NONE', *, *, #4404, .T. ) ;
#7314 = CARTESIAN_POINT ( 'NONE',  ( -69.13431457505072331, -9.850000000000001421, 2.499999999999899192 ) ) ;
#7315 = FILL_AREA_STYLE ('',( #6621 ) ) ;
#7316 = SURFACE_SIDE_STYLE ('',( #9214 ) ) ;
#7317 = VECTOR ( 'NONE', #2809, 1000.000000000000000 ) ;
#7318 = DIRECTION ( 'NONE',  ( 3.700000000000000011E-14, -0.000000000000000000, -1.000000000000000000 ) ) ;
#7319 = VECTOR ( 'NONE', #6542, 1000.000000000000000 ) ;
#7320 = LINE ( 'NONE', #12328, #792 ) ;
#7321 = PRESENTATION_STYLE_ASSIGNMENT (( #12077 ) ) ;
#7322 = FACE_OUTER_BOUND ( 'NONE', #7238, .T. ) ;
#7323 = DIRECTION ( 'NONE',  ( 1.000000000000000000, 0.000000000000000000, 4.770489558936248540E-14 ) ) ;
#7324 = PLANE ( 'NONE',  #821 ) ;
#7325 = DIRECTION ( 'NONE',  ( -1.000000000000000078E-15, 1.000000000000000000, 0.000000000000000000 ) ) ;
#7326 = CARTESIAN_POINT ( 'NONE',  ( -68.92777777777891401, 1.099999999999998535, 4.049999999999906564 ) ) ;
#7327 = EDGE_CURVE ( 'NONE', #9050, #3467, #7513, .T. ) ;
#7328 = EDGE_LOOP ( 'NONE', ( #6059, #4068, #11413, #11283 ) ) ;
#7329 = ORIENTED_EDGE ( 'NONE', *, *, #7098, .F. ) ;
#7330 = FILL_AREA_STYLE_COLOUR ( '', #7254 ) ;
#7331 = EDGE_CURVE ( 'NONE', #10470, #12365, #12136, .T. ) ;
#7332 = PRESENTATION_STYLE_ASSIGNMENT (( #1248 ) ) ;
#7333 = DIRECTION ( 'NONE',  ( -0.3017120651457809721, 0.9533990925868705002, -8.673617379883857189E-15 ) ) ;
#7334 = PRESENTATION_STYLE_ASSIGNMENT (( #8861 ) ) ;
#7335 = DIRECTION ( 'NONE',  ( -1.000000000000000078E-15, 1.000000000000000000, 0.000000000000000000 ) ) ;
#7336 = VERTEX_POINT ( 'NONE', #11457 ) ;
#7337 = DIRECTION ( 'NONE',  ( -1.000000000000000000, -1.173472347597680984E-15, -3.701809683000205097E-14 ) ) ;
#7338 = ORIENTED_EDGE ( 'NONE', *, *, #8918, .T. ) ;
#7339 = VERTEX_POINT ( 'NONE', #721 ) ;
#7340 = SURFACE_STYLE_FILL_AREA ( #4298 ) ;
#7341 = DIRECTION ( 'NONE',  ( -3.700000000000000011E-14, 0.000000000000000000, 1.000000000000000000 ) ) ;
#7342 = COLOUR_RGB ( '',0.9529411764705881804, 0.7960784313725489669, 0.4862745098039215619 ) ;
#7343 = DIRECTION ( 'NONE',  ( -1.000000000000000000, 0.000000000000000000, -2.385244779468041282E-14 ) ) ;
#7344 = SURFACE_STYLE_USAGE ( .BOTH. , #10053 ) ;
#7345 = SURFACE_STYLE_FILL_AREA ( #9378 ) ;
#7346 = DIRECTION ( 'NONE',  ( -1.000000000000000078E-15, 1.000000000000000000, -3.700000000000000308E-29 ) ) ;
#7347 = MECHANICAL_DESIGN_GEOMETRIC_PRESENTATION_REPRESENTATION (  '', ( #4506 ), #731 ) ;
#7348 = PLANE ( 'NONE',  #8038 ) ;
#7349 = EDGE_CURVE ( 'NONE', #4928, #1520, #2849, .T. ) ;
#7350 = AXIS2_PLACEMENT_3D ( 'NONE', #2156, #3110, #9852 ) ;
#7351 = AXIS2_PLACEMENT_3D ( 'NONE', #12204, #10448, #6627 ) ;
#7352 = ADVANCED_FACE ( 'NONE', ( #4518 ), #8340, .T. ) ;
#7353 = VERTEX_POINT ( 'NONE', #18 ) ;
#7354 = ORIENTED_EDGE ( 'NONE', *, *, #728, .F. ) ;
#7355 =( GEOMETRIC_REPRESENTATION_CONTEXT ( 3 ) GLOBAL_UNCERTAINTY_ASSIGNED_CONTEXT ( ( #3606 ) ) GLOBAL_UNIT_ASSIGNED_CONTEXT ( ( #3474, #1552, #10105 ) ) REPRESENTATION_CONTEXT ( 'NONE', 'WORKASPACE' ) );
#7356 = DIRECTION ( 'NONE',  ( -1.000000000000000000, -1.000000000000000078E-15, -3.645695612925943688E-14 ) ) ;
#7357 =( NAMED_UNIT ( * ) PLANE_ANGLE_UNIT ( ) SI_UNIT ( $, .RADIAN. ) );
#7358 = CARTESIAN_POINT ( 'NONE',  ( -63.50833333333331865, -10.44999999999999574, 3.300000000000107292 ) ) ;
#7359 = ORIENTED_EDGE ( 'NONE', *, *, #7293, .T. ) ;
#7360 = DIRECTION ( 'NONE',  ( 1.000000000000000000, 1.000000000000000078E-15, 3.700000000000000011E-14 ) ) ;
#7361 = STYLED_ITEM ( 'NONE', ( #10671 ), #5903 ) ;
#7362 = EDGE_CURVE ( 'NONE', #4677, #9369, #1047, .T. ) ;
#7363 = FILL_AREA_STYLE ('',( #1351 ) ) ;
#7364 = CARTESIAN_POINT ( 'NONE',  ( -64.59444444444558542, 0.5500000000000018208, 4.050000000000067324 ) ) ;
#7365 = PRESENTATION_LAYER_ASSIGNMENT (  '', '', ( #6955 ) ) ;
#7366 = EDGE_CURVE ( 'NONE', #2099, #8393, #5858, .T. ) ;
#7367 = DIRECTION ( 'NONE',  ( 9.999999999999923863E-16, -1.000000000000000000, 6.360191048344121816E-30 ) ) ;
#7368 = EDGE_CURVE ( 'NONE', #9017, #6932, #8716, .T. ) ;
#7369 =( LENGTH_UNIT ( ) NAMED_UNIT ( * ) SI_UNIT ( .MILLI., .METRE. ) );
#7370 =( LENGTH_UNIT ( ) NAMED_UNIT ( * ) SI_UNIT ( .MILLI., .METRE. ) );
#7371 = MECHANICAL_DESIGN_GEOMETRIC_PRESENTATION_REPRESENTATION (  '', ( #4939 ), #9790 ) ;
#7372 = CARTESIAN_POINT ( 'NONE',  ( -71.45000000000000284, 1.549999999999995826, 3.049999999999827072 ) ) ;
#7373 = ORIENTED_EDGE ( 'NONE', *, *, #10049, .T. ) ;
#7374 = CARTESIAN_POINT ( 'NONE',  ( -68.20555555555671390, 0.5499999999999983791, 4.249999999999933387 ) ) ;
#7375 = FILL_AREA_STYLE_COLOUR ( '', #7821 ) ;
#7376 =( NAMED_UNIT ( * ) PLANE_ANGLE_UNIT ( ) SI_UNIT ( $, .RADIAN. ) );
#7377 = CARTESIAN_POINT ( 'NONE',  ( -70.45000000000004547, -9.500000000000003553, 4.799999999999850608 ) ) ;
#7378 = DIRECTION ( 'NONE',  ( -1.000000000000000078E-15, 1.000000000000000000, 0.000000000000000000 ) ) ;
#7379 = LINE ( 'NONE', #9280, #455 ) ;
#7380 = CARTESIAN_POINT ( 'NONE',  ( -61.15000000000003411, 1.550000000000006262, 4.250000000000194511 ) ) ;
#7381 = LINE ( 'NONE', #1727, #1423 ) ;
#7382 = AXIS2_PLACEMENT_3D ( 'NONE', #11452, #7569, #2845 ) ;
#7383 = PRESENTATION_LAYER_ASSIGNMENT (  '', '', ( #3940 ) ) ;
#7384 = CARTESIAN_POINT ( 'NONE',  ( -63.51568542494919001, -9.949999999999997513, 2.300000000000106848 ) ) ;
#7385 = DIRECTION ( 'NONE',  ( -3.700000000000000011E-14, 0.000000000000000000, 1.000000000000000000 ) ) ;
#7386 = VERTEX_POINT ( 'NONE', #9725 ) ;
#7387 = EDGE_LOOP ( 'NONE', ( #10491, #1018, #1936, #11156 ) ) ;
#7388 = FILL_AREA_STYLE ('',( #1733 ) ) ;
#7389 = FACE_OUTER_BOUND ( 'NONE', #5110, .T. ) ;
#7390 = CARTESIAN_POINT ( 'NONE',  ( -70.23055555555554008, -10.45000000000000284, 2.999999999999858780 ) ) ;
#7391 = CARTESIAN_POINT ( 'NONE',  ( -62.15000000000004832, -2.449999999999995737, 4.600000000000157740 ) ) ;
#7392 =( GEOMETRIC_REPRESENTATION_CONTEXT ( 3 ) GLOBAL_UNCERTAINTY_ASSIGNED_CONTEXT ( ( #306 ) ) GLOBAL_UNIT_ASSIGNED_CONTEXT ( ( #10185, #2640, #1582 ) ) REPRESENTATION_CONTEXT ( 'NONE', 'WORKASPACE' ) );
#7393 = STYLED_ITEM ( 'NONE', ( #10431 ), #3070 ) ;
#7394 = DIRECTION ( 'NONE',  ( 3.700000000000000011E-14, -9.860761315262649757E-32, -1.000000000000000000 ) ) ;
#7395 = CARTESIAN_POINT ( 'NONE',  ( -71.25000000000001421, -2.450000000000004174, 3.715685424949059623 ) ) ;
#7396 =( NAMED_UNIT ( * ) SI_UNIT ( $, .STERADIAN. ) SOLID_ANGLE_UNIT ( ) );
#7397 = SURFACE_SIDE_STYLE ('',( #2483 ) ) ;
#7398 = FILL_AREA_STYLE_COLOUR ( '', #9496 ) ;
#7399 = VERTEX_POINT ( 'NONE', #2972 ) ;
#7400 = STYLED_ITEM ( 'NONE', ( #9623 ), #7873 ) ;
#7401 =( GEOMETRIC_REPRESENTATION_CONTEXT ( 3 ) GLOBAL_UNCERTAINTY_ASSIGNED_CONTEXT ( ( #545 ) ) GLOBAL_UNIT_ASSIGNED_CONTEXT ( ( #10337, #2735, #1968 ) ) REPRESENTATION_CONTEXT ( 'NONE', 'WORKASPACE' ) );
#7402 = ORIENTED_EDGE ( 'NONE', *, *, #2127, .F. ) ;
#7403 =( GEOMETRIC_REPRESENTATION_CONTEXT ( 3 ) GLOBAL_UNCERTAINTY_ASSIGNED_CONTEXT ( ( #4658 ) ) GLOBAL_UNIT_ASSIGNED_CONTEXT ( ( #5407, #3658, #2731 ) ) REPRESENTATION_CONTEXT ( 'NONE', 'WORKASPACE' ) );
#7404 = VERTEX_POINT ( 'NONE', #9599 ) ;
#7405 = ORIENTED_EDGE ( 'NONE', *, *, #12307, .F. ) ;
#7406 =( LENGTH_UNIT ( ) NAMED_UNIT ( * ) SI_UNIT ( .MILLI., .METRE. ) );
#7407 = CARTESIAN_POINT ( 'NONE',  ( -66.79444444444443718, -3.949999999999999734, 2.999999999999985345 ) ) ;
#7408 = CARTESIAN_POINT ( 'NONE',  ( -71.53284271247461845, -2.450000000000004174, 3.432842712474428293 ) ) ;
#7409 = UNCERTAINTY_MEASURE_WITH_UNIT (LENGTH_MEASURE( 1.000000000000000082E-05 ), #5045, 'distance_accuracy_value', 'NONE');
#7410 = EDGE_CURVE ( 'NONE', #11798, #8115, #1107, .T. ) ;
#7411 = VECTOR ( 'NONE', #3370, 1000.000000000000000 ) ;
#7412 = LINE ( 'NONE', #3367, #7278 ) ;
#7413 = EDGE_CURVE ( 'NONE', #1580, #5039, #11750, .T. ) ;
#7414 = DIRECTION ( 'NONE',  ( 1.000000000000000000, 1.000000000000000472E-15, 3.700000000000000011E-14 ) ) ;
#7415 = SURFACE_SIDE_STYLE ('',( #10180 ) ) ;
#7416 = SURFACE_STYLE_USAGE ( .BOTH. , #8373 ) ;
#7417 = ORIENTED_EDGE ( 'NONE', *, *, #7994, .F. ) ;
#7418 =( GEOMETRIC_REPRESENTATION_CONTEXT ( 3 ) GLOBAL_UNCERTAINTY_ASSIGNED_CONTEXT ( ( #11507 ) ) GLOBAL_UNIT_ASSIGNED_CONTEXT ( ( #1532, #8201, #9208 ) ) REPRESENTATION_CONTEXT ( 'NONE', 'WORKASPACE' ) );
#7419 = ORIENTED_EDGE ( 'NONE', *, *, #4552, .F. ) ;
#7420 = ORIENTED_EDGE ( 'NONE', *, *, #11002, .F. ) ;
#7421 = MECHANICAL_DESIGN_GEOMETRIC_PRESENTATION_REPRESENTATION (  '', ( #5805 ), #10025 ) ;
#7422 = SURFACE_STYLE_USAGE ( .BOTH. , #6410 ) ;
#7423 =( NAMED_UNIT ( * ) PLANE_ANGLE_UNIT ( ) SI_UNIT ( $, .RADIAN. ) );
#7424 = UNCERTAINTY_MEASURE_WITH_UNIT (LENGTH_MEASURE( 1.000000000000000082E-05 ), #12143, 'distance_accuracy_value', 'NONE');
#7425 = CARTESIAN_POINT ( 'NONE',  ( -66.56330944475864442, -8.869441321329929906, 2.299999999999994049 ) ) ;
#7426 = PRESENTATION_STYLE_ASSIGNMENT (( #11439 ) ) ;
#7427 = EDGE_CURVE ( 'NONE', #8704, #3500, #2826, .T. ) ;
#7428 = COLOUR_RGB ( '',0.9529411764705881804, 0.7960784313725489669, 0.4862745098039215619 ) ;
#7429 = LINE ( 'NONE', #898, #2428 ) ;
#7430 = CARTESIAN_POINT ( 'NONE',  ( -70.54999999999996874, -10.45000000000000284, 2.999999999999846345 ) ) ;
#7431 = EDGE_CURVE ( 'NONE', #1590, #9628, #6997, .T. ) ;
#7432 = CARTESIAN_POINT ( 'NONE',  ( -70.54999999999999716, -3.950000000000003730, 3.299999999999846612 ) ) ;
#7433 = LINE ( 'NONE', #5387, #6750 ) ;
#7434 = AXIS2_PLACEMENT_3D ( 'NONE', #7724, #10719, #1238 ) ;
#7435 = ORIENTED_EDGE ( 'NONE', *, *, #10047, .F. ) ;
#7436 = VECTOR ( 'NONE', #5372, 1000.000000000000000 ) ;
#7437 = DIRECTION ( 'NONE',  ( -1.000000000000000078E-15, 1.000000000000000000, 0.000000000000000000 ) ) ;
#7438 =( NAMED_UNIT ( * ) PLANE_ANGLE_UNIT ( ) SI_UNIT ( $, .RADIAN. ) );
#7439 = CARTESIAN_POINT ( 'NONE',  ( -69.29166666666667140, -10.45000000000000284, 3.299999999999893241 ) ) ;
#7440 = ADVANCED_FACE ( 'NONE', ( #139 ), #11526, .T. ) ;
#7441 = EDGE_CURVE ( 'NONE', #10802, #11728, #7249, .T. ) ;
#7442 = FILL_AREA_STYLE_COLOUR ( '', #9511 ) ;
#7443 = CARTESIAN_POINT ( 'NONE',  ( -70.54999999999999716, -3.950000000000003730, 3.299999999999846612 ) ) ;
#7444 = CARTESIAN_POINT ( 'NONE',  ( -67.26388888888887152, -3.950000000000000178, 3.074999999999968203 ) ) ;
#7445 =( NAMED_UNIT ( * ) PLANE_ANGLE_UNIT ( ) SI_UNIT ( $, .RADIAN. ) );
#7446 = CARTESIAN_POINT ( 'NONE',  ( -61.35000000000001563, 5.204170427930421283E-15, 3.715685424949425997 ) ) ;
#7447 = AXIS2_PLACEMENT_3D ( 'NONE', #9283, #7198, #10150 ) ;
#7448 = EDGE_CURVE ( 'NONE', #9491, #10473, #11066, .T. ) ;
#7449 =( NAMED_UNIT ( * ) SI_UNIT ( $, .STERADIAN. ) SOLID_ANGLE_UNIT ( ) );
#7450 = LINE ( 'NONE', #8650, #1197 ) ;
#7451 = AXIS2_PLACEMENT_3D ( 'NONE', #7042, #11854, #302 ) ;
#7452 = COLOUR_RGB ( '',0.007843137254901960675, 0.007843137254901960675, 0.007843137254901960675 ) ;
#7453 = ORIENTED_EDGE ( 'NONE', *, *, #8377, .T. ) ;
#7454 = ORIENTED_EDGE ( 'NONE', *, *, #8853, .T. ) ;
#7455 = UNCERTAINTY_MEASURE_WITH_UNIT (LENGTH_MEASURE( 1.000000000000000082E-05 ), #6014, 'distance_accuracy_value', 'NONE');
#7456 = FILL_AREA_STYLE_COLOUR ( '', #10071 ) ;
#7457 = DIRECTION ( 'NONE',  ( -1.000000000000000000, -1.000000000000000078E-15, -3.700000000000000011E-14 ) ) ;
#7458 = CARTESIAN_POINT ( 'NONE',  ( -66.30390903729336571, -2.253759288013719608, 2.300000000000003375 ) ) ;
#7459 = SURFACE_STYLE_USAGE ( .BOTH. , #4725 ) ;
#7460 = VECTOR ( 'NONE', #4979, 1000.000000000000000 ) ;
#7461 =( NAMED_UNIT ( * ) SI_UNIT ( $, .STERADIAN. ) SOLID_ANGLE_UNIT ( ) );
#7462 = AXIS2_PLACEMENT_3D ( 'NONE', #9632, #3676, #1746 ) ;
#7463 = DIRECTION ( 'NONE',  ( -1.000000000000000000, -1.000000000000000078E-15, -3.700000000000000011E-14 ) ) ;
#7464 = DIRECTION ( 'NONE',  ( 1.000000000000000078E-15, -1.000000000000000000, 0.000000000000000000 ) ) ;
#7465 = VECTOR ( 'NONE', #9205, 1000.000000000000000 ) ;
#7466 = DIRECTION ( 'NONE',  ( -1.000000000000000078E-15, 1.000000000000000000, 0.000000000000000000 ) ) ;
#7467 = ORIENTED_EDGE ( 'NONE', *, *, #5321, .T. ) ;
#7468 = SURFACE_STYLE_FILL_AREA ( #2742 ) ;
#7469 =( LENGTH_UNIT ( ) NAMED_UNIT ( * ) SI_UNIT ( .MILLI., .METRE. ) );
#7470 = VERTEX_POINT ( 'NONE', #8264 ) ;
#7471 = PRESENTATION_LAYER_ASSIGNMENT (  '', '', ( #11067 ) ) ;
#7472 = ORIENTED_EDGE ( 'NONE', *, *, #11644, .F. ) ;
#7473 = ORIENTED_EDGE ( 'NONE', *, *, #6175, .T. ) ;
#7474 = SURFACE_STYLE_FILL_AREA ( #1071 ) ;
#7475 = CARTESIAN_POINT ( 'NONE',  ( -68.33431457505072615, -7.950000000000000178, 2.499999999999928502 ) ) ;
#7476 = AXIS2_PLACEMENT_3D ( 'NONE', #4528, #735, #6513 ) ;
#7477 =( GEOMETRIC_REPRESENTATION_CONTEXT ( 3 ) GLOBAL_UNCERTAINTY_ASSIGNED_CONTEXT ( ( #11419 ) ) GLOBAL_UNIT_ASSIGNED_CONTEXT ( ( #6499, #1777, #2660 ) ) REPRESENTATION_CONTEXT ( 'NONE', 'WORKASPACE' ) );
#7478 = VECTOR ( 'NONE', #543, 1000.000000000000000 ) ;
#7479 =( LENGTH_UNIT ( ) NAMED_UNIT ( * ) SI_UNIT ( .MILLI., .METRE. ) );
#7480 = CARTESIAN_POINT ( 'NONE',  ( -66.30000000000114824, 1.100000000000000311, 4.150000000000011902 ) ) ;
#7481 = PRESENTATION_STYLE_ASSIGNMENT (( #752 ) ) ;
#7482 = ORIENTED_EDGE ( 'NONE', *, *, #5086, .T. ) ;
#7483 = VECTOR ( 'NONE', #9676, 1000.000000000000000 ) ;
#7484 = CARTESIAN_POINT ( 'NONE',  ( -61.15000000000004832, 1.550000000000006262, 4.600000000000194156 ) ) ;
#7485 = PRESENTATION_LAYER_ASSIGNMENT (  '', '', ( #11070 ) ) ;
#7486 = STYLED_ITEM ( 'NONE', ( #8154 ), #2499 ) ;
#7487 = ADVANCED_FACE ( 'NONE', ( #12057 ), #461, .T. ) ;
#7488 = ORIENTED_EDGE ( 'NONE', *, *, #5495, .T. ) ;
#7489 = ORIENTED_EDGE ( 'NONE', *, *, #1503, .F. ) ;
#7490 = DIRECTION ( 'NONE',  ( -1.000000000000000000, 0.000000000000000000, -3.903127820947704260E-14 ) ) ;
#7491 = SURFACE_STYLE_USAGE ( .BOTH. , #65 ) ;
#7492 = PRESENTATION_STYLE_ASSIGNMENT (( #3748 ) ) ;
#7493 = STYLED_ITEM ( 'NONE', ( #8275 ), #4911 ) ;
#7494 = EDGE_CURVE ( 'NONE', #3683, #1157, #8464, .T. ) ;
#7495 = CARTESIAN_POINT ( 'NONE',  ( -62.15000000000006253, 1.550000000000004485, 4.800000000000157030 ) ) ;
#7496 = PRESENTATION_LAYER_ASSIGNMENT (  '', '', ( #2259 ) ) ;
#7497 = CARTESIAN_POINT ( 'NONE',  ( -64.09027777777775725, -3.949999999999997069, 3.000000000000085709 ) ) ;
#7498 = FILL_AREA_STYLE_COLOUR ( '', #4216 ) ;
#7499 = FILL_AREA_STYLE_COLOUR ( '', #1959 ) ;
#7500 = LINE ( 'NONE', #835, #12395 ) ;
#7501 = EDGE_CURVE ( 'NONE', #11368, #7966, #8955, .T. ) ;
#7502 = CARTESIAN_POINT ( 'NONE',  ( -70.23431457505073183, -10.45000000000000284, 2.699999999999858513 ) ) ;
#7503 = ORIENTED_EDGE ( 'NONE', *, *, #1526, .F. ) ;
#7504 = EDGE_LOOP ( 'NONE', ( #8959, #2548, #5069, #9880 ) ) ;
#7505 = CARTESIAN_POINT ( 'NONE',  ( -61.40857864376269504, -10.44999999999999396, 3.574264068712112774 ) ) ;
#7506 = CARTESIAN_POINT ( 'NONE',  ( -63.03888888888886299, -10.44999999999999574, 3.000000000000124345 ) ) ;
#7507 = EDGE_LOOP ( 'NONE', ( #359, #6694, #1069, #4873 ) ) ;
#7508 = LINE ( 'NONE', #843, #959 ) ;
#7509 = SURFACE_STYLE_USAGE ( .BOTH. , #10381 ) ;
#7510 = CARTESIAN_POINT ( 'NONE',  ( -66.40999999999995396, -9.259094657478639689, 2.309999999999999609 ) ) ;
#7511 = VECTOR ( 'NONE', #11211, 1000.000000000000000 ) ;
#7512 = DIRECTION ( 'NONE',  ( 1.000000000000000000, 0.000000000000000000, 4.003208021485209118E-14 ) ) ;
#7513 = LINE ( 'NONE', #9468, #3014 ) ;
#7514 = EDGE_CURVE ( 'NONE', #11279, #3006, #8143, .T. ) ;
#7515 = LINE ( 'NONE', #7384, #4306 ) ;
#7516 = ORIENTED_EDGE ( 'NONE', *, *, #9836, .F. ) ;
#7517 = EDGE_CURVE ( 'NONE', #11021, #8455, #5262, .T. ) ;
#7518 =( NAMED_UNIT ( * ) SI_UNIT ( $, .STERADIAN. ) SOLID_ANGLE_UNIT ( ) );
#7519 = ORIENTED_EDGE ( 'NONE', *, *, #6293, .T. ) ;
#7520 = COLOUR_RGB ( '',0.05882352941176470507, 0.3921568627450980338, 0.7019607843137254388 ) ;
#7521 = ORIENTED_EDGE ( 'NONE', *, *, #6297, .T. ) ;
#7522 = CARTESIAN_POINT ( 'NONE',  ( -65.83888888889002544, -0.4499999999999990119, 4.250000000000021316 ) ) ;
#7523 =( NAMED_UNIT ( * ) PLANE_ANGLE_UNIT ( ) SI_UNIT ( $, .RADIAN. ) );
#7524 = AXIS2_PLACEMENT_3D ( 'NONE', #2002, #9869, #12276 ) ;
#7525 = CARTESIAN_POINT ( 'NONE',  ( -66.49999999999995737, -2.153835720085829131, 2.299999999999996270 ) ) ;
#7526 = SURFACE_STYLE_FILL_AREA ( #1793 ) ;
#7527 = PRESENTATION_STYLE_ASSIGNMENT (( #4473 ) ) ;
#7528 = LINE ( 'NONE', #4727, #5837 ) ;
#7529 =( NAMED_UNIT ( * ) PLANE_ANGLE_UNIT ( ) SI_UNIT ( $, .RADIAN. ) );
#7530 = CARTESIAN_POINT ( 'NONE',  ( -64.91666666666665719, -3.949999999999997957, 3.000000000000055067 ) ) ;
#7531 = DIRECTION ( 'NONE',  ( -1.000000000000000078E-15, 1.000000000000000000, 0.000000000000000000 ) ) ;
#7532 = ORIENTED_EDGE ( 'NONE', *, *, #85, .F. ) ;
#7533 =( LENGTH_UNIT ( ) NAMED_UNIT ( * ) SI_UNIT ( .MILLI., .METRE. ) );
#7534 = ORIENTED_EDGE ( 'NONE', *, *, #6419, .T. ) ;
#7535 = VERTEX_POINT ( 'NONE', #5202 ) ;
#7536 = ORIENTED_EDGE ( 'NONE', *, *, #3819, .F. ) ;
#7537 = CARTESIAN_POINT ( 'NONE',  ( -64.59722222222221433, -10.44999999999999751, 3.300000000000066880 ) ) ;
#7538 =( NAMED_UNIT ( * ) SI_UNIT ( $, .STERADIAN. ) SOLID_ANGLE_UNIT ( ) );
#7539 = FILL_AREA_STYLE_COLOUR ( '', #3319 ) ;
#7540 = UNCERTAINTY_MEASURE_WITH_UNIT (LENGTH_MEASURE( 1.000000000000000082E-05 ), #10034, 'distance_accuracy_value', 'NONE');
#7541 = CARTESIAN_POINT ( 'NONE',  ( -70.23431457505073183, -2.399999617645522942, 2.499999999999858336 ) ) ;
#7542 = CARTESIAN_POINT ( 'NONE',  ( -66.03888888889002828, 1.100000000000000311, 4.050000000000014033 ) ) ;
#7543 = DIRECTION ( 'NONE',  ( 3.700000000000000011E-14, -0.000000000000000000, -1.000000000000000000 ) ) ;
#7544 = EDGE_CURVE ( 'NONE', #8115, #1548, #6033, .T. ) ;
#7545 =( NAMED_UNIT ( * ) PLANE_ANGLE_UNIT ( ) SI_UNIT ( $, .RADIAN. ) );
#7546 = ORIENTED_EDGE ( 'NONE', *, *, #3605, .F. ) ;
#7547 = CARTESIAN_POINT ( 'NONE',  ( -65.85555555555554008, -10.44999999999999929, 3.300000000000020250 ) ) ;
#7548 = ORIENTED_EDGE ( 'NONE', *, *, #3937, .F. ) ;
#7549 = VERTEX_POINT ( 'NONE', #9896 ) ;
#7550 = UNCERTAINTY_MEASURE_WITH_UNIT (LENGTH_MEASURE( 1.000000000000000082E-05 ), #5149, 'distance_accuracy_value', 'NONE');
#7551 = AXIS2_PLACEMENT_3D ( 'NONE', #4672, #2813, #6900 ) ;
#7552 =( LENGTH_UNIT ( ) NAMED_UNIT ( * ) SI_UNIT ( .MILLI., .METRE. ) );
#7553 = SURFACE_SIDE_STYLE ('',( #9390 ) ) ;
#7554 = PLANE ( 'NONE',  #9009 ) ;
#7555 = CARTESIAN_POINT ( 'NONE',  ( -66.40000000000001990, -2.449999999999998845, 3.550000000000000711 ) ) ;
#7556 = EDGE_CURVE ( 'NONE', #12029, #11624, #8200, .T. ) ;
#7557 = DIRECTION ( 'NONE',  ( -3.700000000000000011E-14, 0.000000000000000000, 1.000000000000000000 ) ) ;
#7558 =( GEOMETRIC_REPRESENTATION_CONTEXT ( 3 ) GLOBAL_UNCERTAINTY_ASSIGNED_CONTEXT ( ( #10110 ) ) GLOBAL_UNIT_ASSIGNED_CONTEXT ( ( #4091, #1603, #7449 ) ) REPRESENTATION_CONTEXT ( 'NONE', 'WORKASPACE' ) );
#7559 = LINE ( 'NONE', #11180, #3002 ) ;
#7560 = COLOUR_RGB ( '',0.9529411764705881804, 0.7960784313725489669, 0.4862745098039215619 ) ;
#7561 = CIRCLE ( 'NONE', #10950, 0.2000000000000048683 ) ;
#7562 = ORIENTED_EDGE ( 'NONE', *, *, #2487, .T. ) ;
#7563 = ORIENTED_EDGE ( 'NONE', *, *, #12262, .T. ) ;
#7564 = CARTESIAN_POINT ( 'NONE',  ( -63.15138888888888147, -3.949999999999996181, 3.000000000000120792 ) ) ;
#7565 = ORIENTED_EDGE ( 'NONE', *, *, #7427, .F. ) ;
#7566 = SURFACE_STYLE_FILL_AREA ( #108 ) ;
#7567 =( LENGTH_UNIT ( ) NAMED_UNIT ( * ) SI_UNIT ( .MILLI., .METRE. ) );
#7568 = DIRECTION ( 'NONE',  ( -1.000000000000000000, -1.000000000000000078E-15, -3.700000000000000011E-14 ) ) ;
#7569 = DIRECTION ( 'NONE',  ( 1.000000000000000078E-15, -1.000000000000000000, 0.000000000000000000 ) ) ;
#7570 = UNCERTAINTY_MEASURE_WITH_UNIT (LENGTH_MEASURE( 1.000000000000000082E-05 ), #9067, 'distance_accuracy_value', 'NONE');
#7571 =( LENGTH_UNIT ( ) NAMED_UNIT ( * ) SI_UNIT ( .MILLI., .METRE. ) );
#7572 = ADVANCED_FACE ( 'NONE', ( #10999 ), #9148, .T. ) ;
#7573 = DIRECTION ( 'NONE',  ( -1.000000000000000078E-15, 1.000000000000000000, 0.000000000000000000 ) ) ;
#7574 = DIRECTION ( 'NONE',  ( 3.825546163768862720E-14, 1.255461637688630224E-30, -1.000000000000000000 ) ) ;
#7575 = DIRECTION ( 'NONE',  ( -3.700000000000000011E-14, 0.000000000000000000, 1.000000000000000000 ) ) ;
#7576 = DIRECTION ( 'NONE',  ( -1.000000000000000078E-15, 1.000000000000000000, 0.000000000000000000 ) ) ;
#7577 = DIRECTION ( 'NONE',  ( 1.000000000000000078E-15, -1.000000000000000000, 0.000000000000000000 ) ) ;
#7578 = AXIS2_PLACEMENT_3D ( 'NONE', #8207, #10145, #8965 ) ;
#7579 =( NAMED_UNIT ( * ) PLANE_ANGLE_UNIT ( ) SI_UNIT ( $, .RADIAN. ) );
#7580 = ORIENTED_EDGE ( 'NONE', *, *, #11719, .F. ) ;
#7581 = ORIENTED_EDGE ( 'NONE', *, *, #12054, .F. ) ;
#7582 = UNCERTAINTY_MEASURE_WITH_UNIT (LENGTH_MEASURE( 1.000000000000000082E-05 ), #5678, 'distance_accuracy_value', 'NONE');
#7583 = DIRECTION ( 'NONE',  ( -1.000000000000000078E-15, 1.000000000000000000, 0.000000000000000000 ) ) ;
#7584 = DIRECTION ( 'NONE',  ( -3.700000000000000011E-14, 0.000000000000000000, 1.000000000000000000 ) ) ;
#7585 = AXIS2_PLACEMENT_3D ( 'NONE', #6771, #7775, #1855 ) ;
#7586 = CARTESIAN_POINT ( 'NONE',  ( -66.38999999999995794, -7.682738332308959528, 2.300000000000000711 ) ) ;
#7587 = DIRECTION ( 'NONE',  ( -3.700000000000000011E-14, 0.000000000000000000, 1.000000000000000000 ) ) ;
#7588 = FILL_AREA_STYLE ('',( #10335 ) ) ;
#7589 = CARTESIAN_POINT ( 'NONE',  ( -63.65833333333331723, -10.44999999999999574, 3.000000000000101696 ) ) ;
#7590 =( NAMED_UNIT ( * ) PLANE_ANGLE_UNIT ( ) SI_UNIT ( $, .RADIAN. ) );
#7591 = DIRECTION ( 'NONE',  ( -3.700000000000000011E-14, 0.000000000000000000, 1.000000000000000000 ) ) ;
#7592 =( NAMED_UNIT ( * ) SI_UNIT ( $, .STERADIAN. ) SOLID_ANGLE_UNIT ( ) );
#7593 =( NAMED_UNIT ( * ) PLANE_ANGLE_UNIT ( ) SI_UNIT ( $, .RADIAN. ) );
#7594 = LINE ( 'NONE', #11409, #1644 ) ;
#7595 = ORIENTED_EDGE ( 'NONE', *, *, #10178, .T. ) ;
#7596 =( LENGTH_UNIT ( ) NAMED_UNIT ( * ) SI_UNIT ( .MILLI., .METRE. ) );
#7597 = DIRECTION ( 'NONE',  ( 1.000000000000000000, 1.000000000000000078E-15, 3.700000000000000011E-14 ) ) ;
#7598 = ADVANCED_FACE ( 'NONE', ( #3565 ), #3506, .T. ) ;
#7599 = ORIENTED_EDGE ( 'NONE', *, *, #6842, .T. ) ;
#7600 = ORIENTED_EDGE ( 'NONE', *, *, #5891, .F. ) ;
#7601 = ORIENTED_EDGE ( 'NONE', *, *, #9183, .T. ) ;
#7602 = VECTOR ( 'NONE', #4443, 1000.000000000000000 ) ;
#7603 = CARTESIAN_POINT ( 'NONE',  ( -62.94999945250113882, -0.7499999999999954481, 4.050000000000127720 ) ) ;
#7604 = DIRECTION ( 'NONE',  ( 3.700000000000000011E-14, -9.860761315262649757E-32, -1.000000000000000000 ) ) ;
#7605 = EDGE_CURVE ( 'NONE', #8103, #23, #1647, .T. ) ;
#7606 = SURFACE_SIDE_STYLE ('',( #3611 ) ) ;
#7607 = VECTOR ( 'NONE', #805, 1000.000000000000000 ) ;
#7608 = EDGE_CURVE ( 'NONE', #6616, #452, #10316, .T. ) ;
#7609 = PRESENTATION_LAYER_ASSIGNMENT (  '', '', ( #8410 ) ) ;
#7610 = ORIENTED_EDGE ( 'NONE', *, *, #6567, .F. ) ;
#7611 =( NAMED_UNIT ( * ) SI_UNIT ( $, .STERADIAN. ) SOLID_ANGLE_UNIT ( ) );
#7612 = MECHANICAL_DESIGN_GEOMETRIC_PRESENTATION_REPRESENTATION (  '', ( #11607 ), #2159 ) ;
#7613 = EDGE_CURVE ( 'NONE', #1153, #8519, #9395, .T. ) ;
#7614 = ORIENTED_EDGE ( 'NONE', *, *, #10683, .F. ) ;
#7615 = ORIENTED_EDGE ( 'NONE', *, *, #1350, .F. ) ;
#7616 = CARTESIAN_POINT ( 'NONE',  ( -62.56568542494920848, -10.44999999999999574, 2.700000000000142286 ) ) ;
#7617 = CARTESIAN_POINT ( 'NONE',  ( -66.50390903729338277, -2.054065133228777817, 2.299999999999996270 ) ) ;
#7618 = AXIS2_PLACEMENT_3D ( 'NONE', #1780, #11527, #10449 ) ;
#7619 = SURFACE_STYLE_USAGE ( .BOTH. , #12369 ) ;
#7620 = MECHANICAL_DESIGN_GEOMETRIC_PRESENTATION_REPRESENTATION (  '', ( #11194 ), #7401 ) ;
#7621 = VECTOR ( 'NONE', #3042, 1000.000000000000000 ) ;
#7622 = CARTESIAN_POINT ( 'NONE',  ( -68.65000000000004832, -9.700000000000002842, 4.799999999999917222 ) ) ;
#7623 = DIRECTION ( 'NONE',  ( 0.6623823368165330239, -0.7491659628369864432, 2.168404344970771894E-14 ) ) ;
#7624 = DIRECTION ( 'NONE',  ( -3.700000000000000011E-14, 0.000000000000000000, 1.000000000000000000 ) ) ;
#7625 = SURFACE_SIDE_STYLE ('',( #899 ) ) ;
#7626 = FILL_AREA_STYLE ('',( #6609 ) ) ;
#7627 = CARTESIAN_POINT ( 'NONE',  ( -66.86944444444444002, -3.950000000000000178, 3.149999999999982592 ) ) ;
#7628 = AXIS2_PLACEMENT_3D ( 'NONE', #6220, #503, #12108 ) ;
#7629 = ORIENTED_EDGE ( 'NONE', *, *, #11787, .T. ) ;
#7630 = VERTEX_POINT ( 'NONE', #5383 ) ;
#7631 = CARTESIAN_POINT ( 'NONE',  ( -66.30000000000114824, 1.100000000000000311, 4.150000000000011902 ) ) ;
#7632 = VECTOR ( 'NONE', #1309, 1000.000000000000000 ) ;
#7633 = FILL_AREA_STYLE_COLOUR ( '', #3902 ) ;
#7634 = EDGE_LOOP ( 'NONE', ( #8535, #12117, #9745, #8302 ) ) ;
#7635 = SURFACE_SIDE_STYLE ('',( #7112 ) ) ;
#7636 = CARTESIAN_POINT ( 'NONE',  ( -65.53611111111109722, -10.44999999999999929, 3.300000000000032241 ) ) ;
#7637 = CARTESIAN_POINT ( 'NONE',  ( -70.08055555555554861, -10.45000000000000284, 3.299999999999863931 ) ) ;
#7638 = AXIS2_PLACEMENT_3D ( 'NONE', #9953, #2328, #5317 ) ;
#7639 = EDGE_CURVE ( 'NONE', #9930, #11595, #644, .T. ) ;
#7640 = FILL_AREA_STYLE ('',( #11389 ) ) ;
#7641 = CIRCLE ( 'NONE', #3386, 0.8260883600805463134 ) ;
#7642 = DIRECTION ( 'NONE',  ( -3.700000000000000011E-14, 0.000000000000000000, 1.000000000000000000 ) ) ;
#7643 = CARTESIAN_POINT ( 'NONE',  ( -67.48333333333445694, 0.5499999999999983791, 4.049999999999959854 ) ) ;
#7644 = CARTESIAN_POINT ( 'NONE',  ( -66.91876734635691548, -5.820804194777459806, 2.309999999999980957 ) ) ;
#7645 = CARTESIAN_POINT ( 'NONE',  ( -66.40999999999996817, -2.449999999999998845, 2.299999999999999822 ) ) ;
#7646 = STYLED_ITEM ( 'NONE', ( #280 ), #7033 ) ;
#7647 =( GEOMETRIC_REPRESENTATION_CONTEXT ( 3 ) GLOBAL_UNCERTAINTY_ASSIGNED_CONTEXT ( ( #5803 ) ) GLOBAL_UNIT_ASSIGNED_CONTEXT ( ( #5363, #504, #564 ) ) REPRESENTATION_CONTEXT ( 'NONE', 'WORKASPACE' ) );
#7648 =( LENGTH_UNIT ( ) NAMED_UNIT ( * ) SI_UNIT ( .MILLI., .METRE. ) );
#7649 = ORIENTED_EDGE ( 'NONE', *, *, #11979, .T. ) ;
#7650 = ORIENTED_EDGE ( 'NONE', *, *, #10852, .T. ) ;
#7652 = EDGE_CURVE ( 'NONE', #5845, #1160, #9454, .T. ) ;
#7651 = CARTESIAN_POINT ( 'NONE',  ( -62.24999999999997868, -10.44999999999999574, 3.000000000000153655 ) ) ;
#7653 =( NAMED_UNIT ( * ) SI_UNIT ( $, .STERADIAN. ) SOLID_ANGLE_UNIT ( ) );
#7654 = LINE ( 'NONE', #2669, #8819 ) ;
#7655 = SURFACE_STYLE_USAGE ( .BOTH. , #8597 ) ;
#7656 = EDGE_CURVE ( 'NONE', #9121, #6550, #7500, .T. ) ;
#7657 = CARTESIAN_POINT ( 'NONE',  ( -70.65000000000004832, -2.450000000000002398, 4.599999999999843325 ) ) ;
#7658 = VECTOR ( 'NONE', #9833, 1000.000000000000000 ) ;
#7659 = SURFACE_STYLE_USAGE ( .BOTH. , #9360 ) ;
#7660 = PRESENTATION_LAYER_ASSIGNMENT (  '', '', ( #6019 ) ) ;
#7661 = DIRECTION ( 'NONE',  ( -1.000000000000000078E-15, 1.000000000000000000, 0.000000000000000000 ) ) ;
#7662 = SURFACE_STYLE_USAGE ( .BOTH. , #1739 ) ;
#7663 = STYLED_ITEM ( 'NONE', ( #10891 ), #4461 ) ;
#7664 = ORIENTED_EDGE ( 'NONE', *, *, #6121, .F. ) ;
#7665 = EDGE_CURVE ( 'NONE', #4451, #11543, #4563, .T. ) ;
#7666 =( GEOMETRIC_REPRESENTATION_CONTEXT ( 3 ) GLOBAL_UNCERTAINTY_ASSIGNED_CONTEXT ( ( #11044 ) ) GLOBAL_UNIT_ASSIGNED_CONTEXT ( ( #6776, #7590, #10459 ) ) REPRESENTATION_CONTEXT ( 'NONE', 'WORKASPACE' ) );
#7667 = ORIENTED_EDGE ( 'NONE', *, *, #10590, .T. ) ;
#7668 = VERTEX_POINT ( 'NONE', #8517 ) ;
#7669 = ORIENTED_EDGE ( 'NONE', *, *, #1587, .F. ) ;
#7670 = DIRECTION ( 'NONE',  ( 3.700000000000010109E-14, -6.360191048344309590E-30, -1.000000000000000000 ) ) ;
#7671 = COLOUR_RGB ( '',0.9529411764705881804, 0.7960784313725489669, 0.4862745098039215619 ) ;
#7672 = COLOUR_RGB ( '',0.9529411764705881804, 0.7960784313725489669, 0.4862745098039215619 ) ;
#7673 = AXIS2_PLACEMENT_3D ( 'NONE', #941, #9495, #11483 ) ;
#7674 = LINE ( 'NONE', #6725, #2932 ) ;
#7675 = SURFACE_STYLE_USAGE ( .BOTH. , #6726 ) ;
#7676 = SURFACE_SIDE_STYLE ('',( #1876 ) ) ;
#7677 = CARTESIAN_POINT ( 'NONE',  ( -71.53284271247461845, -2.450000000000004174, 3.432842712474428293 ) ) ;
#7678 =( LENGTH_UNIT ( ) NAMED_UNIT ( * ) SI_UNIT ( .MILLI., .METRE. ) );
#7679 = ORIENTED_EDGE ( 'NONE', *, *, #5072, .F. ) ;
#7680 = FILL_AREA_STYLE ('',( #10733 ) ) ;
#7681 = VERTEX_POINT ( 'NONE', #11307 ) ;
#7682 = ORIENTED_EDGE ( 'NONE', *, *, #2062, .F. ) ;
#7683 = EDGE_CURVE ( 'NONE', #6563, #7017, #6547, .T. ) ;
#7684 = DIRECTION ( 'NONE',  ( -3.700000000000000011E-14, 0.000000000000000000, 1.000000000000000000 ) ) ;
#7685 = CARTESIAN_POINT ( 'NONE',  ( -66.91876734635691548, -5.820804194777459806, 2.299999999999980727 ) ) ;
#7686 = LINE ( 'NONE', #2952, #5825 ) ;
#7687 = CARTESIAN_POINT ( 'NONE',  ( -67.26388888888887152, -10.44999999999999929, 2.999999999999968026 ) ) ;
#7688 =( GEOMETRIC_REPRESENTATION_CONTEXT ( 3 ) GLOBAL_UNCERTAINTY_ASSIGNED_CONTEXT ( ( #5272 ) ) GLOBAL_UNIT_ASSIGNED_CONTEXT ( ( #1708, #6797, #3873 ) ) REPRESENTATION_CONTEXT ( 'NONE', 'WORKASPACE' ) );
#7689 = PRESENTATION_LAYER_ASSIGNMENT (  '', '', ( #10279 ) ) ;
#7690 =( GEOMETRIC_REPRESENTATION_CONTEXT ( 3 ) GLOBAL_UNCERTAINTY_ASSIGNED_CONTEXT ( ( #9507 ) ) GLOBAL_UNIT_ASSIGNED_CONTEXT ( ( #10530, #6774, #10397 ) ) REPRESENTATION_CONTEXT ( 'NONE', 'WORKASPACE' ) );
#7691 = DIRECTION ( 'NONE',  ( 0.000000000000000000, -1.000000000000000000, 0.000000000000000000 ) ) ;
#7692 = COLOUR_RGB ( '',0.007843137254901960675, 0.007843137254901960675, 0.007843137254901960675 ) ;
#7693 = PRESENTATION_LAYER_ASSIGNMENT (  '', '', ( #10881 ) ) ;
#7694 = DIRECTION ( 'NONE',  ( -3.700000000000000011E-14, 0.000000000000000000, 1.000000000000000000 ) ) ;
#7695 =( NAMED_UNIT ( * ) PLANE_ANGLE_UNIT ( ) SI_UNIT ( $, .RADIAN. ) );
#7696 = CARTESIAN_POINT ( 'NONE',  ( -66.30000000000114824, 1.100000000000000311, 4.150000000000011902 ) ) ;
#7697 = ORIENTED_EDGE ( 'NONE', *, *, #3408, .T. ) ;
#7698 = ORIENTED_EDGE ( 'NONE', *, *, #9117, .T. ) ;
#7699 = ORIENTED_EDGE ( 'NONE', *, *, #12350, .F. ) ;
#7700 = AXIS2_PLACEMENT_3D ( 'NONE', #10626, #4941, #6928 ) ;
#7701 = PLANE ( 'NONE',  #3224 ) ;
#7702 = ORIENTED_EDGE ( 'NONE', *, *, #8680, .T. ) ;
#7703 = FILL_AREA_STYLE_COLOUR ( '', #388 ) ;
#7704 =( NAMED_UNIT ( * ) PLANE_ANGLE_UNIT ( ) SI_UNIT ( $, .RADIAN. ) );
#7705 = DIRECTION ( 'NONE',  ( -1.000000000000000000, -1.000000000000000078E-15, -3.700000000000000011E-14 ) ) ;
#7706 = AXIS2_PLACEMENT_3D ( 'NONE', #3614, #12172, #2629 ) ;
#7707 = DIRECTION ( 'NONE',  ( -1.000000000000000078E-15, 1.000000000000000000, 0.000000000000000000 ) ) ;
#7708 = VECTOR ( 'NONE', #6351, 1000.000000000000000 ) ;
#7709 = EDGE_CURVE ( 'NONE', #8655, #2279, #3690, .T. ) ;
#7710 = DIRECTION ( 'NONE',  ( -1.000000000000000078E-15, 1.000000000000000000, 0.000000000000000000 ) ) ;
#7711 = ORIENTED_EDGE ( 'NONE', *, *, #1819, .T. ) ;
#7712 = ORIENTED_EDGE ( 'NONE', *, *, #2091, .T. ) ;
#7713 = UNCERTAINTY_MEASURE_WITH_UNIT (LENGTH_MEASURE( 1.000000000000000082E-05 ), #886, 'distance_accuracy_value', 'NONE');
#7714 = STYLED_ITEM ( 'NONE', ( #6069 ), #4566 ) ;
#7715 = LINE ( 'NONE', #6827, #753 ) ;
#7716 = DIRECTION ( 'NONE',  ( -1.000000000000000078E-15, 1.000000000000000000, 0.000000000000000000 ) ) ;
#7717 = LINE ( 'NONE', #5981, #9399 ) ;
#7718 = AXIS2_PLACEMENT_3D ( 'NONE', #5627, #10179, #884 ) ;
#7719 =( NAMED_UNIT ( * ) SI_UNIT ( $, .STERADIAN. ) SOLID_ANGLE_UNIT ( ) );
#7720 = DIRECTION ( 'NONE',  ( -1.000000000000000078E-15, 1.000000000000000000, 0.000000000000000000 ) ) ;
#7721 = PLANE ( 'NONE',  #11275 ) ;
#7722 = SURFACE_SIDE_STYLE ('',( #10532 ) ) ;
#7723 = PLANE ( 'NONE',  #1652 ) ;
#7724 = CARTESIAN_POINT ( 'NONE',  ( -70.08055555555553440, -10.45000000000000284, 2.999999999999864109 ) ) ;
#7725 = EDGE_CURVE ( 'NONE', #6884, #1805, #11618, .T. ) ;
#7726 = VERTEX_POINT ( 'NONE', #5 ) ;
#7727 =( LENGTH_UNIT ( ) NAMED_UNIT ( * ) SI_UNIT ( .MILLI., .METRE. ) );
#7728 = SURFACE_STYLE_FILL_AREA ( #2874 ) ;
#7729 = MECHANICAL_DESIGN_GEOMETRIC_PRESENTATION_REPRESENTATION (  '', ( #8731 ), #9742 ) ;
#7730 = ADVANCED_FACE ( 'NONE', ( #1205 ), #6749, .T. ) ;
#7731 = ORIENTED_EDGE ( 'NONE', *, *, #11438, .F. ) ;
#7732 = ORIENTED_EDGE ( 'NONE', *, *, #515, .T. ) ;
#7733 = ORIENTED_EDGE ( 'NONE', *, *, #11966, .F. ) ;
#7734 = LINE ( 'NONE', #11546, #2028 ) ;
#7735 = LINE ( 'NONE', #6960, #7460 ) ;
#7736 = DIRECTION ( 'NONE',  ( -1.000000000000000000, -1.000000000000000078E-15, -3.700000000000000011E-14 ) ) ;
#7737 = PLANE ( 'NONE',  #2186 ) ;
#7738 = SURFACE_STYLE_USAGE ( .BOTH. , #3866 ) ;
#7739 = SURFACE_STYLE_USAGE ( .BOTH. , #3977 ) ;
#7740 = VECTOR ( 'NONE', #8121, 1000.000000000000000 ) ;
#7741 =( NAMED_UNIT ( * ) SI_UNIT ( $, .STERADIAN. ) SOLID_ANGLE_UNIT ( ) );
#7742 = ORIENTED_EDGE ( 'NONE', *, *, #12104, .T. ) ;
#7743 = ORIENTED_EDGE ( 'NONE', *, *, #332, .F. ) ;
#7744 = ORIENTED_EDGE ( 'NONE', *, *, #7956, .T. ) ;
#7745 = FILL_AREA_STYLE ('',( #5638 ) ) ;
#7746 = FILL_AREA_STYLE ('',( #4556 ) ) ;
#7747 = FILL_AREA_STYLE_COLOUR ( '', #3550 ) ;
#7748 = STYLED_ITEM ( 'NONE', ( #6990 ), #761 ) ;
#7749 = UNCERTAINTY_MEASURE_WITH_UNIT (LENGTH_MEASURE( 1.000000000000000082E-05 ), #7997, 'distance_accuracy_value', 'NONE');
#7750 = DIRECTION ( 'NONE',  ( -1.000000000000000078E-15, 1.000000000000000000, 0.000000000000000000 ) ) ;
#7751 = VECTOR ( 'NONE', #6411, 1000.000000000000000 ) ;
#7752 = EDGE_CURVE ( 'NONE', #23, #11595, #5974, .T. ) ;
#7753 = CARTESIAN_POINT ( 'NONE',  ( -66.38999999999994373, -9.259094657478639689, 2.300000000000000711 ) ) ;
#7755 = VECTOR ( 'NONE', #6360, 1000.000000000000000 ) ;
#7754 = STYLED_ITEM ( 'NONE', ( #7839 ), #5455 ) ;
#7756 = ORIENTED_EDGE ( 'NONE', *, *, #3134, .T. ) ;
#7757 = ORIENTED_EDGE ( 'NONE', *, *, #2054, .F. ) ;
#7758 = ORIENTED_EDGE ( 'NONE', *, *, #2429, .F. ) ;
#7759 = FILL_AREA_STYLE_COLOUR ( '', #9763 ) ;
#7760 = EDGE_LOOP ( 'NONE', ( #5239, #10342, #7482, #1131 ) ) ;
#7761 = CARTESIAN_POINT ( 'NONE',  ( -61.35000000000002984, -4.449999999999993960, 4.250000000000186517 ) ) ;
#7762 = STYLED_ITEM ( 'NONE', ( #9847 ), #5611 ) ;
#7763 = CARTESIAN_POINT ( 'NONE',  ( -63.56568542494919427, -9.849999999999996092, 2.500000000000105249 ) ) ;
#7764 = ADVANCED_FACE ( 'NONE', ( #5716 ), #8881, .T. ) ;
#7765 = CARTESIAN_POINT ( 'NONE',  ( -65.53611111111111143, -3.949999999999998845, 3.300000000000032241 ) ) ;
#7766 = FILL_AREA_STYLE_COLOUR ( '', #2203 ) ;
#7767 = ADVANCED_FACE ( 'NONE', ( #6685 ), #10504, .F. ) ;
#7768 = DIRECTION ( 'NONE',  ( -1.000000000000000000, -1.000000000000000472E-15, -3.700000000000000011E-14 ) ) ;
#7769 = EDGE_CURVE ( 'NONE', #11219, #10602, #9997, .T. ) ;
#7770 = VECTOR ( 'NONE', #12230, 1000.000000000000000 ) ;
#7771 = ORIENTED_EDGE ( 'NONE', *, *, #3982, .F. ) ;
#7772 = ORIENTED_EDGE ( 'NONE', *, *, #10874, .F. ) ;
#7773 = CARTESIAN_POINT ( 'NONE',  ( -66.00555555555555998, -10.44999999999999929, 3.300000000000014921 ) ) ;
#7774 = AXIS2_PLACEMENT_3D ( 'NONE', #11094, #7150, #6261 ) ;
#7775 = DIRECTION ( 'NONE',  ( -1.000000000000000078E-15, 1.000000000000000000, 0.000000000000000000 ) ) ;
#7776 =( NAMED_UNIT ( * ) SI_UNIT ( $, .STERADIAN. ) SOLID_ANGLE_UNIT ( ) );
#7777 = FILL_AREA_STYLE_COLOUR ( '', #4240 ) ;
#7778 =( GEOMETRIC_REPRESENTATION_CONTEXT ( 3 ) GLOBAL_UNCERTAINTY_ASSIGNED_CONTEXT ( ( #6070 ) ) GLOBAL_UNIT_ASSIGNED_CONTEXT ( ( #7479, #6728, #11359 ) ) REPRESENTATION_CONTEXT ( 'NONE', 'WORKASPACE' ) );
#7779 = DIRECTION ( 'NONE',  ( -3.700000000000000011E-14, 0.000000000000000000, 1.000000000000000000 ) ) ;
#7780 =( LENGTH_UNIT ( ) NAMED_UNIT ( * ) SI_UNIT ( .MILLI., .METRE. ) );
#7781 = EDGE_LOOP ( 'NONE', ( #7842, #12376, #5835, #8232 ) ) ;
#7782 = FILL_AREA_STYLE ('',( #4803 ) ) ;
#7783 =( NAMED_UNIT ( * ) PLANE_ANGLE_UNIT ( ) SI_UNIT ( $, .RADIAN. ) );
#7784 = ORIENTED_EDGE ( 'NONE', *, *, #4729, .F. ) ;
#7785 = VERTEX_POINT ( 'NONE', #5252 ) ;
#7786 = DIRECTION ( 'NONE',  ( -1.000000000000000000, 0.000000000000000000, -3.903127820947704260E-14 ) ) ;
#7787 = CARTESIAN_POINT ( 'NONE',  ( -70.54999999999998295, -10.45000000000000284, 3.299999999999846612 ) ) ;
#7788 = UNCERTAINTY_MEASURE_WITH_UNIT (LENGTH_MEASURE( 1.000000000000000082E-05 ), #4661, 'distance_accuracy_value', 'NONE');
#7789 =( LENGTH_UNIT ( ) NAMED_UNIT ( * ) SI_UNIT ( .MILLI., .METRE. ) );
#7790 = LINE ( 'NONE', #6849, #6684 ) ;
#7791 = FILL_AREA_STYLE_COLOUR ( '', #4184 ) ;
#7792 = ORIENTED_EDGE ( 'NONE', *, *, #2502, .T. ) ;
#7793 = COLOUR_RGB ( '',0.9529411764705881804, 0.7960784313725489669, 0.4862745098039215619 ) ;
#7794 = ORIENTED_EDGE ( 'NONE', *, *, #5233, .F. ) ;
#7795 = ORIENTED_EDGE ( 'NONE', *, *, #4302, .T. ) ;
#7796 = SURFACE_STYLE_USAGE ( .BOTH. , #958 ) ;
#7797 = CARTESIAN_POINT ( 'NONE',  ( -61.90000000000003411, -0.4499998509883939013, 4.050000000000165912 ) ) ;
#7798 = CARTESIAN_POINT ( 'NONE',  ( -61.89999999999999147, -10.44999999999999396, 3.300000000000166356 ) ) ;
#7799 = EDGE_CURVE ( 'NONE', #4170, #6564, #6289, .T. ) ;
#7800 = EDGE_CURVE ( 'NONE', #1520, #3416, #7236, .T. ) ;
#7801 = FACE_OUTER_BOUND ( 'NONE', #10765, .T. ) ;
#7802 = CARTESIAN_POINT ( 'NONE',  ( -64.15000000000004832, -9.499999999999996447, 4.800000000000083311 ) ) ;
#7803 = DIRECTION ( 'NONE',  ( 1.000000000000000078E-15, -1.000000000000000000, 0.000000000000000000 ) ) ;
#7804 = DIRECTION ( 'NONE',  ( -0.3017120651455319491, 0.9533990925869492150, -1.445602896647446320E-14 ) ) ;
#7805 = DIRECTION ( 'NONE',  ( -0.6623823368164316605, 0.7491659628370761492, -2.467411699244869292E-14 ) ) ;
#7806 = VERTEX_POINT ( 'NONE', #3372 ) ;
#7807 = VERTEX_POINT ( 'NONE', #10127 ) ;
#7808 = VECTOR ( 'NONE', #4394, 1000.000000000000000 ) ;
#7809 = VERTEX_POINT ( 'NONE', #5124 ) ;
#7810 =( NAMED_UNIT ( * ) SI_UNIT ( $, .STERADIAN. ) SOLID_ANGLE_UNIT ( ) );
#7811 = FILL_AREA_STYLE_COLOUR ( '', #1267 ) ;
#7812 = ORIENTED_EDGE ( 'NONE', *, *, #9373, .F. ) ;
#7813 = EDGE_CURVE ( 'NONE', #10720, #551, #1518, .T. ) ;
#7814 = PLANE ( 'NONE',  #1559 ) ;
#7815 = FILL_AREA_STYLE_COLOUR ( '', #6065 ) ;
#7816 = MECHANICAL_DESIGN_GEOMETRIC_PRESENTATION_REPRESENTATION (  '', ( #6202 ), #4378 ) ;
#7817 = VECTOR ( 'NONE', #8057, 1000.000000000000000 ) ;
#7819 = EDGE_CURVE ( 'NONE', #10453, #2887, #10933, .T. ) ;
#7818 = CARTESIAN_POINT ( 'NONE',  ( -61.15000000000001279, -10.44999999999999396, 3.715685424949433546 ) ) ;
#7820 = EDGE_LOOP ( 'NONE', ( #5172, #12322, #4598, #10637 ) ) ;
#7821 = COLOUR_RGB ( '',0.9529411764705881804, 0.7960784313725489669, 0.4862745098039215619 ) ;
#7822 = SURFACE_STYLE_USAGE ( .BOTH. , #3947 ) ;
#7823 = ORIENTED_EDGE ( 'NONE', *, *, #9683, .F. ) ;
#7824 = ADVANCED_FACE ( 'NONE', ( #11863 ), #444, .T. ) ;
#7825 = EDGE_LOOP ( 'NONE', ( #7329, #97, #2748, #1171 ) ) ;
#7826 = UNCERTAINTY_MEASURE_WITH_UNIT (LENGTH_MEASURE( 1.000000000000000082E-05 ), #11889, 'distance_accuracy_value', 'NONE');
#7827 = LINE ( 'NONE', #8722, #4268 ) ;
#7828 = AXIS2_PLACEMENT_3D ( 'NONE', #2293, #8170, #1440 ) ;
#7829 = EDGE_CURVE ( 'NONE', #2858, #11299, #11796, .T. ) ;
#7830 = CARTESIAN_POINT ( 'NONE',  ( -69.23431457505071762, -8.050000000000000711, 2.499999999999895639 ) ) ;
#7831 = FILL_AREA_STYLE_COLOUR ( '', #4127 ) ;
#7832 = PRESENTATION_STYLE_ASSIGNMENT (( #4144 ) ) ;
#7833 = EDGE_CURVE ( 'NONE', #8850, #4737, #3195, .T. ) ;
#7834 = DIRECTION ( 'NONE',  ( -1.000000000000000000, -1.000000000000000078E-15, -3.700000000000000011E-14 ) ) ;
#7835 = FACE_OUTER_BOUND ( 'NONE', #11934, .T. ) ;
#7836 = LINE ( 'NONE', #2989, #5236 ) ;
#7837 = AXIS2_PLACEMENT_3D ( 'NONE', #933, #10462, #4800 ) ;
#7838 = ORIENTED_EDGE ( 'NONE', *, *, #12229, .F. ) ;
#7839 = PRESENTATION_STYLE_ASSIGNMENT (( #12403 ) ) ;
#7840 = DIRECTION ( 'NONE',  ( -1.000000000000000078E-15, 1.000000000000000000, 0.000000000000000000 ) ) ;
#7841 = ORIENTED_EDGE ( 'NONE', *, *, #1756, .T. ) ;
#7842 = ORIENTED_EDGE ( 'NONE', *, *, #3802, .T. ) ;
#7843 =( LENGTH_UNIT ( ) NAMED_UNIT ( * ) SI_UNIT ( .MILLI., .METRE. ) );
#7844 = UNCERTAINTY_MEASURE_WITH_UNIT (LENGTH_MEASURE( 1.000000000000000082E-05 ), #10700, 'distance_accuracy_value', 'NONE');
#7845 = CARTESIAN_POINT ( 'NONE',  ( -61.54999999999996874, 1.550000000000006262, 2.300000000000179678 ) ) ;
#7846 = AXIS2_PLACEMENT_3D ( 'NONE', #3466, #4333, #11826 ) ;
#7847 = FILL_AREA_STYLE_COLOUR ( '', #5117 ) ;
#7848 = AXIS2_PLACEMENT_3D ( 'NONE', #6740, #1941, #12368 ) ;
#7849 = CARTESIAN_POINT ( 'NONE',  ( -66.94444444444442865, -10.44999999999999929, 2.999999999999980016 ) ) ;
#7850 = DIRECTION ( 'NONE',  ( 1.000000000000000000, 9.999999999999923863E-16, 3.700000000000010109E-14 ) ) ;
#7851 = DIRECTION ( 'NONE',  ( -3.700000000000000011E-14, 0.000000000000000000, 1.000000000000000000 ) ) ;
#7852 = ORIENTED_EDGE ( 'NONE', *, *, #8312, .T. ) ;
#7853 = PRESENTATION_STYLE_ASSIGNMENT (( #1015 ) ) ;
#7854 = VECTOR ( 'NONE', #9087, 1000.000000000000000 ) ;
#7855 = VECTOR ( 'NONE', #8306, 1000.000000000000000 ) ;
#7856 =( GEOMETRIC_REPRESENTATION_CONTEXT ( 3 ) GLOBAL_UNCERTAINTY_ASSIGNED_CONTEXT ( ( #2104 ) ) GLOBAL_UNIT_ASSIGNED_CONTEXT ( ( #10318, #2459, #8391 ) ) REPRESENTATION_CONTEXT ( 'NONE', 'WORKASPACE' ) );
#7857 = ORIENTED_EDGE ( 'NONE', *, *, #6605, .T. ) ;
#7858 = ORIENTED_EDGE ( 'NONE', *, *, #2198, .T. ) ;
#7859 = AXIS2_PLACEMENT_3D ( 'NONE', #2749, #1807, #4739 ) ;
#7860 = LINE ( 'NONE', #360, #2648 ) ;
#7861 = CARTESIAN_POINT ( 'NONE',  ( -69.29166666666665719, -10.45000000000000284, 2.999999999999893419 ) ) ;
#7862 =( LENGTH_UNIT ( ) NAMED_UNIT ( * ) SI_UNIT ( .MILLI., .METRE. ) );
#7863 =( NAMED_UNIT ( * ) PLANE_ANGLE_UNIT ( ) SI_UNIT ( $, .RADIAN. ) );
#7864 = DIRECTION ( 'NONE',  ( -1.000000000000000000, 0.000000000000000000, -3.903127820947704260E-14 ) ) ;
#7865 = AXIS2_PLACEMENT_3D ( 'NONE', #4070, #188, #10806 ) ;
#7866 = CARTESIAN_POINT ( 'NONE',  ( -70.25000000000004263, -8.300000000000004263, 4.799999999999858602 ) ) ;
#7867 = SURFACE_SIDE_STYLE ('',( #4893 ) ) ;
#7868 = MECHANICAL_DESIGN_GEOMETRIC_PRESENTATION_REPRESENTATION (  '', ( #11250 ), #8882 ) ;
#7869 = EDGE_CURVE ( 'NONE', #511, #8439, #7050, .T. ) ;
#7870 = ORIENTED_EDGE ( 'NONE', *, *, #6673, .F. ) ;
#7871 = ORIENTED_EDGE ( 'NONE', *, *, #2478, .T. ) ;
#7872 = ORIENTED_EDGE ( 'NONE', *, *, #128, .F. ) ;
#7873 = ADVANCED_FACE ( 'NONE', ( #5542 ), #11476, .F. ) ;
#7874 = VECTOR ( 'NONE', #12176, 1000.000000000000000 ) ;
#7875 = VECTOR ( 'NONE', #4825, 1000.000000000000000 ) ;
#7876 = ORIENTED_EDGE ( 'NONE', *, *, #8950, .F. ) ;
#7877 = DIRECTION ( 'NONE',  ( -1.000000000000000000, -1.000000000000000078E-15, -3.700000000000000011E-14 ) ) ;
#7878 = VECTOR ( 'NONE', #11075, 1000.000000000000000 ) ;
#7879 = VECTOR ( 'NONE', #10238, 1000.000000000000000 ) ;
#7880 = MECHANICAL_DESIGN_GEOMETRIC_PRESENTATION_REPRESENTATION (  '', ( #3437 ), #10481 ) ;
#7881 = STYLED_ITEM ( 'NONE', ( #6934 ), #767 ) ;
#7882 = CARTESIAN_POINT ( 'NONE',  ( -66.32499999999998863, -10.44999999999999929, 3.300000000000002931 ) ) ;
#7883 = EDGE_CURVE ( 'NONE', #8803, #1814, #12222, .T. ) ;
#7884 = CARTESIAN_POINT ( 'NONE',  ( -66.38999999999995794, -2.449999999999998845, 2.300000000000000711 ) ) ;
#7885 = ORIENTED_EDGE ( 'NONE', *, *, #11927, .T. ) ;
#7886 = CARTESIAN_POINT ( 'NONE',  ( -67.00000000000004263, -9.700000000000001066, 4.799999999999977618 ) ) ;
#7887 = AXIS2_PLACEMENT_3D ( 'NONE', #6181, #1237, #4149 ) ;
#7888 = MECHANICAL_DESIGN_GEOMETRIC_PRESENTATION_REPRESENTATION (  '', ( #11677 ), #2234 ) ;
#7889 = STYLED_ITEM ( 'NONE', ( #5585 ), #9803 ) ;
#7890 = DIRECTION ( 'NONE',  ( -3.700000000000000011E-14, 0.000000000000000000, 1.000000000000000000 ) ) ;
#7891 = ORIENTED_EDGE ( 'NONE', *, *, #10699, .T. ) ;
#7892 = VERTEX_POINT ( 'NONE', #8489 ) ;
#7893 = DIRECTION ( 'NONE',  ( -3.700000000000000011E-14, 0.000000000000000000, 1.000000000000000000 ) ) ;
#7894 = LINE ( 'NONE', #11702, #9222 ) ;
#7895 = DIRECTION ( 'NONE',  ( 1.000000000000000000, 1.000000000000000078E-15, 3.700000000000000011E-14 ) ) ;
#7896 = AXIS2_PLACEMENT_3D ( 'NONE', #8061, #2252, #7120 ) ;
#7897 = CARTESIAN_POINT ( 'NONE',  ( -66.40999999999995396, -4.874284969711169424, 2.309999999999999609 ) ) ;
#7898 =( GEOMETRIC_REPRESENTATION_CONTEXT ( 3 ) GLOBAL_UNCERTAINTY_ASSIGNED_CONTEXT ( ( #10708 ) ) GLOBAL_UNIT_ASSIGNED_CONTEXT ( ( #12315, #6678, #11374 ) ) REPRESENTATION_CONTEXT ( 'NONE', 'WORKASPACE' ) );
#7899 = EDGE_CURVE ( 'NONE', #1549, #11909, #10404, .T. ) ;
#7900 =( NAMED_UNIT ( * ) PLANE_ANGLE_UNIT ( ) SI_UNIT ( $, .RADIAN. ) );
#7901 = VERTEX_POINT ( 'NONE', #12404 ) ;
#7902 =( NAMED_UNIT ( * ) SI_UNIT ( $, .STERADIAN. ) SOLID_ANGLE_UNIT ( ) );
#7903 = SURFACE_STYLE_USAGE ( .BOTH. , #1311 ) ;
#7904 = EDGE_CURVE ( 'NONE', #5907, #7239, #10537, .T. ) ;
#7905 = PRESENTATION_LAYER_ASSIGNMENT (  '', '', ( #6487 ) ) ;
#7906 = ORIENTED_EDGE ( 'NONE', *, *, #10555, .T. ) ;
#7907 = PRESENTATION_LAYER_ASSIGNMENT (  '', '', ( #10310 ) ) ;
#7908 = ORIENTED_EDGE ( 'NONE', *, *, #10669, .F. ) ;
#7909 = DIRECTION ( 'NONE',  ( -1.000000000000000000, -1.000000000000000078E-15, -3.700000000000000011E-14 ) ) ;
#7910 = FACE_OUTER_BOUND ( 'NONE', #4013, .T. ) ;
#7911 = SURFACE_SIDE_STYLE ('',( #6066 ) ) ;
#7912 = DIRECTION ( 'NONE',  ( -1.000000000000000000, -9.999999999999699038E-16, -3.252606517456419901E-14 ) ) ;
#7913 = EDGE_CURVE ( 'NONE', #4554, #11573, #43, .T. ) ;
#7914 = CARTESIAN_POINT ( 'NONE',  ( -68.65000000000004832, -9.500000000000001776, 4.799999999999917222 ) ) ;
#7915 = CARTESIAN_POINT ( 'NONE',  ( -66.92056546040062415, -8.901584320448980847, 2.299999999999980727 ) ) ;
#7916 = FACE_OUTER_BOUND ( 'NONE', #744, .T. ) ;
#7917 = VECTOR ( 'NONE', #7335, 1000.000000000000000 ) ;
#7918 = LINE ( 'NONE', #2775, #6378 ) ;
#7919 = ORIENTED_EDGE ( 'NONE', *, *, #10669, .T. ) ;
#7920 = DIRECTION ( 'NONE',  ( -0.9992356792788540387, -0.03909037293410170394, -3.418965546475584628E-14 ) ) ;
#7921 = COLOUR_RGB ( '',0.007843137254901960675, 0.007843137254901960675, 0.007843137254901960675 ) ;
#7922 = ADVANCED_FACE ( 'NONE', ( #3856 ), #6522, .T. ) ;
#7923 = ORIENTED_EDGE ( 'NONE', *, *, #5180, .F. ) ;
#7924 = ORIENTED_EDGE ( 'NONE', *, *, #2133, .T. ) ;
#7925 = FACE_OUTER_BOUND ( 'NONE', #10944, .T. ) ;
#7926 = LINE ( 'NONE', #2119, #2692 ) ;
#7927 = SURFACE_STYLE_USAGE ( .BOTH. , #7635 ) ;
#7928 = UNCERTAINTY_MEASURE_WITH_UNIT (LENGTH_MEASURE( 1.000000000000000082E-05 ), #10875, 'distance_accuracy_value', 'NONE');
#7929 = PRESENTATION_LAYER_ASSIGNMENT (  '', '', ( #6924 ) ) ;
#7930 = ADVANCED_FACE ( 'NONE', ( #5690 ), #9559, .T. ) ;
#7931 = SURFACE_SIDE_STYLE ('',( #10558 ) ) ;
#7932 = LINE ( 'NONE', #11567, #2030 ) ;
#7933 = FILL_AREA_STYLE_COLOUR ( '', #2247 ) ;
#7934 = SURFACE_STYLE_FILL_AREA ( #9005 ) ;
#7935 = ORIENTED_EDGE ( 'NONE', *, *, #44, .T. ) ;
#7936 = ORIENTED_EDGE ( 'NONE', *, *, #2054, .T. ) ;
#7937 = EDGE_LOOP ( 'NONE', ( #4747, #1298, #5890, #6524 ) ) ;
#7938 = FACE_OUTER_BOUND ( 'NONE', #4960, .T. ) ;
#7939 = ORIENTED_EDGE ( 'NONE', *, *, #10767, .T. ) ;
#7940 = FILL_AREA_STYLE_COLOUR ( '', #5958 ) ;
#7941 =( NAMED_UNIT ( * ) PLANE_ANGLE_UNIT ( ) SI_UNIT ( $, .RADIAN. ) );
#7942 =( NAMED_UNIT ( * ) SI_UNIT ( $, .STERADIAN. ) SOLID_ANGLE_UNIT ( ) );
#7943 =( NAMED_UNIT ( * ) SI_UNIT ( $, .STERADIAN. ) SOLID_ANGLE_UNIT ( ) );
#7944 = ORIENTED_EDGE ( 'NONE', *, *, #8672, .T. ) ;
#7945 = DIRECTION ( 'NONE',  ( 1.000000000000000078E-15, -1.000000000000000000, 0.000000000000000000 ) ) ;
#7946 = DIRECTION ( 'NONE',  ( 0.07035951977531848534, -0.9975216979980869869, 2.551296930355269448E-15 ) ) ;
#7947 =( NAMED_UNIT ( * ) PLANE_ANGLE_UNIT ( ) SI_UNIT ( $, .RADIAN. ) );
#7948 = ORIENTED_EDGE ( 'NONE', *, *, #557, .F. ) ;
#7949 = EDGE_LOOP ( 'NONE', ( #2628, #6329, #3941, #220 ) ) ;
#7950 = UNCERTAINTY_MEASURE_WITH_UNIT (LENGTH_MEASURE( 1.000000000000000082E-05 ), #9990, 'distance_accuracy_value', 'NONE');
#7951 = SURFACE_SIDE_STYLE ('',( #327 ) ) ;
#7952 = AXIS2_PLACEMENT_3D ( 'NONE', #5291, #3354, #8994 ) ;
#7953 = DIRECTION ( 'NONE',  ( -0.9915896977177649507, 0.1294212941520502536, -3.571489509363875098E-14 ) ) ;
#7954 = LINE ( 'NONE', #11587, #6163 ) ;
#7955 = EDGE_CURVE ( 'NONE', #1342, #11926, #8976, .T. ) ;
#7956 = EDGE_CURVE ( 'NONE', #4751, #10210, #3054, .T. ) ;
#7957 = FILL_AREA_STYLE_COLOUR ( '', #856 ) ;
#7958 = PLANE ( 'NONE',  #6189 ) ;
#7959 = PRESENTATION_STYLE_ASSIGNMENT (( #4148 ) ) ;
#7960 = AXIS2_PLACEMENT_3D ( 'NONE', #4035, #2286, #9038 ) ;
#7961 = EDGE_LOOP ( 'NONE', ( #5308, #3216, #2131, #9542 ) ) ;
#7962 = FACE_OUTER_BOUND ( 'NONE', #918, .T. ) ;
#7963 =( GEOMETRIC_REPRESENTATION_CONTEXT ( 3 ) GLOBAL_UNCERTAINTY_ASSIGNED_CONTEXT ( ( #4290 ) ) GLOBAL_UNIT_ASSIGNED_CONTEXT ( ( #476, #3339, #1369 ) ) REPRESENTATION_CONTEXT ( 'NONE', 'WORKASPACE' ) );
#7964 = VERTEX_POINT ( 'NONE', #10835 ) ;
#7965 = STYLED_ITEM ( 'NONE', ( #3113 ), #1722 ) ;
#7966 = VERTEX_POINT ( 'NONE', #6901 ) ;
#7967 = ORIENTED_EDGE ( 'NONE', *, *, #3430, .T. ) ;
#7968 = LINE ( 'NONE', #10839, #11148 ) ;
#7969 = DIRECTION ( 'NONE',  ( -1.000000000000000000, -1.000000000000000078E-15, -3.700000000000000011E-14 ) ) ;
#7970 = LINE ( 'NONE', #5043, #2027 ) ;
#7971 = FILL_AREA_STYLE ('',( #9798 ) ) ;
#7972 = VECTOR ( 'NONE', #3240, 1000.000000000000000 ) ;
#7973 = DIRECTION ( 'NONE',  ( 0.9992356792788540387, 0.03909037293410170394, 3.418965546475584628E-14 ) ) ;
#7974 = MECHANICAL_DESIGN_GEOMETRIC_PRESENTATION_REPRESENTATION (  '', ( #6955 ), #4119 ) ;
#7975 = CARTESIAN_POINT ( 'NONE',  ( -65.38611111111110574, -3.949999999999998845, 3.075000000000037925 ) ) ;
#7976 = PLANE ( 'NONE',  #9864 ) ;
#7977 = UNCERTAINTY_MEASURE_WITH_UNIT (LENGTH_MEASURE( 1.000000000000000082E-05 ), #7678, 'distance_accuracy_value', 'NONE');
#7978 = FILL_AREA_STYLE ('',( #11842 ) ) ;
#7979 = ORIENTED_EDGE ( 'NONE', *, *, #3725, .T. ) ;
#7980 = EDGE_CURVE ( 'NONE', #1964, #10114, #11594, .T. ) ;
#7981 = DIRECTION ( 'NONE',  ( -1.000000000000000472E-15, 1.000000000000000000, -3.709860761315264637E-29 ) ) ;
#7982 = AXIS2_PLACEMENT_3D ( 'NONE', #330, #4142, #11890 ) ;
#7983 = EDGE_LOOP ( 'NONE', ( #6328, #1463, #4296, #11870 ) ) ;
#7984 = ORIENTED_EDGE ( 'NONE', *, *, #2243, .T. ) ;
#7985 = CARTESIAN_POINT ( 'NONE',  ( -71.45000000000004547, -10.45000000000000462, 4.599999999999813127 ) ) ;
#7986 = DIRECTION ( 'NONE',  ( -3.700000000000000011E-14, 0.000000000000000000, 1.000000000000000000 ) ) ;
#7987 = EDGE_CURVE ( 'NONE', #2489, #3571, #11710, .T. ) ;
#7988 = ADVANCED_FACE ( 'NONE', ( #7014 ), #9793, .T. ) ;
#7989 = CARTESIAN_POINT ( 'NONE',  ( -65.31666666666779975, -0.4499998509883973430, 3.800000000000040234 ) ) ;
#7990 = LINE ( 'NONE', #3131, #1176 ) ;
#7991 = ADVANCED_FACE ( 'NONE', ( #8788 ), #154, .T. ) ;
#7992 = UNCERTAINTY_MEASURE_WITH_UNIT (LENGTH_MEASURE( 1.000000000000000082E-05 ), #7306, 'distance_accuracy_value', 'NONE');
#7993 = CARTESIAN_POINT ( 'NONE',  ( -67.48333333333447115, 0.5499999999999983791, 4.249999999999960032 ) ) ;
#7994 = EDGE_CURVE ( 'NONE', #10210, #7300, #6185, .T. ) ;
#7995 = VECTOR ( 'NONE', #7574, 1000.000000000000000 ) ;
#7996 = CARTESIAN_POINT ( 'NONE',  ( -68.82222222222220864, -3.950000000000001954, 3.299999999999910560 ) ) ;
#7997 =( LENGTH_UNIT ( ) NAMED_UNIT ( * ) SI_UNIT ( .MILLI., .METRE. ) );
#7998 = ORIENTED_EDGE ( 'NONE', *, *, #3859, .T. ) ;
#7999 = ORIENTED_EDGE ( 'NONE', *, *, #9743, .T. ) ;
#8000 = ORIENTED_EDGE ( 'NONE', *, *, #8217, .F. ) ;
#8001 = DIRECTION ( 'NONE',  ( 1.000000000000000078E-15, -1.000000000000000000, 0.000000000000000000 ) ) ;
#8002 = COLOUR_RGB ( '',0.9529411764705881804, 0.7960784313725489669, 0.4862745098039215619 ) ;
#8003 = SURFACE_SIDE_STYLE ('',( #9884 ) ) ;
#8004 = COLOUR_RGB ( '',0.007843137254901960675, 0.007843137254901960675, 0.007843137254901960675 ) ;
#8005 = VERTEX_POINT ( 'NONE', #7326 ) ;
#8006 = CARTESIAN_POINT ( 'NONE',  ( -62.64444444444443150, -3.949999999999996181, 3.150000000000139355 ) ) ;
#8007 = DIRECTION ( 'NONE',  ( 1.000000000000000000, 0.000000000000000000, 3.903127820947839313E-14 ) ) ;
#8008 = ORIENTED_EDGE ( 'NONE', *, *, #3181, .T. ) ;
#8009 = CARTESIAN_POINT ( 'NONE',  ( -61.54999999999998295, 1.550000000000006262, 2.700000000000179590 ) ) ;
#8010 = VECTOR ( 'NONE', #4599, 1000.000000000000000 ) ;
#8011 = STYLED_ITEM ( 'NONE', ( #2706 ), #7598 ) ;
#8012 = LINE ( 'NONE', #11695, #8428 ) ;
#8013 = PRESENTATION_LAYER_ASSIGNMENT (  '', '', ( #1193 ) ) ;
#8014 = DIRECTION ( 'NONE',  ( -1.000000000000000000, -1.000000000000000078E-15, -3.700000000000000011E-14 ) ) ;
#8015 = ORIENTED_EDGE ( 'NONE', *, *, #2586, .T. ) ;
#8016 = ORIENTED_EDGE ( 'NONE', *, *, #3347, .F. ) ;
#8017 = CARTESIAN_POINT ( 'NONE',  ( -66.32499999999998863, -10.44999999999999929, 3.300000000000002931 ) ) ;
#8018 = PRESENTATION_STYLE_ASSIGNMENT (( #7075 ) ) ;
#8019 = AXIS2_PLACEMENT_3D ( 'NONE', #5333, #12083, #1426 ) ;
#8020 = MECHANICAL_DESIGN_GEOMETRIC_PRESENTATION_REPRESENTATION (  '', ( #4964 ), #2575 ) ;
#8021 = CARTESIAN_POINT ( 'NONE',  ( -70.37573593128804816, -2.450000000000002398, 2.558578643762543958 ) ) ;
#8022 = MECHANICAL_DESIGN_GEOMETRIC_PRESENTATION_REPRESENTATION (  '', ( #4781 ), #12213 ) ;
#8023 = PLANE ( 'NONE',  #10212 ) ;
#8024 = CARTESIAN_POINT ( 'NONE',  ( -66.56111111111225398, -0.4499999999999990119, 4.049999999999994493 ) ) ;
#8025 = SURFACE_SIDE_STYLE ('',( #11895 ) ) ;
#8026 = ORIENTED_EDGE ( 'NONE', *, *, #7833, .T. ) ;
#8027 = LINE ( 'NONE', #5154, #11150 ) ;
#8028 = VECTOR ( 'NONE', #3633, 1000.000000000000000 ) ;
#8029 = EDGE_CURVE ( 'NONE', #2048, #5019, #477, .T. ) ;
#8030 = ORIENTED_EDGE ( 'NONE', *, *, #11516, .T. ) ;
#8031 = PRESENTATION_LAYER_ASSIGNMENT (  '', '', ( #11434 ) ) ;
#8032 = ORIENTED_EDGE ( 'NONE', *, *, #11844, .T. ) ;
#8033 = EDGE_CURVE ( 'NONE', #10162, #11909, #3290, .T. ) ;
#8034 = LINE ( 'NONE', #10154, #6191 ) ;
#8035 = DIRECTION ( 'NONE',  ( -1.000000000000000000, 8.673617379883787770E-15, -3.469446951953515108E-14 ) ) ;
#8036 =( NAMED_UNIT ( * ) SI_UNIT ( $, .STERADIAN. ) SOLID_ANGLE_UNIT ( ) );
#8037 = AXIS2_PLACEMENT_3D ( 'NONE', #3659, #11404, #5472 ) ;
#8038 = AXIS2_PLACEMENT_3D ( 'NONE', #10547, #754, #9568 ) ;
#8039 = PLANE ( 'NONE',  #11159 ) ;
#8040 = DIRECTION ( 'NONE',  ( 1.000000000000000000, 9.999999999999923863E-16, 3.700000000000010109E-14 ) ) ;
#8041 = SURFACE_STYLE_USAGE ( .BOTH. , #4226 ) ;
#8042 = STYLED_ITEM ( 'NONE', ( #5493 ), #11118 ) ;
#8043 = DIRECTION ( 'NONE',  ( 3.700000000000000011E-14, -0.000000000000000000, -1.000000000000000000 ) ) ;
#8044 = FACE_OUTER_BOUND ( 'NONE', #9326, .T. ) ;
#8045 = EDGE_CURVE ( 'NONE', #11753, #2489, #10800, .T. ) ;
#8046 = VERTEX_POINT ( 'NONE', #11138 ) ;
#8047 = FILL_AREA_STYLE_COLOUR ( '', #5297 ) ;
#8048 = ORIENTED_EDGE ( 'NONE', *, *, #8288, .F. ) ;
#8049 = EDGE_LOOP ( 'NONE', ( #987, #6186, #4053, #185 ) ) ;
#8050 = COLOUR_RGB ( '',0.007843137254901960675, 0.007843137254901960675, 0.007843137254901960675 ) ;
#8051 =( NAMED_UNIT ( * ) SI_UNIT ( $, .STERADIAN. ) SOLID_ANGLE_UNIT ( ) );
#8052 = COLOUR_RGB ( '',0.007843137254901960675, 0.007843137254901960675, 0.007843137254901960675 ) ;
#8053 = UNCERTAINTY_MEASURE_WITH_UNIT (LENGTH_MEASURE( 1.000000000000000082E-05 ), #7032, 'distance_accuracy_value', 'NONE');
#8054 = SURFACE_STYLE_FILL_AREA ( #6695 ) ;
#8055 = DIRECTION ( 'NONE',  ( -3.700000000000000011E-14, 0.000000000000000000, 1.000000000000000000 ) ) ;
#8056 =( NAMED_UNIT ( * ) SI_UNIT ( $, .STERADIAN. ) SOLID_ANGLE_UNIT ( ) );
#8057 = DIRECTION ( 'NONE',  ( 1.000000000000000000, 1.000000000000000078E-15, 3.695877884809559986E-14 ) ) ;
#8058 = STYLED_ITEM ( 'NONE', ( #11197 ), #7172 ) ;
#8059 =( GEOMETRIC_REPRESENTATION_CONTEXT ( 3 ) GLOBAL_UNCERTAINTY_ASSIGNED_CONTEXT ( ( #11301 ) ) GLOBAL_UNIT_ASSIGNED_CONTEXT ( ( #10211, #3469, #11087 ) ) REPRESENTATION_CONTEXT ( 'NONE', 'WORKASPACE' ) );
#8060 = CARTESIAN_POINT ( 'NONE',  ( -69.13431457505072331, -7.950000000000001954, 2.299999999999899014 ) ) ;
#8061 = CARTESIAN_POINT ( 'NONE',  ( -71.45000000000004547, -10.45000000000000462, 4.799999999999813305 ) ) ;
#8062 = MECHANICAL_DESIGN_GEOMETRIC_PRESENTATION_REPRESENTATION (  '', ( #8867 ), #1236 ) ;
#8063 = VECTOR ( 'NONE', #1588, 1000.000000000000000 ) ;
#8064 = EDGE_CURVE ( 'NONE', #4766, #6125, #10956, .T. ) ;
#8065 = ORIENTED_EDGE ( 'NONE', *, *, #11707, .F. ) ;
#8066 = ORIENTED_EDGE ( 'NONE', *, *, #6503, .T. ) ;
#8067 = STYLED_ITEM ( 'NONE', ( #10718 ), #2327 ) ;
#8068 = EDGE_LOOP ( 'NONE', ( #3743, #6438, #9865, #2563 ) ) ;
#8069 = FACE_OUTER_BOUND ( 'NONE', #11141, .T. ) ;
#8070 = VECTOR ( 'NONE', #4880, 1000.000000000000000 ) ;
#8071 = EDGE_CURVE ( 'NONE', #3416, #11445, #600, .T. ) ;
#8072 = AXIS2_PLACEMENT_3D ( 'NONE', #11736, #7803, #4940 ) ;
#8073 = PLANE ( 'NONE',  #5341 ) ;
#8074 = EDGE_LOOP ( 'NONE', ( #11729, #5719, #3097, #5156, #4217, #12239, #9981, #3639 ) ) ;
#8075 = PRESENTATION_STYLE_ASSIGNMENT (( #1414 ) ) ;
#8076 = LINE ( 'NONE', #11993, #5998 ) ;
#8077 =( GEOMETRIC_REPRESENTATION_CONTEXT ( 3 ) GLOBAL_UNCERTAINTY_ASSIGNED_CONTEXT ( ( #2883 ) ) GLOBAL_UNIT_ASSIGNED_CONTEXT ( ( #10753, #4123, #3267 ) ) REPRESENTATION_CONTEXT ( 'NONE', 'WORKASPACE' ) );
#8078 = STYLED_ITEM ( 'NONE', ( #8171 ), #3165 ) ;
#8079 = SURFACE_STYLE_USAGE ( .BOTH. , #4012 ) ;
#8080 = ORIENTED_EDGE ( 'NONE', *, *, #7883, .T. ) ;
#8081 = VECTOR ( 'NONE', #3515, 1000.000000000000000 ) ;
#8082 = SURFACE_STYLE_USAGE ( .BOTH. , #7951 ) ;
#8083 = COLOUR_RGB ( '',0.9529411764705881804, 0.7960784313725489669, 0.4862745098039215619 ) ;
#8084 = SURFACE_SIDE_STYLE ('',( #5025 ) ) ;
#8085 = DIRECTION ( 'NONE',  ( 3.700000000000000011E-14, 3.700000000000000308E-29, -1.000000000000000000 ) ) ;
#8086 = FILL_AREA_STYLE ('',( #4272 ) ) ;
#8087 = CARTESIAN_POINT ( 'NONE',  ( -71.44999999999997442, -2.450000000000004174, 2.699999999999828315 ) ) ;
#8088 = VECTOR ( 'NONE', #6630, 1000.000000000000000 ) ;
#8089 = EDGE_CURVE ( 'NONE', #511, #3200, #9161, .T. ) ;
#8090 = DIRECTION ( 'NONE',  ( 3.700000000000000011E-14, -6.360191048344410484E-30, -1.000000000000000000 ) ) ;
#8091 = DIRECTION ( 'NONE',  ( -8.450624072831980773E-16, 1.000000000000000000, 5.732690930521673033E-30 ) ) ;
#8092 = PRESENTATION_LAYER_ASSIGNMENT (  '', '', ( #6885 ) ) ;
#8093 = VECTOR ( 'NONE', #4239, 1000.000000000000000 ) ;
#8094 = PRESENTATION_STYLE_ASSIGNMENT (( #4210 ) ) ;
#8095 = CARTESIAN_POINT ( 'NONE',  ( -66.49999999999997158, -2.153835720085829131, 2.499999999999996447 ) ) ;
#8096 = VECTOR ( 'NONE', #1776, 999.9999999999998863 ) ;
#8097 = STYLED_ITEM ( 'NONE', ( #1775 ), #1382 ) ;
#8098 = STYLED_ITEM ( 'NONE', ( #7321 ), #2415 ) ;
#8099 = ORIENTED_EDGE ( 'NONE', *, *, #10957, .F. ) ;
#8100 = DIRECTION ( 'NONE',  ( -1.000000000000000078E-15, 1.000000000000000000, 0.000000000000000000 ) ) ;
#8101 =( GEOMETRIC_REPRESENTATION_CONTEXT ( 3 ) GLOBAL_UNCERTAINTY_ASSIGNED_CONTEXT ( ( #6529 ) ) GLOBAL_UNIT_ASSIGNED_CONTEXT ( ( #10672, #6911, #3917 ) ) REPRESENTATION_CONTEXT ( 'NONE', 'WORKASPACE' ) );
#8102 = CARTESIAN_POINT ( 'NONE',  ( -70.51715728752533607, -10.45000000000000284, 2.417157287525228071 ) ) ;
#8103 = VERTEX_POINT ( 'NONE', #8216 ) ;
#8104 = EDGE_LOOP ( 'NONE', ( #9771, #552, #6106, #6039 ) ) ;
#8105 = DIRECTION ( 'NONE',  ( 3.700000000000000011E-14, -0.000000000000000000, -1.000000000000000000 ) ) ;
#8106 = MECHANICAL_DESIGN_GEOMETRIC_PRESENTATION_REPRESENTATION (  '', ( #1478 ), #10099 ) ;
#8107 = PRESENTATION_STYLE_ASSIGNMENT (( #4220 ) ) ;
#8108 =( GEOMETRIC_REPRESENTATION_CONTEXT ( 3 ) GLOBAL_UNCERTAINTY_ASSIGNED_CONTEXT ( ( #8982 ) ) GLOBAL_UNIT_ASSIGNED_CONTEXT ( ( #9827, #11524, #2969 ) ) REPRESENTATION_CONTEXT ( 'NONE', 'WORKASPACE' ) );
#8109 = LINE ( 'NONE', #3293, #1147 ) ;
#8110 = ADVANCED_FACE ( 'NONE', ( #2471 ), #5155, .F. ) ;
#8111 = CARTESIAN_POINT ( 'NONE',  ( -70.08055555555554861, -10.45000000000000284, 3.299999999999863931 ) ) ;
#8112 =( NAMED_UNIT ( * ) SI_UNIT ( $, .STERADIAN. ) SOLID_ANGLE_UNIT ( ) );
#8113 = CARTESIAN_POINT ( 'NONE',  ( -67.41388888888889142, -3.950000000000000178, 3.224999999999962785 ) ) ;
#8114 = DIRECTION ( 'NONE',  ( -1.000000000000000000, -1.000000000000000078E-15, -3.700000000000000011E-14 ) ) ;
#8115 = VERTEX_POINT ( 'NONE', #8279 ) ;
#8116 = MECHANICAL_DESIGN_GEOMETRIC_PRESENTATION_REPRESENTATION (  '', ( #2259 ), #4653 ) ;
#8117 = VERTEX_POINT ( 'NONE', #4520 ) ;
#8118 = ORIENTED_EDGE ( 'NONE', *, *, #7652, .T. ) ;
#8119 = FILL_AREA_STYLE ('',( #9055 ) ) ;
#8120 = DIRECTION ( 'NONE',  ( 0.9992356792788540387, -0.03909037293409970554, 3.418965546475584628E-14 ) ) ;
#8121 = DIRECTION ( 'NONE',  ( 1.000000000000000000, 2.253215950407110108E-15, 3.700233906981714543E-14 ) ) ;
#8122 = CARTESIAN_POINT ( 'NONE',  ( -68.65000000000004832, -8.300000000000002487, 4.599999999999917044 ) ) ;
#8123 =( NAMED_UNIT ( * ) PLANE_ANGLE_UNIT ( ) SI_UNIT ( $, .RADIAN. ) );
#8124 =( LENGTH_UNIT ( ) NAMED_UNIT ( * ) SI_UNIT ( .MILLI., .METRE. ) );
#8125 = VECTOR ( 'NONE', #1334, 1000.000000000000000 ) ;
#8126 = EDGE_CURVE ( 'NONE', #126, #11327, #11458, .T. ) ;
#8127 = CARTESIAN_POINT ( 'NONE',  ( -69.65000000000114255, 1.099999999999996758, 4.099999999999879741 ) ) ;
#8128 = LINE ( 'NONE', #7297, #4060 ) ;
#8129 = DIRECTION ( 'NONE',  ( 0.3813383205041200874, 0.9244355495734123407, 1.577021341797110468E-14 ) ) ;
#8130 = LINE ( 'NONE', #5303, #9046 ) ;
#8131 = DIRECTION ( 'NONE',  ( 3.700000000000000011E-14, -0.000000000000000000, -1.000000000000000000 ) ) ;
#8132 = AXIS2_PLACEMENT_3D ( 'NONE', #3476, #5537, #9304 ) ;
#8133 = ORIENTED_EDGE ( 'NONE', *, *, #2502, .F. ) ;
#8134 = ORIENTED_EDGE ( 'NONE', *, *, #6845, .F. ) ;
#8135 = CARTESIAN_POINT ( 'NONE',  ( -61.26715728752537160, -10.44999999999999396, 3.432842712474807989 ) ) ;
#8136 = FILL_AREA_STYLE_COLOUR ( '', #9057 ) ;
#8137 = CARTESIAN_POINT ( 'NONE',  ( -68.82222222222219443, -10.45000000000000107, 2.999999999999910738 ) ) ;
#8138 = VERTEX_POINT ( 'NONE', #6628 ) ;
#8139 = LINE ( 'NONE', #5261, #3148 ) ;
#8140 =( LENGTH_UNIT ( ) NAMED_UNIT ( * ) SI_UNIT ( .MILLI., .METRE. ) );
#8141 = SURFACE_SIDE_STYLE ('',( #5136 ) ) ;
#8142 = VERTEX_POINT ( 'NONE', #10386 ) ;
#8143 = LINE ( 'NONE', #1531, #828 ) ;
#8144 = EDGE_CURVE ( 'NONE', #358, #7223, #5357, .T. ) ;
#8145 = DIRECTION ( 'NONE',  ( -3.700000000000000011E-14, 0.000000000000000000, 1.000000000000000000 ) ) ;
#8146 = FACE_OUTER_BOUND ( 'NONE', #407, .T. ) ;
#8147 = SURFACE_SIDE_STYLE ('',( #273 ) ) ;
#8148 = SURFACE_SIDE_STYLE ('',( #9957 ) ) ;
#8149 = EDGE_CURVE ( 'NONE', #1194, #4153, #10413, .T. ) ;
#8150 = CARTESIAN_POINT ( 'NONE',  ( -64.46568542494919996, -7.949999999999996625, 2.300000000000071765 ) ) ;
#8151 = STYLED_ITEM ( 'NONE', ( #1833 ), #751 ) ;
#8152 = EDGE_CURVE ( 'NONE', #11217, #2710, #7450, .T. ) ;
#8153 = DIRECTION ( 'NONE',  ( 1.000000000000000000, 1.000000000000000078E-15, 3.700000000000000011E-14 ) ) ;
#8154 = PRESENTATION_STYLE_ASSIGNMENT (( #474 ) ) ;
#8155 = SURFACE_STYLE_FILL_AREA ( #4276 ) ;
#8156 = DIRECTION ( 'NONE',  ( -1.000000000000000078E-15, 1.000000000000000000, 0.000000000000000000 ) ) ;
#8157 = EDGE_CURVE ( 'NONE', #8490, #8357, #723, .T. ) ;
#8158 = DIRECTION ( 'NONE',  ( 1.000000000000000000, 1.000000000000000078E-15, 3.622380020059954041E-14 ) ) ;
#8159 =( LENGTH_UNIT ( ) NAMED_UNIT ( * ) SI_UNIT ( .MILLI., .METRE. ) );
#8160 = ORIENTED_EDGE ( 'NONE', *, *, #7448, .F. ) ;
#8161 = ORIENTED_EDGE ( 'NONE', *, *, #5180, .T. ) ;
#8162 = FILL_AREA_STYLE_COLOUR ( '', #4509 ) ;
#8163 =( NAMED_UNIT ( * ) SI_UNIT ( $, .STERADIAN. ) SOLID_ANGLE_UNIT ( ) );
#8164 = DIRECTION ( 'NONE',  ( -3.700000000000000011E-14, 0.000000000000000000, 1.000000000000000000 ) ) ;
#8165 = DIRECTION ( 'NONE',  ( -3.700000000000000011E-14, 0.000000000000000000, 1.000000000000000000 ) ) ;
#8166 = SURFACE_STYLE_USAGE ( .BOTH. , #8228 ) ;
#8167 = FILL_AREA_STYLE ('',( #608 ) ) ;
#8168 = VECTOR ( 'NONE', #11897, 1000.000000000000000 ) ;
#8169 = PLANE ( 'NONE',  #6079 ) ;
#8170 = DIRECTION ( 'NONE',  ( 9.999999999999923863E-16, -1.000000000000000000, 6.360191048344121816E-30 ) ) ;
#8171 = PRESENTATION_STYLE_ASSIGNMENT (( #2294 ) ) ;
#8172 = ORIENTED_EDGE ( 'NONE', *, *, #11002, .T. ) ;
#8173 = VECTOR ( 'NONE', #3256, 1000.000000000000000 ) ;
#8174 = ORIENTED_EDGE ( 'NONE', *, *, #894, .T. ) ;
#8175 = ORIENTED_EDGE ( 'NONE', *, *, #4569, .T. ) ;
#8176 = MECHANICAL_DESIGN_GEOMETRIC_PRESENTATION_REPRESENTATION (  '', ( #10361 ), #2947 ) ;
#8177 = CARTESIAN_POINT ( 'NONE',  ( -66.83227205288426376, -5.850770833290948936, 2.309999999999984066 ) ) ;
#8178 = CARTESIAN_POINT ( 'NONE',  ( -63.65833333333331723, -10.44999999999999574, 3.300000000000101519 ) ) ;
#8179 = CARTESIAN_POINT ( 'NONE',  ( -71.45000000000004547, -10.45000000000000462, 4.599999999999813127 ) ) ;
#8180 = CIRCLE ( 'NONE', #10164, 0.4000000000000001887 ) ;
#8181 = UNCERTAINTY_MEASURE_WITH_UNIT (LENGTH_MEASURE( 1.000000000000000082E-05 ), #2434, 'distance_accuracy_value', 'NONE');
#8182 = CARTESIAN_POINT ( 'NONE',  ( -70.69999999999998863, -10.45000000000000284, 2.999999999999841460 ) ) ;
#8183 =( NAMED_UNIT ( * ) SI_UNIT ( $, .STERADIAN. ) SOLID_ANGLE_UNIT ( ) );
#8184 = FILL_AREA_STYLE_COLOUR ( '', #10282 ) ;
#8185 = CARTESIAN_POINT ( 'NONE',  ( -70.23055555555555429, -3.950000000000002842, 3.224999999999858424 ) ) ;
#8186 = LINE ( 'NONE', #625, #1976 ) ;
#8187 = FILL_AREA_STYLE ('',( #4180 ) ) ;
#8188 = AXIS2_PLACEMENT_3D ( 'NONE', #11942, #10084, #4392 ) ;
#8189 = EDGE_CURVE ( 'NONE', #4282, #2905, #4776, .T. ) ;
#8190 = VERTEX_POINT ( 'NONE', #11396 ) ;
#8191 = ORIENTED_EDGE ( 'NONE', *, *, #7752, .T. ) ;
#8192 = DIRECTION ( 'NONE',  ( 1.000000000000000000, 2.253215950407110108E-15, 3.700233906981714543E-14 ) ) ;
#8193 = LINE ( 'NONE', #8509, #5093 ) ;
#8194 = ORIENTED_EDGE ( 'NONE', *, *, #1296, .F. ) ;
#8195 = SURFACE_STYLE_FILL_AREA ( #9888 ) ;
#8196 = COLOUR_RGB ( '',0.9529411764705881804, 0.7960784313725489669, 0.4862745098039215619 ) ;
#8197 = SURFACE_SIDE_STYLE ('',( #9948 ) ) ;
#8198 = LINE ( 'NONE', #2453, #10868 ) ;
#8199 = FACE_BOUND ( 'NONE', #4107, .T. ) ;
#8200 = LINE ( 'NONE', #4132, #2412 ) ;
#8201 =( NAMED_UNIT ( * ) PLANE_ANGLE_UNIT ( ) SI_UNIT ( $, .RADIAN. ) );
#8202 = AXIS2_PLACEMENT_3D ( 'NONE', #7425, #1642, #11120 ) ;
#8203 = MECHANICAL_DESIGN_GEOMETRIC_PRESENTATION_REPRESENTATION (  '', ( #976 ), #1762 ) ;
#8204 = EDGE_CURVE ( 'NONE', #7785, #1286, #3837, .T. ) ;
#8205 = DIRECTION ( 'NONE',  ( -3.700000000000000011E-14, 0.000000000000000000, 1.000000000000000000 ) ) ;
#8206 = DIRECTION ( 'NONE',  ( -1.000000000000000078E-15, 1.000000000000000000, 0.000000000000000000 ) ) ;
#8207 = CARTESIAN_POINT ( 'NONE',  ( -66.84270045686480444, -8.240424250241819237, 2.299999999999983391 ) ) ;
#8208 = UNCERTAINTY_MEASURE_WITH_UNIT (LENGTH_MEASURE( 1.000000000000000082E-05 ), #28, 'distance_accuracy_value', 'NONE');
#8209 = CARTESIAN_POINT ( 'NONE',  ( -63.56568542494919427, -10.14999999999999503, 2.500000000000105249 ) ) ;
#8210 = VECTOR ( 'NONE', #5410, 1000.000000000000000 ) ;
#8211 = VECTOR ( 'NONE', #2573, 1000.000000000000000 ) ;
#8212 = DIRECTION ( 'NONE',  ( 1.000000000000000078E-15, -1.000000000000000000, 0.000000000000000000 ) ) ;
#8213 = DIRECTION ( 'NONE',  ( -1.000000000000000000, -1.000000000000000472E-15, -3.700000000000000011E-14 ) ) ;
#8214 = SURFACE_STYLE_FILL_AREA ( #3401 ) ;
#8215 = DIRECTION ( 'NONE',  ( -1.000000000000000078E-15, 1.000000000000000000, 0.000000000000000000 ) ) ;
#8216 = CARTESIAN_POINT ( 'NONE',  ( -65.97006656669611857, -5.705982667811949405, 2.300000000000015810 ) ) ;
#8217 = EDGE_CURVE ( 'NONE', #11800, #4942, #12332, .T. ) ;
#8218 = EDGE_CURVE ( 'NONE', #11639, #311, #5591, .T. ) ;
#8219 = VERTEX_POINT ( 'NONE', #5669 ) ;
#8220 = VECTOR ( 'NONE', #3313, 1000.000000000000000 ) ;
#8221 = ORIENTED_EDGE ( 'NONE', *, *, #2472, .F. ) ;
#8222 = CARTESIAN_POINT ( 'NONE',  ( -70.54999999999998295, -10.45000000000000284, 3.299999999999846612 ) ) ;
#8223 = VECTOR ( 'NONE', #12076, 1000.000000000000000 ) ;
#8224 = PRESENTATION_LAYER_ASSIGNMENT (  '', '', ( #782 ) ) ;
#8225 =( LENGTH_UNIT ( ) NAMED_UNIT ( * ) SI_UNIT ( .MILLI., .METRE. ) );
#8226 = DIRECTION ( 'NONE',  ( -1.000000000000000000, 0.000000000000000000, -3.903127820947704260E-14 ) ) ;
#8227 =( LENGTH_UNIT ( ) NAMED_UNIT ( * ) SI_UNIT ( .MILLI., .METRE. ) );
#8228 = SURFACE_SIDE_STYLE ('',( #10156 ) ) ;
#8229 = UNCERTAINTY_MEASURE_WITH_UNIT (LENGTH_MEASURE( 1.000000000000000082E-05 ), #2924, 'distance_accuracy_value', 'NONE');
#8230 =( NAMED_UNIT ( * ) SI_UNIT ( $, .STERADIAN. ) SOLID_ANGLE_UNIT ( ) );
#8231 = VECTOR ( 'NONE', #7768, 1000.000000000000000 ) ;
#8232 = ORIENTED_EDGE ( 'NONE', *, *, #10575, .T. ) ;
#8233 = CARTESIAN_POINT ( 'NONE',  ( -67.48333333333445694, -0.4499999258008001712, 4.049999999999959854 ) ) ;
#8234 = CIRCLE ( 'NONE', #7009, 0.2000000000000057288 ) ;
#8235 = VERTEX_POINT ( 'NONE', #9470 ) ;
#8236 = ORIENTED_EDGE ( 'NONE', *, *, #2986, .F. ) ;
#8237 = VERTEX_POINT ( 'NONE', #11324 ) ;
#8238 = LINE ( 'NONE', #3602, #8890 ) ;
#8239 = CARTESIAN_POINT ( 'NONE',  ( -63.50833333333331865, -10.44999999999999574, 3.300000000000107292 ) ) ;
#8240 = MECHANICAL_DESIGN_GEOMETRIC_PRESENTATION_REPRESENTATION (  '', ( #12219 ), #9241 ) ;
#8241 = FACE_OUTER_BOUND ( 'NONE', #7504, .T. ) ;
#8242 = VECTOR ( 'NONE', #10848, 1000.000000000000000 ) ;
#8243 = CARTESIAN_POINT ( 'NONE',  ( -71.45000000000001705, 1.549999999999995826, 3.715685424949064508 ) ) ;
#8244 = DIRECTION ( 'NONE',  ( -1.000000000000000000, -1.000000000000000078E-15, -3.700000000000000011E-14 ) ) ;
#8245 = STYLED_ITEM ( 'NONE', ( #12355 ), #12333 ) ;
#8246 = LINE ( 'NONE', #11919, #3575 ) ;
#8247 = FACE_OUTER_BOUND ( 'NONE', #6720, .T. ) ;
#8248 = CARTESIAN_POINT ( 'NONE',  ( -62.71944444444442723, -10.44999999999999574, 3.000000000000136335 ) ) ;
#8249 = PLANE ( 'NONE',  #7706 ) ;
#8250 = AXIS2_PLACEMENT_3D ( 'NONE', #4730, #8548, #3790 ) ;
#8251 = COLOUR_RGB ( '',0.9529411764705881804, 0.7960784313725489669, 0.4862745098039215619 ) ;
#8252 = ORIENTED_EDGE ( 'NONE', *, *, #10949, .T. ) ;
#8253 = ORIENTED_EDGE ( 'NONE', *, *, #11388, .F. ) ;
#8254 = SURFACE_SIDE_STYLE ('',( #1522 ) ) ;
#8255 = CARTESIAN_POINT ( 'NONE',  ( -62.55000000000004690, -8.099999999999996092, 4.800000000000142819 ) ) ;
#8256 = ORIENTED_EDGE ( 'NONE', *, *, #8887, .F. ) ;
#8257 = LINE ( 'NONE', #11806, #9613 ) ;
#8258 = VECTOR ( 'NONE', #3286, 1000.000000000000000 ) ;
#8259 = FACE_OUTER_BOUND ( 'NONE', #2254, .T. ) ;
#8260 = VECTOR ( 'NONE', #12430, 1000.000000000000000 ) ;
#8261 = EDGE_CURVE ( 'NONE', #9627, #10184, #9351, .T. ) ;
#8262 = DIRECTION ( 'NONE',  ( 0.6623823368165330239, -0.7491659628369864432, 2.168404344970771894E-14 ) ) ;
#8263 = FACE_OUTER_BOUND ( 'NONE', #8905, .T. ) ;
#8264 = CARTESIAN_POINT ( 'NONE',  ( -67.41388888888889142, -10.45000000000000107, 3.299999999999962519 ) ) ;
#8265 = EDGE_CURVE ( 'NONE', #8190, #11494, #8404, .T. ) ;
#8266 = DIRECTION ( 'NONE',  ( -1.000000000000000000, 8.673617379883787770E-15, -3.469446951953515108E-14 ) ) ;
#8267 = DIRECTION ( 'NONE',  ( -1.000000000000000000, -1.000000000000000078E-15, -3.700000000000000011E-14 ) ) ;
#8268 = STYLED_ITEM ( 'NONE', ( #8831 ), #4418 ) ;
#8269 = VECTOR ( 'NONE', #48, 1000.000000000000000 ) ;
#8270 = ORIENTED_EDGE ( 'NONE', *, *, #3772, .F. ) ;
#8271 = DIRECTION ( 'NONE',  ( -3.574453836231137303E-14, 1.255461637688630224E-30, 1.000000000000000000 ) ) ;
#8272 = LINE ( 'NONE', #588, #1073 ) ;
#8273 = DIRECTION ( 'NONE',  ( -1.000000000000000078E-15, 1.000000000000000000, 0.000000000000000000 ) ) ;
#8274 = FACE_OUTER_BOUND ( 'NONE', #3252, .T. ) ;
#8275 = PRESENTATION_STYLE_ASSIGNMENT (( #10149 ) ) ;
#8276 = DIRECTION ( 'NONE',  ( -3.421580731527764731E-14, 2.784192684722350676E-30, 1.000000000000000000 ) ) ;
#8277 = STYLED_ITEM ( 'NONE', ( #8657 ), #3968 ) ;
#8278 = LINE ( 'NONE', #2662, #2314 ) ;
#8279 = CARTESIAN_POINT ( 'NONE',  ( -65.11666666666782533, 1.100000000000002087, 4.250000000000047962 ) ) ;
#8280 = VECTOR ( 'NONE', #5959, 1000.000000000000000 ) ;
#8281 = ORIENTED_EDGE ( 'NONE', *, *, #12015, .T. ) ;
#8282 = EDGE_LOOP ( 'NONE', ( #9820, #4931, #5636, #4076 ) ) ;
#8283 = SURFACE_SIDE_STYLE ('',( #6440 ) ) ;
#8284 = LINE ( 'NONE', #6190, #9867 ) ;
#8285 = DIRECTION ( 'NONE',  ( 1.000000000000000000, 1.000000000000000078E-15, 3.700000000000000011E-14 ) ) ;
#8286 = AXIS2_PLACEMENT_3D ( 'NONE', #6409, #11056, #6294 ) ;
#8287 = CARTESIAN_POINT ( 'NONE',  ( -66.43999999999995509, -9.259094657478639689, 2.299999999999998490 ) ) ;
#8288 = EDGE_CURVE ( 'NONE', #4169, #6423, #3581, .T. ) ;
#8289 = FACE_OUTER_BOUND ( 'NONE', #3731, .T. ) ;
#8290 = VECTOR ( 'NONE', #104, 1000.000000000000000 ) ;
#8291 = AXIS2_PLACEMENT_3D ( 'NONE', #1917, #3786, #9422 ) ;
#8292 = STYLED_ITEM ( 'NONE', ( #6923 ), #1420 ) ;
#8293 = CARTESIAN_POINT ( 'NONE',  ( -66.40999999999998238, -10.44999999999999929, 2.924999999999999822 ) ) ;
#8294 = LINE ( 'NONE', #8111, #2045 ) ;
#8295 = VECTOR ( 'NONE', #8040, 1000.000000000000000 ) ;
#8296 = AXIS2_PLACEMENT_3D ( 'NONE', #8137, #6347, #4498 ) ;
#8297 = ADVANCED_FACE ( 'NONE', ( #1847 ), #1729, .F. ) ;
#8298 = CARTESIAN_POINT ( 'NONE',  ( -70.25000000000004263, -9.700000000000004619, 4.799999999999858602 ) ) ;
#8299 = SURFACE_SIDE_STYLE ('',( #11843 ) ) ;
#8300 = ORIENTED_EDGE ( 'NONE', *, *, #7605, .T. ) ;
#8301 =( NAMED_UNIT ( * ) SI_UNIT ( $, .STERADIAN. ) SOLID_ANGLE_UNIT ( ) );
#8302 = ORIENTED_EDGE ( 'NONE', *, *, #9373, .T. ) ;
#8303 = ORIENTED_EDGE ( 'NONE', *, *, #9731, .F. ) ;
#8304 = CARTESIAN_POINT ( 'NONE',  ( -66.89876734635691946, -5.820804194777459806, 2.299999999999981615 ) ) ;
#8305 = EDGE_CURVE ( 'NONE', #7404, #1557, #8012, .T. ) ;
#8306 = DIRECTION ( 'NONE',  ( 2.253215950407097880E-15, -1.000000000000000000, 3.295974604355473475E-16 ) ) ;
#8307 = CARTESIAN_POINT ( 'NONE',  ( -62.55000000000004690, -9.699999999999995737, 4.800000000000142819 ) ) ;
#8308 = AXIS2_PLACEMENT_3D ( 'NONE', #3217, #7073, #11755 ) ;
#8309 = SURFACE_STYLE_USAGE ( .BOTH. , #7294 ) ;
#8310 = CARTESIAN_POINT ( 'NONE',  ( -63.15000000000113545, -0.4499999258007949532, 4.050000000000120615 ) ) ;
#8311 = DIRECTION ( 'NONE',  ( 1.000000000000000078E-15, -1.000000000000000000, 0.000000000000000000 ) ) ;
#8312 = EDGE_CURVE ( 'NONE', #7806, #10162, #9776, .T. ) ;
#8313 = SURFACE_STYLE_USAGE ( .BOTH. , #7415 ) ;
#8314 = AXIS2_PLACEMENT_3D ( 'NONE', #2452, #7245, #11122 ) ;
#8315 = EDGE_CURVE ( 'NONE', #3068, #10581, #6886, .T. ) ;
#8316 = SURFACE_SIDE_STYLE ('',( #12043 ) ) ;
#8317 = VERTEX_POINT ( 'NONE', #8775 ) ;
#8318 = ORIENTED_EDGE ( 'NONE', *, *, #7725, .T. ) ;
#8319 = VECTOR ( 'NONE', #565, 1000.000000000000000 ) ;
#8320 = DIRECTION ( 'NONE',  ( 3.700000000000000011E-14, -6.360191048344410484E-30, -1.000000000000000000 ) ) ;
#8321 = MECHANICAL_DESIGN_GEOMETRIC_PRESENTATION_REPRESENTATION (  '', ( #3463 ), #5061 ) ;
#8322 = DIRECTION ( 'NONE',  ( 1.000000000000000078E-15, -1.000000000000000000, 0.000000000000000000 ) ) ;
#8323 = ORIENTED_EDGE ( 'NONE', *, *, #690, .T. ) ;
#8324 = LINE ( 'NONE', #8569, #8808 ) ;
#8325 = CARTESIAN_POINT ( 'NONE',  ( -66.85876734635691321, -5.820804194777469576, 2.299999999999983391 ) ) ;
#8326 = DIRECTION ( 'NONE',  ( -3.700000000000000011E-14, 6.360191048344410484E-30, 1.000000000000000000 ) ) ;
#8327 = CARTESIAN_POINT ( 'NONE',  ( -63.18888888888888999, -3.949999999999996181, 3.225000000000119105 ) ) ;
#8328 = CARTESIAN_POINT ( 'NONE',  ( -70.08055555555553440, -10.45000000000000284, 2.999999999999864109 ) ) ;
#8329 = CYLINDRICAL_SURFACE ( 'NONE', #10089, 0.2000000000000031197 ) ;
#8330 = FACE_OUTER_BOUND ( 'NONE', #819, .T. ) ;
#8331 = DIRECTION ( 'NONE',  ( -0.7071067811865218156, -7.071067811865218953E-16, -0.7071067811865732189 ) ) ;
#8332 = ORIENTED_EDGE ( 'NONE', *, *, #11514, .T. ) ;
#8333 = FACE_OUTER_BOUND ( 'NONE', #5914, .T. ) ;
#8334 = SURFACE_SIDE_STYLE ('',( #5662 ) ) ;
#8335 = DIRECTION ( 'NONE',  ( -3.700000000000000011E-14, 0.000000000000000000, 1.000000000000000000 ) ) ;
#8336 = STYLED_ITEM ( 'NONE', ( #6977 ), #1091 ) ;
#8337 = LINE ( 'NONE', #7443, #7217 ) ;
#8338 = PLANE ( 'NONE',  #3061 ) ;
#8339 =( LENGTH_UNIT ( ) NAMED_UNIT ( * ) SI_UNIT ( .MILLI., .METRE. ) );
#8340 = PLANE ( 'NONE',  #10439 ) ;
#8341 = VERTEX_POINT ( 'NONE', #1224 ) ;
#8342 = VERTEX_POINT ( 'NONE', #1295 ) ;
#8344 = ADVANCED_FACE ( 'NONE', ( #1960 ), #5975, .F. ) ;
#8343 = FILL_AREA_STYLE ('',( #5336 ) ) ;
#8345 = EDGE_CURVE ( 'NONE', #4451, #9493, #9898, .T. ) ;
#8346 = PRESENTATION_STYLE_ASSIGNMENT (( #6709 ) ) ;
#8347 = DIRECTION ( 'NONE',  ( 1.000000000000000078E-15, -1.000000000000000000, 0.000000000000000000 ) ) ;
#8348 =( NAMED_UNIT ( * ) PLANE_ANGLE_UNIT ( ) SI_UNIT ( $, .RADIAN. ) );
#8349 = LINE ( 'NONE', #8938, #773 ) ;
#8350 =( LENGTH_UNIT ( ) NAMED_UNIT ( * ) SI_UNIT ( .MILLI., .METRE. ) );
#8351 = DIRECTION ( 'NONE',  ( -1.000000000000000000, -1.000000000000000078E-15, -3.700000000000000011E-14 ) ) ;
#8352 = CARTESIAN_POINT ( 'NONE',  ( -57.40000000000001279, -0.4499998509883904041, 3.550000000000328004 ) ) ;
#8353 = MECHANICAL_DESIGN_GEOMETRIC_PRESENTATION_REPRESENTATION (  '', ( #711 ), #2912 ) ;
#8354 = LINE ( 'NONE', #12094, #7079 ) ;
#8355 =( LENGTH_UNIT ( ) NAMED_UNIT ( * ) SI_UNIT ( .MILLI., .METRE. ) );
#8356 = PLANE ( 'NONE',  #12053 ) ;
#8357 = VERTEX_POINT ( 'NONE', #5860 ) ;
#8358 = PLANE ( 'NONE',  #11349 ) ;
#8359 = AXIS2_PLACEMENT_3D ( 'NONE', #10263, #11995, #3390 ) ;
#8360 = ORIENTED_EDGE ( 'NONE', *, *, #11088, .T. ) ;
#8361 = ORIENTED_EDGE ( 'NONE', *, *, #2764, .F. ) ;
#8362 = DIRECTION ( 'NONE',  ( -0.7071067811865218156, -7.071067811865480264E-16, -0.7071067811865732189 ) ) ;
#8363 = EDGE_CURVE ( 'NONE', #9795, #10988, #2911, .T. ) ;
#8364 =( LENGTH_UNIT ( ) NAMED_UNIT ( * ) SI_UNIT ( .MILLI., .METRE. ) );
#8365 = DIRECTION ( 'NONE',  ( 0.7071067811865833219, 0.000000000000000000, -0.7071067811865117125 ) ) ;
#8366 = VECTOR ( 'NONE', #6717, 1000.000000000000000 ) ;
#8367 = CARTESIAN_POINT ( 'NONE',  ( -70.25000000000004263, -8.300000000000004263, 4.799999999999858602 ) ) ;
#8368 = DIRECTION ( 'NONE',  ( -3.699999999999998749E-14, 9.860761315263910926E-32, 1.000000000000000000 ) ) ;
#8369 = PLANE ( 'NONE',  #8701 ) ;
#8370 = EDGE_CURVE ( 'NONE', #7470, #2781, #4904, .T. ) ;
#8371 = CYLINDRICAL_SURFACE ( 'NONE', #6082, 0.1000000000000000749 ) ;
#8372 = CARTESIAN_POINT ( 'NONE',  ( -61.35000000000001563, -2.449999999999993960, 3.715685424949425997 ) ) ;
#8373 = SURFACE_SIDE_STYLE ('',( #9382 ) ) ;
#8374 = ORIENTED_EDGE ( 'NONE', *, *, #7556, .F. ) ;
#8375 = AXIS2_PLACEMENT_3D ( 'NONE', #8854, #6126, #7909 ) ;
#8376 = AXIS2_PLACEMENT_3D ( 'NONE', #12082, #10330, #784 ) ;
#8377 = EDGE_CURVE ( 'NONE', #7726, #10570, #3566, .T. ) ;
#8378 = ORIENTED_EDGE ( 'NONE', *, *, #7331, .T. ) ;
#8379 = ORIENTED_EDGE ( 'NONE', *, *, #2875, .T. ) ;
#8380 = EDGE_CURVE ( 'NONE', #8506, #9704, #11751, .T. ) ;
#8381 = DIRECTION ( 'NONE',  ( 3.700000000000000011E-14, -0.000000000000000000, -1.000000000000000000 ) ) ;
#8382 = CARTESIAN_POINT ( 'NONE',  ( -68.45000000000004547, -9.500000000000001776, 4.599999999999924150 ) ) ;
#8383 = FILL_AREA_STYLE ('',( #7241 ) ) ;
#8384 = ADVANCED_FACE ( 'NONE', ( #4848 ), #2202, .T. ) ;
#8385 = CARTESIAN_POINT ( 'NONE',  ( -61.35000000000004405, -10.44999999999999396, 4.600000000000187050 ) ) ;
#8386 = EDGE_CURVE ( 'NONE', #903, #3026, #8076, .T. ) ;
#8387 = PRESENTATION_LAYER_ASSIGNMENT (  '', '', ( #3323 ) ) ;
#8388 = FILL_AREA_STYLE_COLOUR ( '', #11282 ) ;
#8389 = CARTESIAN_POINT ( 'NONE',  ( -63.87222222222335688, 4.050000074505802239, 4.050000000000093081 ) ) ;
#8390 =( NAMED_UNIT ( * ) PLANE_ANGLE_UNIT ( ) SI_UNIT ( $, .RADIAN. ) );
#8391 =( NAMED_UNIT ( * ) SI_UNIT ( $, .STERADIAN. ) SOLID_ANGLE_UNIT ( ) );
#8392 =( NAMED_UNIT ( * ) SI_UNIT ( $, .STERADIAN. ) SOLID_ANGLE_UNIT ( ) );
#8393 = VERTEX_POINT ( 'NONE', #10077 ) ;
#8394 =( LENGTH_UNIT ( ) NAMED_UNIT ( * ) SI_UNIT ( .MILLI., .METRE. ) );
#8395 = DIRECTION ( 'NONE',  ( -3.700000000000000011E-14, 0.000000000000000000, 1.000000000000000000 ) ) ;
#8396 = CARTESIAN_POINT ( 'NONE',  ( -65.97769333310620254, -5.724471378803409394, 2.300000000000015365 ) ) ;
#8397 = SURFACE_STYLE_USAGE ( .BOTH. , #8334 ) ;
#8398 = CARTESIAN_POINT ( 'NONE',  ( -62.56568542494919427, -2.449999999999995737, 2.300000000000142375 ) ) ;
#8399 = SURFACE_STYLE_USAGE ( .BOTH. , #10266 ) ;
#8400 = CARTESIAN_POINT ( 'NONE',  ( -61.34999999999997300, -2.449999999999993960, 2.700000000000187139 ) ) ;
#8401 = SURFACE_SIDE_STYLE ('',( #10205 ) ) ;
#8402 = LINE ( 'NONE', #9408, #1037 ) ;
#8403 = STYLED_ITEM ( 'NONE', ( #6096 ), #9198 ) ;
#8404 = LINE ( 'NONE', #917, #7007 ) ;
#8405 = ORIENTED_EDGE ( 'NONE', *, *, #10285, .F. ) ;
#8406 = EDGE_CURVE ( 'NONE', #3456, #6296, #7248, .T. ) ;
#8407 = ORIENTED_EDGE ( 'NONE', *, *, #2396, .T. ) ;
#8408 = CARTESIAN_POINT ( 'NONE',  ( -66.11944444444559110, 1.100000000000000311, 4.250000000000010658 ) ) ;
#8409 =( NAMED_UNIT ( * ) SI_UNIT ( $, .STERADIAN. ) SOLID_ANGLE_UNIT ( ) );
#8410 = STYLED_ITEM ( 'NONE', ( #5189 ), #7824 ) ;
#8411 = AXIS2_PLACEMENT_3D ( 'NONE', #11377, #967, #8864 ) ;
#8412 = DIRECTION ( 'NONE',  ( -1.000000000000000000, -1.000000000000000078E-15, -3.700000000000000011E-14 ) ) ;
#8413 = FILL_AREA_STYLE_COLOUR ( '', #7520 ) ;
#8414 = FACE_OUTER_BOUND ( 'NONE', #4690, .T. ) ;
#8415 =( NAMED_UNIT ( * ) SI_UNIT ( $, .STERADIAN. ) SOLID_ANGLE_UNIT ( ) );
#8417 = EDGE_CURVE ( 'NONE', #682, #169, #3973, .T. ) ;
#8416 = PRESENTATION_STYLE_ASSIGNMENT (( #11345 ) ) ;
#8418 = ORIENTED_EDGE ( 'NONE', *, *, #1474, .T. ) ;
#8419 = DIRECTION ( 'NONE',  ( -3.700000000000000011E-14, 0.000000000000000000, 1.000000000000000000 ) ) ;
#8420 = AXIS2_PLACEMENT_3D ( 'NONE', #10281, #6448, #1681 ) ;
#8421 = ADVANCED_FACE ( 'NONE', ( #11003 ), #1586, .T. ) ;
#8422 = ORIENTED_EDGE ( 'NONE', *, *, #11107, .T. ) ;
#8423 =( GEOMETRIC_REPRESENTATION_CONTEXT ( 3 ) GLOBAL_UNCERTAINTY_ASSIGNED_CONTEXT ( ( #4138 ) ) GLOBAL_UNIT_ASSIGNED_CONTEXT ( ( #8225, #11903, #7148 ) ) REPRESENTATION_CONTEXT ( 'NONE', 'WORKASPACE' ) );
#8424 = ORIENTED_EDGE ( 'NONE', *, *, #4521, .F. ) ;
#8425 = ORIENTED_EDGE ( 'NONE', *, *, #1077, .T. ) ;
#8426 = PRESENTATION_STYLE_ASSIGNMENT (( #12299 ) ) ;
#8427 =( NAMED_UNIT ( * ) PLANE_ANGLE_UNIT ( ) SI_UNIT ( $, .RADIAN. ) );
#8428 = VECTOR ( 'NONE', #11580, 1000.000000000000000 ) ;
#8429 = VECTOR ( 'NONE', #912, 1000.000000000000000 ) ;
#8430 = CARTESIAN_POINT ( 'NONE',  ( -67.88333333333332575, -10.45000000000000107, 3.299999999999945199 ) ) ;
#8431 = EDGE_CURVE ( 'NONE', #11560, #2490, #582, .T. ) ;
#8432 = LINE ( 'NONE', #1454, #7879 ) ;
#8433 = PLANE ( 'NONE',  #1098 ) ;
#8434 = COLOUR_RGB ( '',0.05882352941176470507, 0.3921568627450980338, 0.7019607843137254388 ) ;
#8435 = ORIENTED_EDGE ( 'NONE', *, *, #2097, .T. ) ;
#8436 =( LENGTH_UNIT ( ) NAMED_UNIT ( * ) SI_UNIT ( .MILLI., .METRE. ) );
#8437 = VECTOR ( 'NONE', #10176, 1000.000000000000000 ) ;
#8438 = ORIENTED_EDGE ( 'NONE', *, *, #1564, .T. ) ;
#8439 = VERTEX_POINT ( 'NONE', #4267 ) ;
#8440 = COLOUR_RGB ( '',0.9529411764705881804, 0.7960784313725489669, 0.4862745098039215619 ) ;
#8441 = SURFACE_STYLE_USAGE ( .BOTH. , #12241 ) ;
#8442 = LINE ( 'NONE', #7687, #4491 ) ;
#8443 = UNCERTAINTY_MEASURE_WITH_UNIT (LENGTH_MEASURE( 1.000000000000000082E-05 ), #4156, 'distance_accuracy_value', 'NONE');
#8444 = SURFACE_STYLE_FILL_AREA ( #4560 ) ;
#8445 = EDGE_CURVE ( 'NONE', #11327, #5702, #7067, .T. ) ;
#8446 =( GEOMETRIC_REPRESENTATION_CONTEXT ( 3 ) GLOBAL_UNCERTAINTY_ASSIGNED_CONTEXT ( ( #8991 ) ) GLOBAL_UNIT_ASSIGNED_CONTEXT ( ( #6269, #9240, #8230 ) ) REPRESENTATION_CONTEXT ( 'NONE', 'WORKASPACE' ) );
#8447 = SURFACE_SIDE_STYLE ('',( #643 ) ) ;
#8448 = EDGE_CURVE ( 'NONE', #6974, #4169, #1479, .T. ) ;
#8449 = STYLED_ITEM ( 'NONE', ( #4615 ), #11091 ) ;
#8450 = CARTESIAN_POINT ( 'NONE',  ( -71.44999999999998863, -1.450000000000005063, 3.049999999999827072 ) ) ;
#8451 = LINE ( 'NONE', #3568, #8028 ) ;
#8452 = SURFACE_STYLE_FILL_AREA ( #9398 ) ;
#8453 =( NAMED_UNIT ( * ) PLANE_ANGLE_UNIT ( ) SI_UNIT ( $, .RADIAN. ) );
#8454 = VECTOR ( 'NONE', #1844, 1000.000000000000000 ) ;
#8455 = VERTEX_POINT ( 'NONE', #5264 ) ;
#8456 =( NAMED_UNIT ( * ) PLANE_ANGLE_UNIT ( ) SI_UNIT ( $, .RADIAN. ) );
#8457 =( GEOMETRIC_REPRESENTATION_CONTEXT ( 3 ) GLOBAL_UNCERTAINTY_ASSIGNED_CONTEXT ( ( #1786 ) ) GLOBAL_UNIT_ASSIGNED_CONTEXT ( ( #9517, #10554, #2768 ) ) REPRESENTATION_CONTEXT ( 'NONE', 'WORKASPACE' ) );
#8458 = DIRECTION ( 'NONE',  ( 3.700000000000000011E-14, 3.700000000000000308E-29, -1.000000000000000000 ) ) ;
#8459 = DIRECTION ( 'NONE',  ( -3.700000000000000011E-14, 0.000000000000000000, 1.000000000000000000 ) ) ;
#8460 = DIRECTION ( 'NONE',  ( 1.000000000000000078E-15, -1.000000000000000000, 0.000000000000000000 ) ) ;
#8461 =( LENGTH_UNIT ( ) NAMED_UNIT ( * ) SI_UNIT ( .MILLI., .METRE. ) );
#8462 = DIRECTION ( 'NONE',  ( 1.000000000000000078E-15, -1.000000000000000000, 0.000000000000000000 ) ) ;
#8463 = DIRECTION ( 'NONE',  ( 1.000000000000000078E-15, -1.000000000000000000, 0.000000000000000000 ) ) ;
#8464 = CIRCLE ( 'NONE', #4002, 0.2000000000000005107 ) ;
#8465 = VECTOR ( 'NONE', #862, 1000.000000000000000 ) ;
#8466 = DIRECTION ( 'NONE',  ( 1.000000000000000078E-15, -1.000000000000000000, 0.000000000000000000 ) ) ;
#8467 = PRESENTATION_STYLE_ASSIGNMENT (( #5730 ) ) ;
#8468 = PRESENTATION_LAYER_ASSIGNMENT (  '', '', ( #11836 ) ) ;
#8469 = AXIS2_PLACEMENT_3D ( 'NONE', #10946, #7890, #8014 ) ;
#8470 = PRESENTATION_LAYER_ASSIGNMENT (  '', '', ( #6244 ) ) ;
#8471 = ORIENTED_EDGE ( 'NONE', *, *, #9385, .T. ) ;
#8472 = ORIENTED_EDGE ( 'NONE', *, *, #1688, .F. ) ;
#8473 = ORIENTED_EDGE ( 'NONE', *, *, #3102, .T. ) ;
#8474 = UNCERTAINTY_MEASURE_WITH_UNIT (LENGTH_MEASURE( 1.000000000000000082E-05 ), #4594, 'distance_accuracy_value', 'NONE');
#8475 = DIRECTION ( 'NONE',  ( -3.700000000000000011E-14, 0.000000000000000000, 1.000000000000000000 ) ) ;
#8476 = FILL_AREA_STYLE_COLOUR ( '', #1156 ) ;
#8477 = EDGE_CURVE ( 'NONE', #358, #3036, #9149, .T. ) ;
#8478 = DIRECTION ( 'NONE',  ( 1.000000000000000078E-15, -1.000000000000000000, 0.000000000000000000 ) ) ;
#8479 = FILL_AREA_STYLE_COLOUR ( '', #6879 ) ;
#8480 = MECHANICAL_DESIGN_GEOMETRIC_PRESENTATION_REPRESENTATION (  '', ( #429 ), #1048 ) ;
#8481 = VECTOR ( 'NONE', #4000, 1000.000000000000000 ) ;
#8482 = FILL_AREA_STYLE ('',( #4666 ) ) ;
#8483 =( GEOMETRIC_REPRESENTATION_CONTEXT ( 3 ) GLOBAL_UNCERTAINTY_ASSIGNED_CONTEXT ( ( #5884 ) ) GLOBAL_UNIT_ASSIGNED_CONTEXT ( ( #12144, #410, #10029 ) ) REPRESENTATION_CONTEXT ( 'NONE', 'WORKASPACE' ) );
#8484 = FACE_OUTER_BOUND ( 'NONE', #8282, .T. ) ;
#8485 =( NAMED_UNIT ( * ) SI_UNIT ( $, .STERADIAN. ) SOLID_ANGLE_UNIT ( ) );
#8486 = PRESENTATION_LAYER_ASSIGNMENT (  '', '', ( #640 ) ) ;
#8487 =( LENGTH_UNIT ( ) NAMED_UNIT ( * ) SI_UNIT ( .MILLI., .METRE. ) );
#8488 = ORIENTED_EDGE ( 'NONE', *, *, #1026, .T. ) ;
#8489 = CARTESIAN_POINT ( 'NONE',  ( -68.67222222222220296, -10.45000000000000107, 2.999999999999916067 ) ) ;
#8490 = VERTEX_POINT ( 'NONE', #6357 ) ;
#8491 = VERTEX_POINT ( 'NONE', #9271 ) ;
#8492 = ORIENTED_EDGE ( 'NONE', *, *, #8218, .F. ) ;
#8493 = CYLINDRICAL_SURFACE ( 'NONE', #7462, 0.2000000000000048683 ) ;
#8494 = VECTOR ( 'NONE', #5608, 1000.000000000000000 ) ;
#8495 = STYLED_ITEM ( 'NONE', ( #210 ), #9600 ) ;
#8496 = EDGE_CURVE ( 'NONE', #3686, #7174, #646, .T. ) ;
#8497 =( GEOMETRIC_REPRESENTATION_CONTEXT ( 3 ) GLOBAL_UNCERTAINTY_ASSIGNED_CONTEXT ( ( #8181 ) ) GLOBAL_UNIT_ASSIGNED_CONTEXT ( ( #2434, #6400, #9128 ) ) REPRESENTATION_CONTEXT ( 'NONE', 'WORKASPACE' ) );
#8498 = CARTESIAN_POINT ( 'NONE',  ( -70.23431457505071762, -10.45000000000000284, 2.499999999999858336 ) ) ;
#8499 = LINE ( 'NONE', #1633, #9733 ) ;
#8500 = DIRECTION ( 'NONE',  ( -3.700000000000000011E-14, 0.000000000000000000, 1.000000000000000000 ) ) ;
#8501 = ORIENTED_EDGE ( 'NONE', *, *, #1691, .T. ) ;
#8502 = VECTOR ( 'NONE', #5686, 1000.000000000000000 ) ;
#8503 = CIRCLE ( 'NONE', #4640, 0.4000000000000024092 ) ;
#8504 = MECHANICAL_DESIGN_GEOMETRIC_PRESENTATION_REPRESENTATION (  '', ( #454 ), #4862 ) ;
#8505 = EDGE_LOOP ( 'NONE', ( #5802, #1829, #4292, #11632 ) ) ;
#8506 = VERTEX_POINT ( 'NONE', #12186 ) ;
#8507 =( LENGTH_UNIT ( ) NAMED_UNIT ( * ) SI_UNIT ( .MILLI., .METRE. ) );
#8508 = DIRECTION ( 'NONE',  ( -1.000000000000000000, -1.000000000000000078E-15, -3.700000000000000011E-14 ) ) ;
#8509 = CARTESIAN_POINT ( 'NONE',  ( -66.79444444444442297, -10.44999999999999929, 2.999999999999985345 ) ) ;
#8510 = ADVANCED_FACE ( 'NONE', ( #2577 ), #8574, .F. ) ;
#8511 = PRESENTATION_LAYER_ASSIGNMENT (  '', '', ( #1478 ) ) ;
#8512 = CARTESIAN_POINT ( 'NONE',  ( -63.03888888888887720, -10.44999999999999574, 3.300000000000124611 ) ) ;
#8513 = COLOUR_RGB ( '',0.007843137254901960675, 0.007843137254901960675, 0.007843137254901960675 ) ;
#8514 = CARTESIAN_POINT ( 'NONE',  ( -65.90201378195156678, -8.174896124021048038, 2.300000000000018474 ) ) ;
#8515 =( NAMED_UNIT ( * ) SI_UNIT ( $, .STERADIAN. ) SOLID_ANGLE_UNIT ( ) );
#8516 = SURFACE_STYLE_USAGE ( .BOTH. , #11080 ) ;
#8517 = CARTESIAN_POINT ( 'NONE',  ( -69.23431457505071762, -9.850000000000003197, 2.299999999999895017 ) ) ;
#8518 = SURFACE_STYLE_FILL_AREA ( #5510 ) ;
#8519 = VERTEX_POINT ( 'NONE', #9456 ) ;
#8520 = ORIENTED_EDGE ( 'NONE', *, *, #10898, .F. ) ;
#8521 = DIRECTION ( 'NONE',  ( 3.700000000000000011E-14, -9.860761315262649757E-32, -1.000000000000000000 ) ) ;
#8522 = SURFACE_SIDE_STYLE ('',( #2712 ) ) ;
#8523 = ORIENTED_EDGE ( 'NONE', *, *, #3056, .F. ) ;
#8524 = CARTESIAN_POINT ( 'NONE',  ( -66.41371940829355935, -2.449999999999998845, 2.309999999999999609 ) ) ;
#8525 =( NAMED_UNIT ( * ) PLANE_ANGLE_UNIT ( ) SI_UNIT ( $, .RADIAN. ) );
#8526 = SURFACE_STYLE_USAGE ( .BOTH. , #4645 ) ;
#8527 = PRESENTATION_STYLE_ASSIGNMENT (( #8397 ) ) ;
#8528 = DIRECTION ( 'NONE',  ( 1.000000000000000078E-15, -1.000000000000000000, 0.000000000000000000 ) ) ;
#8529 = CARTESIAN_POINT ( 'NONE',  ( -68.92500000000005400, -1.734723475976807094E-15, 4.599999999999906386 ) ) ;
#8530 = EDGE_CURVE ( 'NONE', #6037, #4737, #12319, .T. ) ;
#8531 = LINE ( 'NONE', #5519, #4398 ) ;
#8532 = STYLED_ITEM ( 'NONE', ( #146 ), #353 ) ;
#8533 = PRESENTATION_STYLE_ASSIGNMENT (( #9284 ) ) ;
#8534 = CARTESIAN_POINT ( 'NONE',  ( -65.31666666666781396, 1.100000000000002087, 4.100000000000040501 ) ) ;
#8535 = ORIENTED_EDGE ( 'NONE', *, *, #6693, .F. ) ;
#8536 = AXIS2_PLACEMENT_3D ( 'NONE', #8951, #1220, #3723 ) ;
#8537 = ORIENTED_EDGE ( 'NONE', *, *, #331, .T. ) ;
#8538 = LINE ( 'NONE', #10649, #9539 ) ;
#8539 = EDGE_CURVE ( 'NONE', #9861, #2710, #11310, .T. ) ;
#8540 = CARTESIAN_POINT ( 'NONE',  ( -67.88333333333332575, -10.45000000000000107, 3.299999999999945199 ) ) ;
#8541 = DIRECTION ( 'NONE',  ( 1.000000000000000000, 1.000000000000000078E-15, 3.700000000000000011E-14 ) ) ;
#8542 = EDGE_CURVE ( 'NONE', #7630, #5174, #7559, .T. ) ;
#8543 = FILL_AREA_STYLE_COLOUR ( '', #9596 ) ;
#8544 = PRESENTATION_STYLE_ASSIGNMENT (( #2734 ) ) ;
#8545 = EDGE_CURVE ( 'NONE', #6600, #873, #8451, .T. ) ;
#8546 = FACE_OUTER_BOUND ( 'NONE', #5753, .T. ) ;
#8547 = FACE_OUTER_BOUND ( 'NONE', #2902, .T. ) ;
#8548 = DIRECTION ( 'NONE',  ( -3.695877884809559986E-14, 4.122115190439940680E-32, 1.000000000000000000 ) ) ;
#8549 = EDGE_LOOP ( 'NONE', ( #6142, #3651, #10752, #4260, #9881, #7629, #6095, #12290, #7697, #4218 ) ) ;
#8550 =( LENGTH_UNIT ( ) NAMED_UNIT ( * ) SI_UNIT ( .MILLI., .METRE. ) );
#8551 = DIRECTION ( 'NONE',  ( -1.000000000000000000, -1.000000000000000078E-15, -3.700000000000000011E-14 ) ) ;
#8552 = ORIENTED_EDGE ( 'NONE', *, *, #331, .F. ) ;
#8553 = ORIENTED_EDGE ( 'NONE', *, *, #6445, .T. ) ;
#8554 = ORIENTED_EDGE ( 'NONE', *, *, #10996, .T. ) ;
#8555 = LINE ( 'NONE', #12351, #8269 ) ;
#8556 = CARTESIAN_POINT ( 'NONE',  ( -68.65000000000004832, -9.500000000000001776, 4.799999999999917222 ) ) ;
#8557 = UNCERTAINTY_MEASURE_WITH_UNIT (LENGTH_MEASURE( 1.000000000000000082E-05 ), #11360, 'distance_accuracy_value', 'NONE');
#8558 = FILL_AREA_STYLE_COLOUR ( '', #9843 ) ;
#8559 = CARTESIAN_POINT ( 'NONE',  ( -70.08055555555553440, -10.45000000000000284, 2.999999999999864109 ) ) ;
#8560 = DIRECTION ( 'NONE',  ( -1.000000000000000000, -1.000000000000000078E-15, -3.700000000000000011E-14 ) ) ;
#8561 = FILL_AREA_STYLE ('',( #10417 ) ) ;
#8562 = SURFACE_SIDE_STYLE ('',( #12419 ) ) ;
#8563 = ORIENTED_EDGE ( 'NONE', *, *, #5492, .F. ) ;
#8564 = EDGE_CURVE ( 'NONE', #11610, #5469, #12251, .T. ) ;
#8565 = VERTEX_POINT ( 'NONE', #709 ) ;
#8566 = ORIENTED_EDGE ( 'NONE', *, *, #601, .F. ) ;
#8567 = PLANE ( 'NONE',  #855 ) ;
#8568 = DIRECTION ( 'NONE',  ( -3.700000000000000011E-14, 0.000000000000000000, 1.000000000000000000 ) ) ;
#8569 = CARTESIAN_POINT ( 'NONE',  ( -70.23431457505073183, -2.199999617645522765, 2.299999999999858602 ) ) ;
#8570 = DIRECTION ( 'NONE',  ( 1.000000000000000078E-15, -1.000000000000000000, 0.000000000000000000 ) ) ;
#8571 = CARTESIAN_POINT ( 'NONE',  ( -69.45000000000115392, -0.4500000000000025091, 4.249999999999887201 ) ) ;
#8572 = VECTOR ( 'NONE', #11829, 1000.000000000000000 ) ;
#8573 = EDGE_CURVE ( 'NONE', #8341, #1933, #6418, .T. ) ;
#8574 = PLANE ( 'NONE',  #1798 ) ;
#8575 = ORIENTED_EDGE ( 'NONE', *, *, #32, .F. ) ;
#8576 = VERTEX_POINT ( 'NONE', #2777 ) ;
#8577 = DIRECTION ( 'NONE',  ( -1.000000000000000472E-15, 1.000000000000000000, -3.709860761315264637E-29 ) ) ;
#8578 = FACE_OUTER_BOUND ( 'NONE', #3652, .T. ) ;
#8579 = VECTOR ( 'NONE', #9922, 1000.000000000000000 ) ;
#8580 = ORIENTED_EDGE ( 'NONE', *, *, #8759, .F. ) ;
#8581 = LINE ( 'NONE', #365, #10686 ) ;
#8582 = CARTESIAN_POINT ( 'NONE',  ( -64.99166666666666003, -3.949999999999997957, 3.150000000000051870 ) ) ;
#8583 = CARTESIAN_POINT ( 'NONE',  ( -66.40999999999996817, -2.449999999999998845, 2.299999999999999822 ) ) ;
#8584 =( NAMED_UNIT ( * ) PLANE_ANGLE_UNIT ( ) SI_UNIT ( $, .RADIAN. ) );
#8585 = LINE ( 'NONE', #12329, #9994 ) ;
#8586 = CARTESIAN_POINT ( 'NONE',  ( -63.67222222222336825, 1.100000000000003642, 4.100000000000100897 ) ) ;
#8587 = COLOUR_RGB ( '',0.6274509803921568540, 0.6274509803921568540, 0.6274509803921568540 ) ;
#8588 = FACE_OUTER_BOUND ( 'NONE', #11592, .T. ) ;
#8589 = ORIENTED_EDGE ( 'NONE', *, *, #2313, .T. ) ;
#8590 = VERTEX_POINT ( 'NONE', #6548 ) ;
#8591 = UNCERTAINTY_MEASURE_WITH_UNIT (LENGTH_MEASURE( 1.000000000000000082E-05 ), #3699, 'distance_accuracy_value', 'NONE');
#8592 = LINE ( 'NONE', #10585, #8465 ) ;
#8593 = LINE ( 'NONE', #8408, #12255 ) ;
#8594 = MECHANICAL_DESIGN_GEOMETRIC_PRESENTATION_REPRESENTATION (  '', ( #4935 ), #9299 ) ;
#8595 =( NAMED_UNIT ( * ) PLANE_ANGLE_UNIT ( ) SI_UNIT ( $, .RADIAN. ) );
#8596 = FACE_OUTER_BOUND ( 'NONE', #10362, .T. ) ;
#8597 = SURFACE_SIDE_STYLE ('',( #7526 ) ) ;
#8598 = CARTESIAN_POINT ( 'NONE',  ( -63.15000000000114966, -0.4499999999999955147, 4.250000000000119904 ) ) ;
#8599 = CIRCLE ( 'NONE', #10186, 0.2000000000000012046 ) ;
#8600 = FILL_AREA_STYLE_COLOUR ( '', #3559 ) ;
#8601 =( LENGTH_UNIT ( ) NAMED_UNIT ( * ) SI_UNIT ( .MILLI., .METRE. ) );
#8602 = SURFACE_STYLE_FILL_AREA ( #2484 ) ;
#8603 = DIRECTION ( 'NONE',  ( 3.700000000000000011E-14, -0.000000000000000000, -1.000000000000000000 ) ) ;
#8604 = ORIENTED_EDGE ( 'NONE', *, *, #3546, .T. ) ;
#8605 = EDGE_CURVE ( 'NONE', #8828, #12141, #8633, .T. ) ;
#8606 =( NAMED_UNIT ( * ) PLANE_ANGLE_UNIT ( ) SI_UNIT ( $, .RADIAN. ) );
#8607 = ORIENTED_EDGE ( 'NONE', *, *, #11347, .T. ) ;
#8608 = PRESENTATION_LAYER_ASSIGNMENT (  '', '', ( #563 ) ) ;
#8609 = ORIENTED_EDGE ( 'NONE', *, *, #9056, .F. ) ;
#8610 = ORIENTED_EDGE ( 'NONE', *, *, #7062, .T. ) ;
#8611 = PRESENTATION_LAYER_ASSIGNMENT (  '', '', ( #1571 ) ) ;
#8612 = DIRECTION ( 'NONE',  ( 1.000000000000000000, 1.000000000000000078E-15, 3.695877884809559986E-14 ) ) ;
#8613 = LINE ( 'NONE', #7677, #6474 ) ;
#8614 = CARTESIAN_POINT ( 'NONE',  ( -61.26715728752537160, -10.44999999999999396, 3.432842712474807989 ) ) ;
#8615 = UNCERTAINTY_MEASURE_WITH_UNIT (LENGTH_MEASURE( 1.000000000000000082E-05 ), #1060, 'distance_accuracy_value', 'NONE');
#8616 = DIRECTION ( 'NONE',  ( -1.000000000000000078E-15, 1.000000000000000000, 0.000000000000000000 ) ) ;
#8617 = PRESENTATION_LAYER_ASSIGNMENT (  '', '', ( #7400 ) ) ;
#8618 = MECHANICAL_DESIGN_GEOMETRIC_PRESENTATION_REPRESENTATION (  '', ( #5615 ), #9012 ) ;
#8619 = ORIENTED_EDGE ( 'NONE', *, *, #12104, .F. ) ;
#8620 = PLANE ( 'NONE',  #8760 ) ;
#8621 = COLOUR_RGB ( '',0.6274509803921568540, 0.6274509803921568540, 0.6274509803921568540 ) ;
#8622 = ORIENTED_EDGE ( 'NONE', *, *, #364, .T. ) ;
#8623 = ORIENTED_EDGE ( 'NONE', *, *, #7709, .T. ) ;
#8624 =( LENGTH_UNIT ( ) NAMED_UNIT ( * ) SI_UNIT ( .MILLI., .METRE. ) );
#8625 = VECTOR ( 'NONE', #9225, 1000.000000000000000 ) ;
#8626 = AXIS2_PLACEMENT_3D ( 'NONE', #12130, #1659, #654 ) ;
#8627 =( NAMED_UNIT ( * ) SI_UNIT ( $, .STERADIAN. ) SOLID_ANGLE_UNIT ( ) );
#8628 = UNCERTAINTY_MEASURE_WITH_UNIT (LENGTH_MEASURE( 1.000000000000000082E-05 ), #3650, 'distance_accuracy_value', 'NONE');
#8629 = CARTESIAN_POINT ( 'NONE',  ( -63.62083333333332291, -3.949999999999997069, 3.000000000000103029 ) ) ;
#8630 = PRESENTATION_STYLE_ASSIGNMENT (( #10255 ) ) ;
#8631 = FILL_AREA_STYLE ('',( #9523 ) ) ;
#8632 =( NAMED_UNIT ( * ) PLANE_ANGLE_UNIT ( ) SI_UNIT ( $, .RADIAN. ) );
#8633 = CIRCLE ( 'NONE', #10811, 0.4000000000000024092 ) ;
#8634 = VECTOR ( 'NONE', #10744, 1000.000000000000000 ) ;
#8635 = COLOUR_RGB ( '',0.9529411764705881804, 0.7960784313725489669, 0.4862745098039215619 ) ;
#8636 = ORIENTED_EDGE ( 'NONE', *, *, #3021, .T. ) ;
#8637 = EDGE_LOOP ( 'NONE', ( #5847, #7085, #5830, #11353, #2728, #7473, #144, #2948, #9744, #5544 ) ) ;
#8638 = ORIENTED_EDGE ( 'NONE', *, *, #6520, .T. ) ;
#8639 = VECTOR ( 'NONE', #4028, 1000.000000000000000 ) ;
#8640 = ORIENTED_EDGE ( 'NONE', *, *, #7036, .T. ) ;
#8641 = DIRECTION ( 'NONE',  ( -1.000000000000000078E-15, 1.000000000000000000, 0.000000000000000000 ) ) ;
#8642 = DIRECTION ( 'NONE',  ( 9.999999999999923863E-16, -1.000000000000000000, 6.360191048344121816E-30 ) ) ;
#8643 = STYLED_ITEM ( 'NONE', ( #4795 ), #8806 ) ;
#8644 = EDGE_CURVE ( 'NONE', #5482, #4959, #11214, .T. ) ;
#8645 = AXIS2_PLACEMENT_3D ( 'NONE', #4686, #8616, #5628 ) ;
#8646 = CARTESIAN_POINT ( 'NONE',  ( -67.73333333333332007, -10.45000000000000107, 3.299999999999950973 ) ) ;
#8647 = AXIS2_PLACEMENT_3D ( 'NONE', #11364, #2627, #11295 ) ;
#8648 = EDGE_CURVE ( 'NONE', #1067, #8671, #836, .T. ) ;
#8649 = SURFACE_STYLE_FILL_AREA ( #10817 ) ;
#8650 = CARTESIAN_POINT ( 'NONE',  ( -70.23431457505073183, -2.450000000000002398, 2.499999999999858336 ) ) ;
#8651 = COLOUR_RGB ( '',0.9529411764705881804, 0.7960784313725489669, 0.4862745098039215619 ) ;
#8652 = STYLED_ITEM ( 'NONE', ( #1023 ), #11271 ) ;
#8653 = DIRECTION ( 'NONE',  ( -1.000000000000000000, -1.000000000000000078E-15, -3.700000000000000011E-14 ) ) ;
#8654 = ORIENTED_EDGE ( 'NONE', *, *, #2317, .F. ) ;
#8655 = VERTEX_POINT ( 'NONE', #6281 ) ;
#8656 = LINE ( 'NONE', #7651, #5832 ) ;
#8657 = PRESENTATION_STYLE_ASSIGNMENT (( #9609 ) ) ;
#8658 = FACE_OUTER_BOUND ( 'NONE', #10855, .T. ) ;
#8659 = SURFACE_STYLE_FILL_AREA ( #5026 ) ;
#8660 = CARTESIAN_POINT ( 'NONE',  ( -63.67222222222336825, 1.100000000000003642, 4.050000000000101075 ) ) ;
#8661 = SURFACE_STYLE_USAGE ( .BOTH. , #4796 ) ;
#8662 = PRESENTATION_STYLE_ASSIGNMENT (( #7459 ) ) ;
#8663 = FACE_OUTER_BOUND ( 'NONE', #491, .T. ) ;
#8664 = LINE ( 'NONE', #10884, #11711 ) ;
#8665 = AXIS2_PLACEMENT_3D ( 'NONE', #3424, #555, #7291 ) ;
#8666 = FILL_AREA_STYLE ('',( #2039 ) ) ;
#8667 = FILL_AREA_STYLE_COLOUR ( '', #11027 ) ;
#8668 = ORIENTED_EDGE ( 'NONE', *, *, #291, .F. ) ;
#8669 = CARTESIAN_POINT ( 'NONE',  ( -68.67222222222221717, -10.45000000000000107, 3.299999999999916334 ) ) ;
#8670 = VECTOR ( 'NONE', #3666, 1000.000000000000227 ) ;
#8671 = VERTEX_POINT ( 'NONE', #8310 ) ;
#8672 = EDGE_CURVE ( 'NONE', #2043, #1245, #9992, .T. ) ;
#8673 = ORIENTED_EDGE ( 'NONE', *, *, #9503, .T. ) ;
#8674 = ORIENTED_EDGE ( 'NONE', *, *, #3661, .F. ) ;
#8675 = CARTESIAN_POINT ( 'NONE',  ( -64.35000000000005116, -8.299999999999997158, 4.800000000000076206 ) ) ;
#8676 = VECTOR ( 'NONE', #5484, 1000.000000000000000 ) ;
#8677 = FILL_AREA_STYLE_COLOUR ( '', #1039 ) ;
#8678 = PRESENTATION_STYLE_ASSIGNMENT (( #2687 ) ) ;
#8679 = UNCERTAINTY_MEASURE_WITH_UNIT (LENGTH_MEASURE( 1.000000000000000082E-05 ), #6811, 'distance_accuracy_value', 'NONE');
#8680 = EDGE_CURVE ( 'NONE', #9753, #2817, #9444, .T. ) ;
#8681 =( NAMED_UNIT ( * ) SI_UNIT ( $, .STERADIAN. ) SOLID_ANGLE_UNIT ( ) );
#8682 = LINE ( 'NONE', #12356, #7770 ) ;
#8683 = CARTESIAN_POINT ( 'NONE',  ( -63.18888888888886157, -10.44999999999999574, 3.000000000000119016 ) ) ;
#8684 = ORIENTED_EDGE ( 'NONE', *, *, #472, .F. ) ;
#8685 =( NAMED_UNIT ( * ) PLANE_ANGLE_UNIT ( ) SI_UNIT ( $, .RADIAN. ) );
#8686 = COLOUR_RGB ( '',0.007843137254901960675, 0.007843137254901960675, 0.007843137254901960675 ) ;
#8687 = VECTOR ( 'NONE', #8326, 1000.000000000000000 ) ;
#8688 = VERTEX_POINT ( 'NONE', #559 ) ;
#8689 = VERTEX_POINT ( 'NONE', #4365 ) ;
#8690 = CARTESIAN_POINT ( 'NONE',  ( -61.34999999999997300, -2.449999999999993960, 2.700000000000187139 ) ) ;
#8691 = DIRECTION ( 'NONE',  ( 1.000000000000000000, 1.000000000000000078E-15, 3.700000000000000011E-14 ) ) ;
#8692 = EDGE_CURVE ( 'NONE', #1428, #8491, #9252, .T. ) ;
#8693 = SURFACE_STYLE_USAGE ( .BOTH. , #8807 ) ;
#8694 = VECTOR ( 'NONE', #5799, 1000.000000000000000 ) ;
#8695 = EDGE_CURVE ( 'NONE', #1157, #5652, #622, .T. ) ;
#8696 = CIRCLE ( 'NONE', #1856, 0.09999999999999939493 ) ;
#8697 =( GEOMETRIC_REPRESENTATION_CONTEXT ( 3 ) GLOBAL_UNCERTAINTY_ASSIGNED_CONTEXT ( ( #4100 ) ) GLOBAL_UNIT_ASSIGNED_CONTEXT ( ( #171, #1135, #8051 ) ) REPRESENTATION_CONTEXT ( 'NONE', 'WORKASPACE' ) );
#8698 = DIRECTION ( 'NONE',  ( 3.700000000000000011E-14, -0.000000000000000000, -1.000000000000000000 ) ) ;
#8699 =( GEOMETRIC_REPRESENTATION_CONTEXT ( 3 ) GLOBAL_UNCERTAINTY_ASSIGNED_CONTEXT ( ( #5430 ) ) GLOBAL_UNIT_ASSIGNED_CONTEXT ( ( #33, #11535, #7719 ) ) REPRESENTATION_CONTEXT ( 'NONE', 'WORKASPACE' ) );
#8700 = CIRCLE ( 'NONE', #9712, 0.02999999999999777844 ) ;
#8701 = AXIS2_PLACEMENT_3D ( 'NONE', #6282, #8311, #6218 ) ;
#8702 =( GEOMETRIC_REPRESENTATION_CONTEXT ( 3 ) GLOBAL_UNCERTAINTY_ASSIGNED_CONTEXT ( ( #1510 ) ) GLOBAL_UNIT_ASSIGNED_CONTEXT ( ( #2541, #6450, #4349 ) ) REPRESENTATION_CONTEXT ( 'NONE', 'WORKASPACE' ) );
#8703 = ORIENTED_EDGE ( 'NONE', *, *, #5249, .F. ) ;
#8704 = VERTEX_POINT ( 'NONE', #10930 ) ;
#8705 = ORIENTED_EDGE ( 'NONE', *, *, #1985, .F. ) ;
#8706 = DIRECTION ( 'NONE',  ( 0.7071067811865743291, 7.071067811865481250E-16, -0.7071067811865208164 ) ) ;
#8707 =( GEOMETRIC_REPRESENTATION_CONTEXT ( 3 ) GLOBAL_UNCERTAINTY_ASSIGNED_CONTEXT ( ( #7550 ) ) GLOBAL_UNIT_ASSIGNED_CONTEXT ( ( #5149, #398, #10018 ) ) REPRESENTATION_CONTEXT ( 'NONE', 'WORKASPACE' ) );
#8708 = LINE ( 'NONE', #1036, #509 ) ;
#8709 = VERTEX_POINT ( 'NONE', #439 ) ;
#8710 = LINE ( 'NONE', #3942, #10426 ) ;
#8711 =( NAMED_UNIT ( * ) SI_UNIT ( $, .STERADIAN. ) SOLID_ANGLE_UNIT ( ) );
#8712 = UNCERTAINTY_MEASURE_WITH_UNIT (LENGTH_MEASURE( 1.000000000000000082E-05 ), #3852, 'distance_accuracy_value', 'NONE');
#8713 = FACE_OUTER_BOUND ( 'NONE', #8719, .T. ) ;
#8714 = MECHANICAL_DESIGN_GEOMETRIC_PRESENTATION_REPRESENTATION (  '', ( #3858 ), #4660 ) ;
#8715 = SURFACE_STYLE_FILL_AREA ( #3833 ) ;
#8716 = LINE ( 'NONE', #2083, #12032 ) ;
#8717 = MECHANICAL_DESIGN_GEOMETRIC_PRESENTATION_REPRESENTATION (  '', ( #8912 ), #4249 ) ;
#8718 =( LENGTH_UNIT ( ) NAMED_UNIT ( * ) SI_UNIT ( .MILLI., .METRE. ) );
#8719 = EDGE_LOOP ( 'NONE', ( #2188, #5966, #9476, #7002 ) ) ;
#8720 = VERTEX_POINT ( 'NONE', #6217 ) ;
#8721 = UNCERTAINTY_MEASURE_WITH_UNIT (LENGTH_MEASURE( 1.000000000000000082E-05 ), #10030, 'distance_accuracy_value', 'NONE');
#8722 = CARTESIAN_POINT ( 'NONE',  ( -68.67222222222220296, -10.45000000000000107, 2.999999999999916067 ) ) ;
#8723 = LINE ( 'NONE', #90, #8070 ) ;
#8724 = FILL_AREA_STYLE_COLOUR ( '', #11965 ) ;
#8725 = FILL_AREA_STYLE_COLOUR ( '', #8587 ) ;
#8726 = COLOUR_RGB ( '',0.9529411764705881804, 0.7960784313725489669, 0.4862745098039215619 ) ;
#8727 =( NAMED_UNIT ( * ) PLANE_ANGLE_UNIT ( ) SI_UNIT ( $, .RADIAN. ) );
#8728 = DIRECTION ( 'NONE',  ( 1.000000000000000000, 1.000000000000000078E-15, 3.700000000000000011E-14 ) ) ;
#8729 = CARTESIAN_POINT ( 'NONE',  ( -64.46568542494919996, -9.849999999999997868, 2.300000000000071765 ) ) ;
#8730 = ORIENTED_EDGE ( 'NONE', *, *, #9450, .F. ) ;
#8731 = STYLED_ITEM ( 'NONE', ( #3806 ), #10409 ) ;
#8732 = EDGE_CURVE ( 'NONE', #8576, #3861, #10421, .T. ) ;
#8733 = EDGE_CURVE ( 'NONE', #3710, #10098, #4245, .T. ) ;
#8734 = ORIENTED_EDGE ( 'NONE', *, *, #2517, .F. ) ;
#8735 = VERTEX_POINT ( 'NONE', #9320 ) ;
#8736 = SURFACE_STYLE_FILL_AREA ( #1072 ) ;
#8737 = DIRECTION ( 'NONE',  ( 0.000000000000000000, 0.000000000000000000, 1.000000000000000000 ) ) ;
#8738 = SURFACE_SIDE_STYLE ('',( #5938 ) ) ;
#8739 = FILL_AREA_STYLE ('',( #1011 ) ) ;
#8740 = UNCERTAINTY_MEASURE_WITH_UNIT (LENGTH_MEASURE( 1.000000000000000082E-05 ), #8350, 'distance_accuracy_value', 'NONE');
#8741 = CARTESIAN_POINT ( 'NONE',  ( -63.15000000000114966, 0.5500000000000035971, 4.250000000000119904 ) ) ;
#8742 = ORIENTED_EDGE ( 'NONE', *, *, #11139, .T. ) ;
#8743 = FILL_AREA_STYLE ('',( #3810 ) ) ;
#8744 = EDGE_CURVE ( 'NONE', #4732, #2562, #1631, .T. ) ;
#8745 = ORIENTED_EDGE ( 'NONE', *, *, #9411, .F. ) ;
#8746 = VERTEX_POINT ( 'NONE', #9188 ) ;
#8747 = DIRECTION ( 'NONE',  ( -1.000000000000000078E-15, 1.000000000000000000, 0.000000000000000000 ) ) ;
#8748 = PLANE ( 'NONE',  #7451 ) ;
#8749 = CARTESIAN_POINT ( 'NONE',  ( -70.94215728752540429, 1.549999999999995826, 3.549999999999843947 ) ) ;
#8750 = EDGE_CURVE ( 'NONE', #4737, #2991, #8246, .T. ) ;
#8751 = SURFACE_STYLE_FILL_AREA ( #6674 ) ;
#8752 = VECTOR ( 'NONE', #1954, 1000.000000000000000 ) ;
#8753 = CARTESIAN_POINT ( 'NONE',  ( -62.42426406871189215, -10.44999999999999574, 2.558578643762837945 ) ) ;
#8754 = UNCERTAINTY_MEASURE_WITH_UNIT (LENGTH_MEASURE( 1.000000000000000082E-05 ), #6946, 'distance_accuracy_value', 'NONE');
#8755 =( NAMED_UNIT ( * ) SI_UNIT ( $, .STERADIAN. ) SOLID_ANGLE_UNIT ( ) );
#8756 = CIRCLE ( 'NONE', #9947, 0.1000000000000028644 ) ;
#8757 = DIRECTION ( 'NONE',  ( -3.700000000000000011E-14, 0.000000000000000000, 1.000000000000000000 ) ) ;
#8758 = ADVANCED_FACE ( 'NONE', ( #5359 ), #11106, .T. ) ;
#8759 = EDGE_CURVE ( 'NONE', #8506, #9463, #5299, .T. ) ;
#8760 = AXIS2_PLACEMENT_3D ( 'NONE', #4232, #7981, #9928 ) ;
#8761 = ORIENTED_EDGE ( 'NONE', *, *, #9829, .F. ) ;
#8762 = ORIENTED_EDGE ( 'NONE', *, *, #2165, .F. ) ;
#8763 = EDGE_LOOP ( 'NONE', ( #8684, #3142, #5761, #6235 ) ) ;
#8764 = PLANE ( 'NONE',  #4626 ) ;
#8765 = LINE ( 'NONE', #3023, #7134 ) ;
#8766 = EDGE_CURVE ( 'NONE', #3343, #9780, #2497, .T. ) ;
#8767 = ORIENTED_EDGE ( 'NONE', *, *, #262, .T. ) ;
#8768 =( LENGTH_UNIT ( ) NAMED_UNIT ( * ) SI_UNIT ( .MILLI., .METRE. ) );
#8769 = FACE_OUTER_BOUND ( 'NONE', #10973, .T. ) ;
#8770 = COLOUR_RGB ( '',0.9529411764705881804, 0.7960784313725489669, 0.4862745098039215619 ) ;
#8771 = CARTESIAN_POINT ( 'NONE',  ( -61.14999999999999858, 1.550000000000006262, 3.050000000000194333 ) ) ;
#8772 = DIRECTION ( 'NONE',  ( -1.000000000000000000, -1.000000000000000078E-15, -3.700000000000000011E-14 ) ) ;
#8773 = ORIENTED_EDGE ( 'NONE', *, *, #10653, .T. ) ;
#8774 = VECTOR ( 'NONE', #5485, 1000.000000000000000 ) ;
#8775 = CARTESIAN_POINT ( 'NONE',  ( -65.11666666666781111, -0.4499999258007966740, 4.050000000000047784 ) ) ;
#8776 = MECHANICAL_DESIGN_GEOMETRIC_PRESENTATION_REPRESENTATION (  '', ( #3323 ), #7778 ) ;
#8777 = CARTESIAN_POINT ( 'NONE',  ( -66.94048499915838590, -8.903376519008858736, 2.309999999999980513 ) ) ;
#8778 = ORIENTED_EDGE ( 'NONE', *, *, #4188, .T. ) ;
#8779 = EDGE_LOOP ( 'NONE', ( #3809, #2260, #2507, #5693 ) ) ;
#8780 =( NAMED_UNIT ( * ) PLANE_ANGLE_UNIT ( ) SI_UNIT ( $, .RADIAN. ) );
#8781 = AXIS2_PLACEMENT_3D ( 'NONE', #9749, #1126, #4920 ) ;
#8782 = DIRECTION ( 'NONE',  ( -1.000000000000000000, -1.000000000000000078E-15, -3.700000000000000011E-14 ) ) ;
#8783 = DIRECTION ( 'NONE',  ( -1.000000000000000000, -1.084202172485473471E-15, -2.385244779468041282E-14 ) ) ;
#8784 = PRESENTATION_STYLE_ASSIGNMENT (( #11703 ) ) ;
#8785 = PLANE ( 'NONE',  #9019 ) ;
#8786 = VECTOR ( 'NONE', #2673, 1000.000000000000000 ) ;
#8787 = ORIENTED_EDGE ( 'NONE', *, *, #3495, .F. ) ;
#8788 = FACE_OUTER_BOUND ( 'NONE', #9769, .T. ) ;
#8789 = ORIENTED_EDGE ( 'NONE', *, *, #3502, .T. ) ;
#8790 = ORIENTED_EDGE ( 'NONE', *, *, #5165, .T. ) ;
#8791 = EDGE_LOOP ( 'NONE', ( #1730, #9654, #1896, #11754 ) ) ;
#8792 = CARTESIAN_POINT ( 'NONE',  ( -63.65833333333331723, -3.949999999999997069, 3.000000000000101696 ) ) ;
#8793 =( NAMED_UNIT ( * ) PLANE_ANGLE_UNIT ( ) SI_UNIT ( $, .RADIAN. ) );
#8794 = CARTESIAN_POINT ( 'NONE',  ( -62.09999999999998010, -10.44999999999999574, 3.000000000000159428 ) ) ;
#8795 = EDGE_CURVE ( 'NONE', #3683, #11060, #1566, .T. ) ;
#8796 = LINE ( 'NONE', #4161, #1461 ) ;
#8797 =( LENGTH_UNIT ( ) NAMED_UNIT ( * ) SI_UNIT ( .MILLI., .METRE. ) );
#8798 = SURFACE_STYLE_USAGE ( .BOTH. , #3177 ) ;
#8799 = VERTEX_POINT ( 'NONE', #9419 ) ;
#8800 = LINE ( 'NONE', #11606, #6292 ) ;
#8801 = EDGE_CURVE ( 'NONE', #10210, #6205, #12425, .T. ) ;
#8802 = VERTEX_POINT ( 'NONE', #3717 ) ;
#8803 = VERTEX_POINT ( 'NONE', #4526 ) ;
#8804 = SURFACE_STYLE_USAGE ( .BOTH. , #8871 ) ;
#8805 =( LENGTH_UNIT ( ) NAMED_UNIT ( * ) SI_UNIT ( .MILLI., .METRE. ) );
#8806 = ADVANCED_FACE ( 'NONE', ( #1792 ), #5601, .T. ) ;
#8807 = SURFACE_SIDE_STYLE ('',( #3012 ) ) ;
#8808 = VECTOR ( 'NONE', #703, 1000.000000000000000 ) ;
#8809 = MECHANICAL_DESIGN_GEOMETRIC_PRESENTATION_REPRESENTATION (  '', ( #774 ), #10203 ) ;
#8810 = COLOUR_RGB ( '',0.9529411764705881804, 0.7960784313725489669, 0.4862745098039215619 ) ;
#8811 = CARTESIAN_POINT ( 'NONE',  ( -63.15000000000113545, 1.100000000000003642, 4.050000000000120615 ) ) ;
#8812 =( LENGTH_UNIT ( ) NAMED_UNIT ( * ) SI_UNIT ( .MILLI., .METRE. ) );
#8813 = CARTESIAN_POINT ( 'NONE',  ( -63.50833333333331865, -3.949999999999997069, 3.000000000000107025 ) ) ;
#8814 = SURFACE_STYLE_FILL_AREA ( #5002 ) ;
#8815 = STYLED_ITEM ( 'NONE', ( #11084 ), #7991 ) ;
#8816 = ORIENTED_EDGE ( 'NONE', *, *, #2756, .T. ) ;
#8817 = ORIENTED_EDGE ( 'NONE', *, *, #7225, .F. ) ;
#8818 = VERTEX_POINT ( 'NONE', #9482 ) ;
#8819 = VECTOR ( 'NONE', #7587, 1000.000000000000000 ) ;
#8820 = SURFACE_STYLE_USAGE ( .BOTH. , #3085 ) ;
#8821 = EDGE_CURVE ( 'NONE', #11245, #8342, #11263, .T. ) ;
#8822 =( NAMED_UNIT ( * ) SI_UNIT ( $, .STERADIAN. ) SOLID_ANGLE_UNIT ( ) );
#8823 = VERTEX_POINT ( 'NONE', #7458 ) ;
#8824 = EDGE_CURVE ( 'NONE', #10291, #3083, #11335, .T. ) ;
#8825 = VECTOR ( 'NONE', #854, 1000.000000000000000 ) ;
#8826 = PRESENTATION_LAYER_ASSIGNMENT (  '', '', ( #1403 ) ) ;
#8827 = DIRECTION ( 'NONE',  ( -1.000000000000000000, -1.000000000000000078E-15, -3.700000000000000011E-14 ) ) ;
#8828 = VERTEX_POINT ( 'NONE', #5532 ) ;
#8829 =( GEOMETRIC_REPRESENTATION_CONTEXT ( 3 ) GLOBAL_UNCERTAINTY_ASSIGNED_CONTEXT ( ( #7826 ) ) GLOBAL_UNIT_ASSIGNED_CONTEXT ( ( #11889, #9213, #10013 ) ) REPRESENTATION_CONTEXT ( 'NONE', 'WORKASPACE' ) );
#8830 = DIRECTION ( 'NONE',  ( -3.825546163768862720E-14, -1.255461637688630224E-30, 1.000000000000000000 ) ) ;
#8831 = PRESENTATION_STYLE_ASSIGNMENT (( #2084 ) ) ;
#8832 = ORIENTED_EDGE ( 'NONE', *, *, #1688, .T. ) ;
#8833 = VECTOR ( 'NONE', #6150, 1000.000000000000000 ) ;
#8834 = ORIENTED_EDGE ( 'NONE', *, *, #6971, .F. ) ;
#8835 = UNCERTAINTY_MEASURE_WITH_UNIT (LENGTH_MEASURE( 1.000000000000000082E-05 ), #7552, 'distance_accuracy_value', 'NONE');
#8836 = LINE ( 'NONE', #6041, #6917 ) ;
#8837 = SURFACE_STYLE_FILL_AREA ( #11758 ) ;
#8838 =( NAMED_UNIT ( * ) PLANE_ANGLE_UNIT ( ) SI_UNIT ( $, .RADIAN. ) );
#8839 = PLANE ( 'NONE',  #10880 ) ;
#8840 = ADVANCED_FACE ( 'NONE', ( #12394 ), #794, .T. ) ;
#8841 = SURFACE_STYLE_FILL_AREA ( #4966 ) ;
#8842 = DIRECTION ( 'NONE',  ( 0.000000000000000000, 1.000000000000000000, 0.000000000000000000 ) ) ;
#8843 = PRESENTATION_STYLE_ASSIGNMENT (( #7197 ) ) ;
#8844 =( NAMED_UNIT ( * ) PLANE_ANGLE_UNIT ( ) SI_UNIT ( $, .RADIAN. ) );
#8845 = COLOUR_RGB ( '',0.007843137254901960675, 0.007843137254901960675, 0.007843137254901960675 ) ;
#8846 = ORIENTED_EDGE ( 'NONE', *, *, #9693, .T. ) ;
#8847 = CYLINDRICAL_SURFACE ( 'NONE', #6134, 0.3999999999999975797 ) ;
#8848 = PRESENTATION_STYLE_ASSIGNMENT (( #4868 ) ) ;
#8849 = PRESENTATION_LAYER_ASSIGNMENT (  '', '', ( #7237 ) ) ;
#8850 = VERTEX_POINT ( 'NONE', #7391 ) ;
#8851 = ORIENTED_EDGE ( 'NONE', *, *, #8033, .T. ) ;
#8852 = ORIENTED_EDGE ( 'NONE', *, *, #3246, .F. ) ;
#8853 = EDGE_CURVE ( 'NONE', #8704, #7052, #6773, .T. ) ;
#8854 = CARTESIAN_POINT ( 'NONE',  ( -64.05277777777777715, -3.949999999999997069, 3.150000000000087397 ) ) ;
#8855 = FILL_AREA_STYLE_COLOUR ( '', #8901 ) ;
#8856 = DIRECTION ( 'NONE',  ( 3.700000000000000011E-14, -0.000000000000000000, -1.000000000000000000 ) ) ;
#8857 = MECHANICAL_DESIGN_GEOMETRIC_PRESENTATION_REPRESENTATION (  '', ( #3212 ), #3400 ) ;
#8858 = DIRECTION ( 'NONE',  ( -1.000000000000000078E-15, 1.000000000000000000, 0.000000000000000000 ) ) ;
#8859 = AXIS2_PLACEMENT_3D ( 'NONE', #5441, #11173, #9141 ) ;
#8860 = FILL_AREA_STYLE_COLOUR ( '', #3137 ) ;
#8861 = SURFACE_STYLE_USAGE ( .BOTH. , #5102 ) ;
#8862 = DIRECTION ( 'NONE',  ( 0.7071067811865218156, 7.071067811865480264E-16, 0.7071067811865732189 ) ) ;
#8863 = CARTESIAN_POINT ( 'NONE',  ( -70.45000000000004547, -9.500000000000003553, 4.799999999999850608 ) ) ;
#8864 = DIRECTION ( 'NONE',  ( 0.000000000000000000, -1.000000000000000000, 0.000000000000000000 ) ) ;
#8865 = EDGE_LOOP ( 'NONE', ( #7131, #1608, #1381, #1973 ) ) ;
#8866 = CARTESIAN_POINT ( 'NONE',  ( -62.09999999999998721, -10.44999999999999574, 3.300000000000159250 ) ) ;
#8867 = STYLED_ITEM ( 'NONE', ( #3735 ), #11608 ) ;
#8868 = STYLED_ITEM ( 'NONE', ( #11937 ), #4492 ) ;
#8869 = ORIENTED_EDGE ( 'NONE', *, *, #1828, .T. ) ;
#8870 = ORIENTED_EDGE ( 'NONE', *, *, #1828, .F. ) ;
#8871 = SURFACE_SIDE_STYLE ('',( #4933 ) ) ;
#8872 = SURFACE_STYLE_USAGE ( .BOTH. , #4888 ) ;
#8873 = CARTESIAN_POINT ( 'NONE',  ( -62.24999999999999289, -10.44999999999999574, 3.300000000000153477 ) ) ;
#8874 =( NAMED_UNIT ( * ) PLANE_ANGLE_UNIT ( ) SI_UNIT ( $, .RADIAN. ) );
#8875 = CARTESIAN_POINT ( 'NONE',  ( -66.44905136195431794, -9.230492684701028239, 2.309999999999998721 ) ) ;
#8876 = PRESENTATION_STYLE_ASSIGNMENT (( #10369 ) ) ;
#8877 = DIRECTION ( 'NONE',  ( 1.000000000000000000, 0.000000000000000000, 3.571489509363941363E-14 ) ) ;
#8878 = PRESENTATION_LAYER_ASSIGNMENT (  '', '', ( #8277 ) ) ;
#8879 = FACE_BOUND ( 'NONE', #24, .T. ) ;
#8880 = AXIS2_PLACEMENT_3D ( 'NONE', #740, #2609, #1863 ) ;
#8881 = PLANE ( 'NONE',  #10395 ) ;
#8882 =( GEOMETRIC_REPRESENTATION_CONTEXT ( 3 ) GLOBAL_UNCERTAINTY_ASSIGNED_CONTEXT ( ( #920 ) ) GLOBAL_UNIT_ASSIGNED_CONTEXT ( ( #8812, #6927, #70 ) ) REPRESENTATION_CONTEXT ( 'NONE', 'WORKASPACE' ) );
#8883 = ADVANCED_FACE ( 'NONE', ( #1232 ), #1058, .T. ) ;
#8884 = ORIENTED_EDGE ( 'NONE', *, *, #11114, .T. ) ;
#8885 = VERTEX_POINT ( 'NONE', #6044 ) ;
#8886 = EDGE_LOOP ( 'NONE', ( #7563, #11186, #907, #478 ) ) ;
#8887 = EDGE_CURVE ( 'NONE', #2761, #11955, #7717, .T. ) ;
#8888 = SURFACE_STYLE_FILL_AREA ( #2076 ) ;
#8889 = STYLED_ITEM ( 'NONE', ( #9328 ), #4172 ) ;
#8890 = VECTOR ( 'NONE', #3422, 1000.000000000000000 ) ;
#8891 = ORIENTED_EDGE ( 'NONE', *, *, #11059, .F. ) ;
#8892 = STYLED_ITEM ( 'NONE', ( #7832 ), #9618 ) ;
#8893 = MECHANICAL_DESIGN_GEOMETRIC_PRESENTATION_REPRESENTATION (  '', ( #11070 ), #651 ) ;
#8894 = VECTOR ( 'NONE', #3976, 1000.000000000000000 ) ;
#8895 = VECTOR ( 'NONE', #12116, 1000.000000000000000 ) ;
#8896 = CARTESIAN_POINT ( 'NONE',  ( -70.23431457505071762, -2.399999617645522942, 2.299999999999858602 ) ) ;
#8897 = FILL_AREA_STYLE ('',( #5013 ) ) ;
#8898 = ORIENTED_EDGE ( 'NONE', *, *, #7608, .F. ) ;
#8899 = PRESENTATION_LAYER_ASSIGNMENT (  '', '', ( #7285 ) ) ;
#8900 = DIRECTION ( 'NONE',  ( 3.700000000000000011E-14, -0.000000000000000000, -1.000000000000000000 ) ) ;
#8901 = COLOUR_RGB ( '',0.007843137254901960675, 0.007843137254901960675, 0.007843137254901960675 ) ;
#8902 = VECTOR ( 'NONE', #6745, 1000.000000000000000 ) ;
#8903 = PLANE ( 'NONE',  #7051 ) ;
#8904 = VERTEX_POINT ( 'NONE', #8660 ) ;
#8905 = EDGE_LOOP ( 'NONE', ( #1999, #4866, #3264, #8817 ) ) ;
#8906 = LINE ( 'NONE', #9902, #6485 ) ;
#8907 = CARTESIAN_POINT ( 'NONE',  ( -66.40999999999995396, -4.874284969711169424, 2.299999999999999822 ) ) ;
#8908 = CARTESIAN_POINT ( 'NONE',  ( -61.35000000000003695, 1.550000000000006262, 4.250000000000186517 ) ) ;
#8909 = AXIS2_PLACEMENT_3D ( 'NONE', #6804, #11617, #4118 ) ;
#8910 = EDGE_CURVE ( 'NONE', #8996, #3672, #7954, .T. ) ;
#8911 = FILL_AREA_STYLE ('',( #10652 ) ) ;
#8912 = STYLED_ITEM ( 'NONE', ( #7426 ), #10015 ) ;
#8913 = FILL_AREA_STYLE ('',( #5744 ) ) ;
#8914 = LINE ( 'NONE', #5809, #9072 ) ;
#8915 = LINE ( 'NONE', #5986, #10278 ) ;
#8916 = LINE ( 'NONE', #337, #8639 ) ;
#8917 = SURFACE_SIDE_STYLE ('',( #1243 ) ) ;
#8918 = EDGE_CURVE ( 'NONE', #1964, #823, #9907, .T. ) ;
#8919 = EDGE_LOOP ( 'NONE', ( #2664, #4009, #5255, #7200 ) ) ;
#8920 = ORIENTED_EDGE ( 'NONE', *, *, #4806, .F. ) ;
#8921 = ORIENTED_EDGE ( 'NONE', *, *, #5625, .T. ) ;
#8923 = EDGE_CURVE ( 'NONE', #204, #3828, #3844, .T. ) ;
#8922 = DIRECTION ( 'NONE',  ( -1.000000000000000000, -1.000000000000000472E-15, -3.699999999999998749E-14 ) ) ;
#8924 = LINE ( 'NONE', #6315, #3411 ) ;
#8925 = CARTESIAN_POINT ( 'NONE',  ( -71.64999999999999147, -4.450000000000004619, 3.049999999999819966 ) ) ;
#8926 = EDGE_CURVE ( 'NONE', #8954, #1326, #1967, .T. ) ;
#8927 = CARTESIAN_POINT ( 'NONE',  ( -63.50833333333333286, -3.949999999999997069, 3.300000000000107292 ) ) ;
#8928 = SURFACE_SIDE_STYLE ('',( #1438 ) ) ;
#8929 =( LENGTH_UNIT ( ) NAMED_UNIT ( * ) SI_UNIT ( .MILLI., .METRE. ) );
#8930 = CARTESIAN_POINT ( 'NONE',  ( -57.40000000000001279, -0.4499998509883904041, 3.550000000000328004 ) ) ;
#8931 = ORIENTED_EDGE ( 'NONE', *, *, #6024, .F. ) ;
#8932 = CARTESIAN_POINT ( 'NONE',  ( -61.54999999999996874, -2.449999999999993960, 2.300000000000179678 ) ) ;
#8933 = ORIENTED_EDGE ( 'NONE', *, *, #8345, .F. ) ;
#8934 = ORIENTED_EDGE ( 'NONE', *, *, #2088, .F. ) ;
#8935 = CARTESIAN_POINT ( 'NONE',  ( -70.23055555555554008, -10.45000000000000284, 3.299999999999858602 ) ) ;
#8936 = DIRECTION ( 'NONE',  ( 3.700000000000000011E-14, -0.000000000000000000, -1.000000000000000000 ) ) ;
#8937 =( NAMED_UNIT ( * ) SI_UNIT ( $, .STERADIAN. ) SOLID_ANGLE_UNIT ( ) );
#8938 = CARTESIAN_POINT ( 'NONE',  ( -69.23431457505071762, -9.250000000000001776, 2.499999999999895639 ) ) ;
#8939 = CARTESIAN_POINT ( 'NONE',  ( -67.26388888888887152, -10.44999999999999929, 2.999999999999968026 ) ) ;
#8940 = FACE_OUTER_BOUND ( 'NONE', #1806, .T. ) ;
#8941 = CARTESIAN_POINT ( 'NONE',  ( -66.47499999999999432, -3.949999999999999734, 3.299999999999997158 ) ) ;
#8942 = ADVANCED_FACE ( 'NONE', ( #209 ), #4860, .T. ) ;
#8943 = ORIENTED_EDGE ( 'NONE', *, *, #2968, .F. ) ;
#8944 = ORIENTED_EDGE ( 'NONE', *, *, #8386, .T. ) ;
#8945 = ORIENTED_EDGE ( 'NONE', *, *, #277, .F. ) ;
#8946 = DIRECTION ( 'NONE',  ( -3.700000000000000011E-14, 0.000000000000000000, 1.000000000000000000 ) ) ;
#8947 = FACE_OUTER_BOUND ( 'NONE', #10333, .T. ) ;
#8948 = VERTEX_POINT ( 'NONE', #397 ) ;
#8949 = SURFACE_STYLE_USAGE ( .BOTH. , #2321 ) ;
#8950 = EDGE_CURVE ( 'NONE', #743, #23, #3931, .T. ) ;
#8951 = CARTESIAN_POINT ( 'NONE',  ( -68.92777777777891401, 0.5499999999999983791, 4.049999999999906564 ) ) ;
#8952 = LINE ( 'NONE', #3325, #10789 ) ;
#8953 = COLOUR_RGB ( '',0.007843137254901960675, 0.007843137254901960675, 0.007843137254901960675 ) ;
#8954 = VERTEX_POINT ( 'NONE', #4328 ) ;
#8955 = LINE ( 'NONE', #10008, #10056 ) ;
#8956 = EDGE_CURVE ( 'NONE', #288, #12335, #4206, .T. ) ;
#8957 = DIRECTION ( 'NONE',  ( -1.000000000000000000, -9.821109781064282613E-16, -3.700000000000000011E-14 ) ) ;
#8958 = SURFACE_STYLE_FILL_AREA ( #5079 ) ;
#8959 = ORIENTED_EDGE ( 'NONE', *, *, #4302, .F. ) ;
#8960 = ORIENTED_EDGE ( 'NONE', *, *, #8923, .T. ) ;
#8961 = UNCERTAINTY_MEASURE_WITH_UNIT (LENGTH_MEASURE( 1.000000000000000082E-05 ), #8768, 'distance_accuracy_value', 'NONE');
#8962 = DIRECTION ( 'NONE',  ( 3.700000000000000011E-14, -0.000000000000000000, -1.000000000000000000 ) ) ;
#8963 = MECHANICAL_DESIGN_GEOMETRIC_PRESENTATION_REPRESENTATION (  '', ( #2304 ), #1339 ) ;
#8964 = CARTESIAN_POINT ( 'NONE',  ( -61.34999999999999432, 1.550000000000006262, 3.050000000000187228 ) ) ;
#8965 = DIRECTION ( 'NONE',  ( -0.9915896977177649507, 0.1294212941520502536, -3.571489509363875098E-14 ) ) ;
#8966 = ADVANCED_FACE ( 'NONE', ( #11131 ), #3282, .T. ) ;
#8967 = AXIS2_PLACEMENT_3D ( 'NONE', #8122, #10171, #2367 ) ;
#8968 = LINE ( 'NONE', #2276, #7808 ) ;
#8969 = PLANE ( 'NONE',  #10093 ) ;
#8970 = SURFACE_STYLE_FILL_AREA ( #3162 ) ;
#8971 =( NAMED_UNIT ( * ) SI_UNIT ( $, .STERADIAN. ) SOLID_ANGLE_UNIT ( ) );
#8972 = STYLED_ITEM ( 'NONE', ( #9355 ), #206 ) ;
#8973 = LINE ( 'NONE', #475, #1602 ) ;
#8974 = LINE ( 'NONE', #3164, #3125 ) ;
#8975 = COLOUR_RGB ( '',0.007843137254901960675, 0.007843137254901960675, 0.007843137254901960675 ) ;
#8976 = LINE ( 'NONE', #3909, #2370 ) ;
#8977 = CIRCLE ( 'NONE', #124, 0.3999999999999975797 ) ;
#8978 = ORIENTED_EDGE ( 'NONE', *, *, #11332, .T. ) ;
#8979 = ORIENTED_EDGE ( 'NONE', *, *, #2256, .T. ) ;
#8980 = DIRECTION ( 'NONE',  ( -0.3017120651455319491, 0.9533990925869492150, -1.445602896647446320E-14 ) ) ;
#8981 = CARTESIAN_POINT ( 'NONE',  ( -68.45000000000004547, -9.500000000000001776, 4.799999999999924327 ) ) ;
#8982 = UNCERTAINTY_MEASURE_WITH_UNIT (LENGTH_MEASURE( 1.000000000000000082E-05 ), #9827, 'distance_accuracy_value', 'NONE');
#8983 = CARTESIAN_POINT ( 'NONE',  ( -61.35000000000005826, 1.550000000000006262, 4.800000000000187228 ) ) ;
#8984 = CARTESIAN_POINT ( 'NONE',  ( -70.23431457505071762, -10.45000000000000284, 2.499999999999858336 ) ) ;
#8985 = PRESENTATION_LAYER_ASSIGNMENT (  '', '', ( #7361 ) ) ;
#8986 = LINE ( 'NONE', #106, #2216 ) ;
#8987 = PRESENTATION_STYLE_ASSIGNMENT (( #5284 ) ) ;
#8988 = DIRECTION ( 'NONE',  ( 3.825546163768862720E-14, 1.255461637688630224E-30, -1.000000000000000000 ) ) ;
#8989 = EDGE_CURVE ( 'NONE', #2817, #5930, #11169, .T. ) ;
#8990 = STYLED_ITEM ( 'NONE', ( #3845 ), #1943 ) ;
#8991 = UNCERTAINTY_MEASURE_WITH_UNIT (LENGTH_MEASURE( 1.000000000000000082E-05 ), #6269, 'distance_accuracy_value', 'NONE');
#8992 = CARTESIAN_POINT ( 'NONE',  ( -68.23431457505071762, -10.15000000000000036, 2.299999999999932321 ) ) ;
#8993 = ORIENTED_EDGE ( 'NONE', *, *, #8089, .F. ) ;
#8994 = DIRECTION ( 'NONE',  ( -1.000000000000000000, -1.000000000000000078E-15, -3.700000000000000011E-14 ) ) ;
#8995 = AXIS2_PLACEMENT_3D ( 'NONE', #6174, #11009, #5084 ) ;
#8996 = VERTEX_POINT ( 'NONE', #10948 ) ;
#8997 = ORIENTED_EDGE ( 'NONE', *, *, #12383, .T. ) ;
#8998 = ADVANCED_FACE ( 'NONE', ( #7192 ), #7257, .T. ) ;
#8999 = CARTESIAN_POINT ( 'NONE',  ( -70.72499994970857529, -3.650000151991843023, 3.299999976530517021 ) ) ;
#9000 = CARTESIAN_POINT ( 'NONE',  ( -63.87222222222335688, 1.100000000000002087, 4.050000000000093081 ) ) ;
#9001 =( NAMED_UNIT ( * ) PLANE_ANGLE_UNIT ( ) SI_UNIT ( $, .RADIAN. ) );
#9002 = DIRECTION ( 'NONE',  ( 3.699999999999998749E-14, -9.860761315263910926E-32, -1.000000000000000000 ) ) ;
#9003 = CARTESIAN_POINT ( 'NONE',  ( -62.56568542494919427, -10.44999999999999574, 2.300000000000142375 ) ) ;
#9004 = DIRECTION ( 'NONE',  ( -1.000000000000000000, 0.000000000000000000, -3.686287386450737164E-14 ) ) ;
#9005 = FILL_AREA_STYLE ('',( #2253 ) ) ;
#9006 = ORIENTED_EDGE ( 'NONE', *, *, #7987, .T. ) ;
#9007 = VERTEX_POINT ( 'NONE', #2395 ) ;
#9008 = ORIENTED_EDGE ( 'NONE', *, *, #4124, .T. ) ;
#9009 = AXIS2_PLACEMENT_3D ( 'NONE', #1092, #2893, #10625 ) ;
#9010 = FILL_AREA_STYLE ('',( #2191 ) ) ;
#9011 = ADVANCED_FACE ( 'NONE', ( #5270 ), #9153, .F. ) ;
#9012 =( GEOMETRIC_REPRESENTATION_CONTEXT ( 3 ) GLOBAL_UNCERTAINTY_ASSIGNED_CONTEXT ( ( #11342 ) ) GLOBAL_UNIT_ASSIGNED_CONTEXT ( ( #708, #5452, #12184 ) ) REPRESENTATION_CONTEXT ( 'NONE', 'WORKASPACE' ) );
#9013 = ORIENTED_EDGE ( 'NONE', *, *, #8573, .F. ) ;
#9014 =( NAMED_UNIT ( * ) PLANE_ANGLE_UNIT ( ) SI_UNIT ( $, .RADIAN. ) );
#9015 = DIRECTION ( 'NONE',  ( -1.000000000000000000, -1.000000000000000078E-15, -3.700000000000000011E-14 ) ) ;
#9016 = PRESENTATION_STYLE_ASSIGNMENT (( #11933 ) ) ;
#9017 = VERTEX_POINT ( 'NONE', #10443 ) ;
#9018 = AXIS2_PLACEMENT_3D ( 'NONE', #4253, #9939, #8131 ) ;
#9019 = AXIS2_PLACEMENT_3D ( 'NONE', #3849, #11536, #7720 ) ;
#9020 = CARTESIAN_POINT ( 'NONE',  ( -66.29999999999995453, -2.153988701156668295, 2.300000000000003819 ) ) ;
#9021 = AXIS2_PLACEMENT_3D ( 'NONE', #9481, #10527, #4471 ) ;
#9022 = ORIENTED_EDGE ( 'NONE', *, *, #100, .T. ) ;
#9024 = ADVANCED_FACE ( 'NONE', ( #716 ), #3574, .T. ) ;
#9023 = FILL_AREA_STYLE_COLOUR ( '', #2873 ) ;
#9025 = CARTESIAN_POINT ( 'NONE',  ( -63.03888888888886299, -10.44999999999999574, 3.000000000000124345 ) ) ;
#9026 = VECTOR ( 'NONE', #10271, 1000.000000000000000 ) ;
#9027 = VECTOR ( 'NONE', #849, 1000.000000000000000 ) ;
#9028 = EDGE_CURVE ( 'NONE', #1326, #1882, #4709, .T. ) ;
#9029 = MECHANICAL_DESIGN_GEOMETRIC_PRESENTATION_REPRESENTATION (  '', ( #3183 ), #8829 ) ;
#9030 = CARTESIAN_POINT ( 'NONE',  ( -63.66568542494920280, -7.949999999999996625, 2.300000000000101519 ) ) ;
#9031 =( LENGTH_UNIT ( ) NAMED_UNIT ( * ) SI_UNIT ( .MILLI., .METRE. ) );
#9032 = LINE ( 'NONE', #6369, #11 ) ;
#9033 = VERTEX_POINT ( 'NONE', #7637 ) ;
#9034 = SURFACE_STYLE_USAGE ( .BOTH. , #9915 ) ;
#9035 =( GEOMETRIC_REPRESENTATION_CONTEXT ( 3 ) GLOBAL_UNCERTAINTY_ASSIGNED_CONTEXT ( ( #6744 ) ) GLOBAL_UNIT_ASSIGNED_CONTEXT ( ( #1650, #2647, #11241 ) ) REPRESENTATION_CONTEXT ( 'NONE', 'WORKASPACE' ) );
#9036 = ORIENTED_EDGE ( 'NONE', *, *, #4689, .F. ) ;
#9037 = VERTEX_POINT ( 'NONE', #8583 ) ;
#9038 = DIRECTION ( 'NONE',  ( 1.000000000000000000, 0.000000000000000000, 3.903127820947704260E-14 ) ) ;
#9039 = DIRECTION ( 'NONE',  ( 1.000000000000000078E-15, -1.000000000000000000, 0.000000000000000000 ) ) ;
#9040 = CARTESIAN_POINT ( 'NONE',  ( -66.38999999999995794, -9.259094657478639689, 2.310000000000000497 ) ) ;
#9041 =( GEOMETRIC_REPRESENTATION_CONTEXT ( 3 ) GLOBAL_UNCERTAINTY_ASSIGNED_CONTEXT ( ( #4830 ) ) GLOBAL_UNIT_ASSIGNED_CONTEXT ( ( #5679, #9549, #2863 ) ) REPRESENTATION_CONTEXT ( 'NONE', 'WORKASPACE' ) );
#9042 = PRESENTATION_LAYER_ASSIGNMENT (  '', '', ( #9451 ) ) ;
#9043 = DIRECTION ( 'NONE',  ( -3.700000000000000011E-14, 0.000000000000000000, 1.000000000000000000 ) ) ;
#9044 = DIRECTION ( 'NONE',  ( 1.000000000000000078E-15, -1.000000000000000000, 0.000000000000000000 ) ) ;
#9045 = PLANE ( 'NONE',  #5068 ) ;
#9046 = VECTOR ( 'NONE', #3262, 1000.000000000000000 ) ;
#9047 = SURFACE_STYLE_FILL_AREA ( #6003 ) ;
#9048 = FACE_OUTER_BOUND ( 'NONE', #6343, .T. ) ;
#9049 = PLANE ( 'NONE',  #9286 ) ;
#9050 = VERTEX_POINT ( 'NONE', #3766 ) ;
#9051 = LINE ( 'NONE', #297, #1723 ) ;
#9052 = ORIENTED_EDGE ( 'NONE', *, *, #10745, .F. ) ;
#9053 = EDGE_LOOP ( 'NONE', ( #5932, #6796, #166, #875 ) ) ;
#9054 = AXIS2_PLACEMENT_3D ( 'NONE', #8095, #8276, #2278 ) ;
#9055 = FILL_AREA_STYLE_COLOUR ( '', #6050 ) ;
#9056 = EDGE_CURVE ( 'NONE', #9605, #11217, #974, .T. ) ;
#9057 = COLOUR_RGB ( '',0.007843137254901960675, 0.007843137254901960675, 0.007843137254901960675 ) ;
#9058 = CARTESIAN_POINT ( 'NONE',  ( -71.39142135623731633, -10.45000000000000462, 3.574264068711742848 ) ) ;
#9059 = FILL_AREA_STYLE ('',( #9417 ) ) ;
#9060 = DIRECTION ( 'NONE',  ( -3.700000000000000011E-14, 0.000000000000000000, 1.000000000000000000 ) ) ;
#9061 = UNCERTAINTY_MEASURE_WITH_UNIT (LENGTH_MEASURE( 1.000000000000000082E-05 ), #1155, 'distance_accuracy_value', 'NONE');
#9062 = CARTESIAN_POINT ( 'NONE',  ( -61.90000000000003411, -0.4499998509883939013, 4.050000000000165912 ) ) ;
#9063 = CARTESIAN_POINT ( 'NONE',  ( -64.15000000000004832, -8.099999999999996092, 4.800000000000083311 ) ) ;
#9064 = LINE ( 'NONE', #8185, #4664 ) ;
#9065 = FILL_AREA_STYLE_COLOUR ( '', #3567 ) ;
#9066 = DIRECTION ( 'NONE',  ( -3.700000000000000011E-14, 0.000000000000000000, 1.000000000000000000 ) ) ;
#9067 =( LENGTH_UNIT ( ) NAMED_UNIT ( * ) SI_UNIT ( .MILLI., .METRE. ) );
#9068 = VECTOR ( 'NONE', #4055, 1000.000000000000000 ) ;
#9069 = AXIS2_PLACEMENT_3D ( 'NONE', #6889, #9778, #9837 ) ;
#9070 = VERTEX_POINT ( 'NONE', #9404 ) ;
#9071 = ORIENTED_EDGE ( 'NONE', *, *, #3408, .F. ) ;
#9072 = VECTOR ( 'NONE', #9674, 1000.000000000000000 ) ;
#9073 = ADVANCED_FACE ( 'NONE', ( #5393 ), #6494, .T. ) ;
#9074 = CARTESIAN_POINT ( 'NONE',  ( -65.92201378195157702, -8.174896124021048038, 2.300000000000018030 ) ) ;
#9075 =( LENGTH_UNIT ( ) NAMED_UNIT ( * ) SI_UNIT ( .MILLI., .METRE. ) );
#9076 = EDGE_CURVE ( 'NONE', #1638, #6899, #8599, .T. ) ;
#9077 = ORIENTED_EDGE ( 'NONE', *, *, #11867, .F. ) ;
#9078 = PRESENTATION_LAYER_ASSIGNMENT (  '', '', ( #429 ) ) ;
#9079 = CARTESIAN_POINT ( 'NONE',  ( -70.23431457505074604, -2.450000000000002398, 2.924999999999868372 ) ) ;
#9080 =( GEOMETRIC_REPRESENTATION_CONTEXT ( 3 ) GLOBAL_UNCERTAINTY_ASSIGNED_CONTEXT ( ( #9215 ) ) GLOBAL_UNIT_ASSIGNED_CONTEXT ( ( #258, #380, #3936 ) ) REPRESENTATION_CONTEXT ( 'NONE', 'WORKASPACE' ) );
#9081 = ADVANCED_FACE ( 'NONE', ( #8769 ), #260, .T. ) ;
#9082 = AXIS2_PLACEMENT_3D ( 'NONE', #6128, #10840, #5160 ) ;
#9083 = PRESENTATION_STYLE_ASSIGNMENT (( #577 ) ) ;
#9084 = VECTOR ( 'NONE', #770, 1000.000000000000000 ) ;
#9085 = FACE_OUTER_BOUND ( 'NONE', #3493, .T. ) ;
#9086 = ORIENTED_EDGE ( 'NONE', *, *, #10503, .F. ) ;
#9087 = DIRECTION ( 'NONE',  ( 3.699999999999998749E-14, -9.860761315263910926E-32, -1.000000000000000000 ) ) ;
#9088 = DIRECTION ( 'NONE',  ( -3.422444243843710876E-14, 2.775557561562894588E-30, 1.000000000000000000 ) ) ;
#9089 = COLOUR_RGB ( '',0.9529411764705881804, 0.7960784313725489669, 0.4862745098039215619 ) ;
#9090 = VECTOR ( 'NONE', #525, 1000.000000000000000 ) ;
#9091 = COLOUR_RGB ( '',0.05882352941176470507, 0.3921568627450980338, 0.7019607843137254388 ) ;
#9092 =( LENGTH_UNIT ( ) NAMED_UNIT ( * ) SI_UNIT ( .MILLI., .METRE. ) );
#9093 = LINE ( 'NONE', #1303, #12408 ) ;
#9094 = LINE ( 'NONE', #6247, #10280 ) ;
#9095 = SURFACE_STYLE_USAGE ( .BOTH. , #12002 ) ;
#9096 = SURFACE_SIDE_STYLE ('',( #9156 ) ) ;
#9097 = COLOUR_RGB ( '',0.007843137254901960675, 0.007843137254901960675, 0.007843137254901960675 ) ;
#9098 = LINE ( 'NONE', #3337, #2014 ) ;
#9099 =( GEOMETRIC_REPRESENTATION_CONTEXT ( 3 ) GLOBAL_UNCERTAINTY_ASSIGNED_CONTEXT ( ( #3377 ) ) GLOBAL_UNIT_ASSIGNED_CONTEXT ( ( #7571, #2657, #6495 ) ) REPRESENTATION_CONTEXT ( 'NONE', 'WORKASPACE' ) );
#9100 = PRESENTATION_LAYER_ASSIGNMENT (  '', '', ( #6473 ) ) ;
#9101 = VECTOR ( 'NONE', #8091, 1000.000000000000000 ) ;
#9102 = DIRECTION ( 'NONE',  ( -3.700000000000000011E-14, 0.000000000000000000, 1.000000000000000000 ) ) ;
#9103 = SURFACE_STYLE_FILL_AREA ( #5214 ) ;
#9104 = DIRECTION ( 'NONE',  ( -0.7071067811865208164, -7.071067811865208107E-16, -0.7071067811865743291 ) ) ;
#9105 = ORIENTED_EDGE ( 'NONE', *, *, #8887, .T. ) ;
#9106 = VERTEX_POINT ( 'NONE', #80 ) ;
#9107 = LINE ( 'NONE', #5995, #6763 ) ;
#9108 = MECHANICAL_DESIGN_GEOMETRIC_PRESENTATION_REPRESENTATION (  '', ( #3846 ), #10693 ) ;
#9109 = SURFACE_STYLE_FILL_AREA ( #538 ) ;
#9110 = DIRECTION ( 'NONE',  ( 0.3813383205040976609, 0.9244355495734216666, 1.445602896647372483E-14 ) ) ;
#9111 = COLOUR_RGB ( '',0.007843137254901960675, 0.007843137254901960675, 0.007843137254901960675 ) ;
#9112 = DIRECTION ( 'NONE',  ( 6.938893903907119830E-14, 0.000000000000000000, -1.000000000000000000 ) ) ;
#9113 = CARTESIAN_POINT ( 'NONE',  ( -67.73333333333330586, -10.45000000000000107, 2.999999999999950706 ) ) ;
#9114 = CARTESIAN_POINT ( 'NONE',  ( -62.56568542494920848, -2.449999999999995737, 2.500000000000141664 ) ) ;
#9115 =( NAMED_UNIT ( * ) SI_UNIT ( $, .STERADIAN. ) SOLID_ANGLE_UNIT ( ) );
#9117 = EDGE_CURVE ( 'NONE', #11100, #6470, #4841, .T. ) ;
#9116 =( NAMED_UNIT ( * ) SI_UNIT ( $, .STERADIAN. ) SOLID_ANGLE_UNIT ( ) );
#9118 = EDGE_LOOP ( 'NONE', ( #3084, #8300, #8191, #5630 ) ) ;
#9119 = ADVANCED_FACE ( 'NONE', ( #10698 ), #7814, .T. ) ;
#9120 = MECHANICAL_DESIGN_GEOMETRIC_PRESENTATION_REPRESENTATION (  '', ( #10705 ), #12304 ) ;
#9121 = VERTEX_POINT ( 'NONE', #7127 ) ;
#9122 = VERTEX_POINT ( 'NONE', #6027 ) ;
#9123 = PRESENTATION_STYLE_ASSIGNMENT (( #12034 ) ) ;
#9124 = DIRECTION ( 'NONE',  ( 1.000000000000000078E-15, -1.000000000000000000, 0.000000000000000000 ) ) ;
#9125 = PLANE ( 'NONE',  #549 ) ;
#9126 = PRESENTATION_STYLE_ASSIGNMENT (( #7163 ) ) ;
#9127 = MECHANICAL_DESIGN_GEOMETRIC_PRESENTATION_REPRESENTATION (  '', ( #9337 ), #3671 ) ;
#9128 =( NAMED_UNIT ( * ) SI_UNIT ( $, .STERADIAN. ) SOLID_ANGLE_UNIT ( ) );
#9129 = PRESENTATION_STYLE_ASSIGNMENT (( #9191 ) ) ;
#9130 =( NAMED_UNIT ( * ) SI_UNIT ( $, .STERADIAN. ) SOLID_ANGLE_UNIT ( ) );
#9131 = AXIS2_PLACEMENT_3D ( 'NONE', #1359, #5082, #6107 ) ;
#9132 = CARTESIAN_POINT ( 'NONE',  ( -62.56944444444442865, -10.44999999999999574, 3.300000000000141931 ) ) ;
#9133 =( NAMED_UNIT ( * ) PLANE_ANGLE_UNIT ( ) SI_UNIT ( $, .RADIAN. ) );
#9134 = ADVANCED_FACE ( 'NONE', ( #1525 ), #4126, .T. ) ;
#9135 = PRESENTATION_LAYER_ASSIGNMENT (  '', '', ( #2485 ) ) ;
#9136 = ORIENTED_EDGE ( 'NONE', *, *, #5710, .F. ) ;
#9137 = ORIENTED_EDGE ( 'NONE', *, *, #9235, .T. ) ;
#9138 = EDGE_CURVE ( 'NONE', #1065, #506, #8139, .T. ) ;
#9139 = CARTESIAN_POINT ( 'NONE',  ( -67.28333333333446831, -0.4499999258008001712, 4.049999999999967848 ) ) ;
#9140 = STYLED_ITEM ( 'NONE', ( #7492 ), #928 ) ;
#9141 = DIRECTION ( 'NONE',  ( -1.000000000000000000, 0.000000000000000000, -3.903127820947704260E-14 ) ) ;
#9142 = PRESENTATION_STYLE_ASSIGNMENT (( #6094 ) ) ;
#9143 = EDGE_LOOP ( 'NONE', ( #4420, #7667, #8221, #1448 ) ) ;
#9144 = DIRECTION ( 'NONE',  ( 1.000000000000000000, 1.000000000000000078E-15, 3.448907672462272700E-14 ) ) ;
#9145 = EDGE_CURVE ( 'NONE', #10402, #10305, #8257, .T. ) ;
#9146 = EDGE_CURVE ( 'NONE', #2824, #8235, #6793, .T. ) ;
#9147 = DIRECTION ( 'NONE',  ( -1.000000000000000000, -1.000000000000000078E-15, -3.700000000000000011E-14 ) ) ;
#9148 = PLANE ( 'NONE',  #5773 ) ;
#9149 = LINE ( 'NONE', #11126, #7015 ) ;
#9150 = CARTESIAN_POINT ( 'NONE',  ( -62.56568542494920848, 1.550000000000004485, 2.300000000000142375 ) ) ;
#9151 = PRESENTATION_STYLE_ASSIGNMENT (( #5391 ) ) ;
#9152 = CARTESIAN_POINT ( 'NONE',  ( -57.40000000000001279, -0.7499999258007705727, 3.550000000000328004 ) ) ;
#9153 = CYLINDRICAL_SURFACE ( 'NONE', #964, 0.2000000000000057288 ) ;
#9154 = LINE ( 'NONE', #11132, #9090 ) ;
#9155 = CARTESIAN_POINT ( 'NONE',  ( -68.00555555555669685, -0.4499999258008001712, 4.049999999999941203 ) ) ;
#9156 = SURFACE_STYLE_FILL_AREA ( #10019 ) ;
#9157 = DIRECTION ( 'NONE',  ( 1.000000000000000078E-15, -1.000000000000000000, 0.000000000000000000 ) ) ;
#9158 =( NAMED_UNIT ( * ) PLANE_ANGLE_UNIT ( ) SI_UNIT ( $, .RADIAN. ) );
#9159 = SURFACE_SIDE_STYLE ('',( #8214 ) ) ;
#9160 = LINE ( 'NONE', #6253, #1535 ) ;
#9161 = LINE ( 'NONE', #9285, #6610 ) ;
#9162 = STYLED_ITEM ( 'NONE', ( #804 ), #5366 ) ;
#9163 = VERTEX_POINT ( 'NONE', #10005 ) ;
#9164 = EDGE_LOOP ( 'NONE', ( #7521, #3934, #1758, #11866, #12100, #6290, #6737, #1122 ) ) ;
#9165 = CARTESIAN_POINT ( 'NONE',  ( -66.89876734635691946, -5.820804194777459806, 2.299999999999981615 ) ) ;
#9166 = DIRECTION ( 'NONE',  ( 3.700000000000000011E-14, -0.000000000000000000, -1.000000000000000000 ) ) ;
#9167 = CARTESIAN_POINT ( 'NONE',  ( -63.65833333333331723, -10.44999999999999574, 3.000000000000101696 ) ) ;
#9168 = LINE ( 'NONE', #10103, #10036 ) ;
#9169 = CARTESIAN_POINT ( 'NONE',  ( -61.34999999999998721, -1.449999999999994627, 3.050000000000187228 ) ) ;
#9170 = DIRECTION ( 'NONE',  ( 3.574453836231137303E-14, -1.255461637688630224E-30, -1.000000000000000000 ) ) ;
#9171 = LINE ( 'NONE', #6197, #1076 ) ;
#9172 = CIRCLE ( 'NONE', #317, 0.2000000000000031197 ) ;
#9173 = DIRECTION ( 'NONE',  ( -1.000000000000000078E-15, 1.000000000000000000, 0.000000000000000000 ) ) ;
#9174 = CARTESIAN_POINT ( 'NONE',  ( -70.54999999999999716, -3.950000000000003730, 3.299999999999846612 ) ) ;
#9175 = ORIENTED_EDGE ( 'NONE', *, *, #10353, .T. ) ;
#9176 = VECTOR ( 'NONE', #866, 1000.000000000000114 ) ;
#9177 = VECTOR ( 'NONE', #4177, 1000.000000000000000 ) ;
#9178 = ORIENTED_EDGE ( 'NONE', *, *, #6024, .T. ) ;
#9179 = ORIENTED_EDGE ( 'NONE', *, *, #3884, .F. ) ;
#9180 =( NAMED_UNIT ( * ) PLANE_ANGLE_UNIT ( ) SI_UNIT ( $, .RADIAN. ) );
#9181 = CIRCLE ( 'NONE', #11951, 0.2000000000000005107 ) ;
#9182 = DIRECTION ( 'NONE',  ( 1.000000000000000000, 1.000000000000000472E-15, 3.700000000000000011E-14 ) ) ;
#9183 = EDGE_CURVE ( 'NONE', #8818, #11217, #3205, .T. ) ;
#9184 = CARTESIAN_POINT ( 'NONE',  ( -65.11666666666781111, 1.100000000000002087, 4.050000000000047784 ) ) ;
#9185 = STYLED_ITEM ( 'NONE', ( #11265 ), #1935 ) ;
#9186 = UNCERTAINTY_MEASURE_WITH_UNIT (LENGTH_MEASURE( 1.000000000000000082E-05 ), #5572, 'distance_accuracy_value', 'NONE');
#9187 = CARTESIAN_POINT ( 'NONE',  ( -64.59444444444558542, -0.4499999258007966740, 4.050000000000067324 ) ) ;
#9188 = CARTESIAN_POINT ( 'NONE',  ( -71.65000000000003411, -1.450000000000005063, 4.249999999999819700 ) ) ;
#9189 = CARTESIAN_POINT ( 'NONE',  ( -69.23431457505071762, -9.850000000000003197, 2.499999999999895639 ) ) ;
#9190 = EDGE_CURVE ( 'NONE', #6386, #3230, #4314, .T. ) ;
#9191 = SURFACE_STYLE_USAGE ( .BOTH. , #5247 ) ;
#9192 = LINE ( 'NONE', #4304, #2001 ) ;
#9193 = DIRECTION ( 'NONE',  ( -1.000000000000000078E-15, 1.000000000000000000, 0.000000000000000000 ) ) ;
#9194 = DIRECTION ( 'NONE',  ( -1.000000000000000078E-15, 1.000000000000000000, 0.000000000000000000 ) ) ;
#9195 = MECHANICAL_DESIGN_GEOMETRIC_PRESENTATION_REPRESENTATION (  '', ( #1367 ), #2540 ) ;
#9196 = ORIENTED_EDGE ( 'NONE', *, *, #10128, .F. ) ;
#9197 = VERTEX_POINT ( 'NONE', #3381 ) ;
#9198 = ADVANCED_FACE ( 'NONE', ( #8069 ), #7243, .F. ) ;
#9199 = COLOUR_RGB ( '',0.9529411764705881804, 0.7960784313725489669, 0.4862745098039215619 ) ;
#9200 = CARTESIAN_POINT ( 'NONE',  ( -70.25000000000004263, -8.100000000000003197, 4.799999999999858602 ) ) ;
#9201 =( LENGTH_UNIT ( ) NAMED_UNIT ( * ) SI_UNIT ( .MILLI., .METRE. ) );
#9202 = ORIENTED_EDGE ( 'NONE', *, *, #27, .F. ) ;
#9203 = PRESENTATION_LAYER_ASSIGNMENT (  '', '', ( #4749 ) ) ;
#9204 =( NAMED_UNIT ( * ) PLANE_ANGLE_UNIT ( ) SI_UNIT ( $, .RADIAN. ) );
#9205 = DIRECTION ( 'NONE',  ( 1.000000000000000000, 9.999999999999923863E-16, 3.700000000000010109E-14 ) ) ;
#9206 =( LENGTH_UNIT ( ) NAMED_UNIT ( * ) SI_UNIT ( .MILLI., .METRE. ) );
#9207 = DIRECTION ( 'NONE',  ( -0.9992356792788540387, -0.03909037293410170394, -3.418965546475584628E-14 ) ) ;
#9208 =( NAMED_UNIT ( * ) SI_UNIT ( $, .STERADIAN. ) SOLID_ANGLE_UNIT ( ) );
#9209 = EDGE_CURVE ( 'NONE', #2991, #11851, #636, .T. ) ;
#9210 = AXIS2_PLACEMENT_3D ( 'NONE', #1543, #4578, #12004 ) ;
#9211 = ORIENTED_EDGE ( 'NONE', *, *, #3121, .T. ) ;
#9212 = EDGE_CURVE ( 'NONE', #5950, #6525, #1710, .T. ) ;
#9213 =( NAMED_UNIT ( * ) PLANE_ANGLE_UNIT ( ) SI_UNIT ( $, .RADIAN. ) );
#9214 = SURFACE_STYLE_FILL_AREA ( #10897 ) ;
#9215 = UNCERTAINTY_MEASURE_WITH_UNIT (LENGTH_MEASURE( 1.000000000000000082E-05 ), #258, 'distance_accuracy_value', 'NONE');
#9216 = LINE ( 'NONE', #4330, #11486 ) ;
#9217 =( GEOMETRIC_REPRESENTATION_CONTEXT ( 3 ) GLOBAL_UNCERTAINTY_ASSIGNED_CONTEXT ( ( #6483 ) ) GLOBAL_UNIT_ASSIGNED_CONTEXT ( ( #11652, #9741, #3228 ) ) REPRESENTATION_CONTEXT ( 'NONE', 'WORKASPACE' ) );
#9218 = VECTOR ( 'NONE', #10372, 1000.000000000000000 ) ;
#9219 = LINE ( 'NONE', #593, #2788 ) ;
#9220 = CARTESIAN_POINT ( 'NONE',  ( -66.03888888889002828, 0.5500000000000001554, 4.050000000000014033 ) ) ;
#9221 = FILL_AREA_STYLE_COLOUR ( '', #5870 ) ;
#9222 = VECTOR ( 'NONE', #7716, 1000.000000000000000 ) ;
#9223 = FACE_BOUND ( 'NONE', #11743, .T. ) ;
#9224 = LINE ( 'NONE', #6310, #11745 ) ;
#9225 = DIRECTION ( 'NONE',  ( -1.000000000000000078E-15, 1.000000000000000000, 0.000000000000000000 ) ) ;
#9226 = ADVANCED_FACE ( 'NONE', ( #10428 ), #9391, .F. ) ;
#9227 = ORIENTED_EDGE ( 'NONE', *, *, #2396, .F. ) ;
#9228 = STYLED_ITEM ( 'NONE', ( #8467 ), #8297 ) ;
#9229 = VERTEX_POINT ( 'NONE', #6413 ) ;
#9230 = SURFACE_SIDE_STYLE ('',( #2476 ) ) ;
#9231 = VECTOR ( 'NONE', #5087, 1000.000000000000000 ) ;
#9232 = LINE ( 'NONE', #7271, #6656 ) ;
#9233 = DIRECTION ( 'NONE',  ( -0.9992356792788540387, 0.03909037293409970554, -3.418965546475584628E-14 ) ) ;
#9234 = SURFACE_STYLE_USAGE ( .BOTH. , #9972 ) ;
#9235 = EDGE_CURVE ( 'NONE', #1413, #3006, #8324, .T. ) ;
#9236 = PRESENTATION_STYLE_ASSIGNMENT (( #5342 ) ) ;
#9237 = DIRECTION ( 'NONE',  ( 1.000000000000000000, 1.000000000000000078E-15, 3.754653881869017213E-14 ) ) ;
#9238 = CARTESIAN_POINT ( 'NONE',  ( -61.90000000000003411, -0.4499998509883939013, 4.050000000000165912 ) ) ;
#9239 = CARTESIAN_POINT ( 'NONE',  ( -69.14166666666665151, -10.45000000000000284, 3.299999999999899014 ) ) ;
#9240 =( NAMED_UNIT ( * ) PLANE_ANGLE_UNIT ( ) SI_UNIT ( $, .RADIAN. ) );
#9241 =( GEOMETRIC_REPRESENTATION_CONTEXT ( 3 ) GLOBAL_UNCERTAINTY_ASSIGNED_CONTEXT ( ( #2180 ) ) GLOBAL_UNIT_ASSIGNED_CONTEXT ( ( #11164, #4301, #8183 ) ) REPRESENTATION_CONTEXT ( 'NONE', 'WORKASPACE' ) );
#9242 = AXIS2_PLACEMENT_3D ( 'NONE', #1570, #441, #8129 ) ;
#9243 = ORIENTED_EDGE ( 'NONE', *, *, #8189, .F. ) ;
#9244 = VECTOR ( 'NONE', #6246, 1000.000000000000000 ) ;
#9245 = EDGE_LOOP ( 'NONE', ( #7565, #7488, #3962, #1117 ) ) ;
#9246 = ORIENTED_EDGE ( 'NONE', *, *, #997, .T. ) ;
#9247 = CARTESIAN_POINT ( 'NONE',  ( -71.65000000000004832, -10.45000000000000462, 4.599999999999806022 ) ) ;
#9248 = DIRECTION ( 'NONE',  ( -1.000000000000000000, -1.000000000000000078E-15, -3.700000000000000011E-14 ) ) ;
#9249 = VECTOR ( 'NONE', #7895, 1000.000000000000000 ) ;
#9250 = CARTESIAN_POINT ( 'NONE',  ( -63.67222222222336825, -0.4499999999999955147, 4.050000000000101075 ) ) ;
#9251 = VECTOR ( 'NONE', #10412, 1000.000000000000000 ) ;
#9252 = LINE ( 'NONE', #1394, #4174 ) ;
#9253 = CARTESIAN_POINT ( 'NONE',  ( -61.54999999999998295, -2.449999999999993960, 2.700000000000179590 ) ) ;
#9254 = SURFACE_STYLE_USAGE ( .BOTH. , #2498 ) ;
#9255 = ORIENTED_EDGE ( 'NONE', *, *, #8380, .T. ) ;
#9256 = ORIENTED_EDGE ( 'NONE', *, *, #3340, .T. ) ;
#9257 = DIRECTION ( 'NONE',  ( -1.000000000000000000, -1.000000000000000078E-15, -3.701809683000205097E-14 ) ) ;
#9258 = DIRECTION ( 'NONE',  ( -1.000000000000000000, -1.000000000000000078E-15, -3.647958295720695799E-14 ) ) ;
#9259 = LINE ( 'NONE', #8255, #240 ) ;
#9260 = VERTEX_POINT ( 'NONE', #12118 ) ;
#9261 = VECTOR ( 'NONE', #8156, 1000.000000000000000 ) ;
#9262 = SURFACE_SIDE_STYLE ('',( #639 ) ) ;
#9263 = AXIS2_PLACEMENT_3D ( 'NONE', #5223, #10155, #8347 ) ;
#9264 = CIRCLE ( 'NONE', #5205, 0.06499999999999561684 ) ;
#9265 = DIRECTION ( 'NONE',  ( 3.700000000000000011E-14, -0.000000000000000000, -1.000000000000000000 ) ) ;
#9266 = CARTESIAN_POINT ( 'NONE',  ( -62.15000000000006253, 1.550000000000004485, 4.800000000000157030 ) ) ;
#9267 =( NAMED_UNIT ( * ) SI_UNIT ( $, .STERADIAN. ) SOLID_ANGLE_UNIT ( ) );
#9268 = EDGE_CURVE ( 'NONE', #1462, #682, #2770, .T. ) ;
#9269 = VECTOR ( 'NONE', #5028, 1000.000000000000114 ) ;
#9270 = EDGE_CURVE ( 'NONE', #11279, #2824, #12388, .T. ) ;
#9271 = CARTESIAN_POINT ( 'NONE',  ( -63.87222222222337109, 1.100000000000002087, 4.250000000000094147 ) ) ;
#9272 = FACE_OUTER_BOUND ( 'NONE', #2362, .T. ) ;
#9274 = SURFACE_STYLE_FILL_AREA ( #5386 ) ;
#9273 =( GEOMETRIC_REPRESENTATION_CONTEXT ( 3 ) GLOBAL_UNCERTAINTY_ASSIGNED_CONTEXT ( ( #5673 ) ) GLOBAL_UNIT_ASSIGNED_CONTEXT ( ( #4160, #4878, #8036 ) ) REPRESENTATION_CONTEXT ( 'NONE', 'WORKASPACE' ) );
#9275 = FILL_AREA_STYLE_COLOUR ( '', #8953 ) ;
#9276 =( GEOMETRIC_REPRESENTATION_CONTEXT ( 3 ) GLOBAL_UNCERTAINTY_ASSIGNED_CONTEXT ( ( #7023 ) ) GLOBAL_UNIT_ASSIGNED_CONTEXT ( ( #10664, #6959, #5042 ) ) REPRESENTATION_CONTEXT ( 'NONE', 'WORKASPACE' ) );
#9277 = EDGE_LOOP ( 'NONE', ( #11017, #6938, #4808, #4856 ) ) ;
#9278 = FILL_AREA_STYLE_COLOUR ( '', #2348 ) ;
#9279 = DIRECTION ( 'NONE',  ( -1.000000000000000000, -1.000000000000000078E-15, -3.448907672462272700E-14 ) ) ;
#9280 = CARTESIAN_POINT ( 'NONE',  ( -62.56568542494920848, 1.550000000000004485, 2.300000000000142375 ) ) ;
#9281 = CARTESIAN_POINT ( 'NONE',  ( -67.73333333333332007, -10.45000000000000107, 3.299999999999950973 ) ) ;
#9282 = SURFACE_SIDE_STYLE ('',( #6683 ) ) ;
#9283 = CARTESIAN_POINT ( 'NONE',  ( -61.35000000000004405, -10.44999999999999396, 4.600000000000187050 ) ) ;
#9284 = SURFACE_STYLE_USAGE ( .BOTH. , #4399 ) ;
#9285 = CARTESIAN_POINT ( 'NONE',  ( -66.56111111111225398, 3.550000074505800018, 4.049999999999994493 ) ) ;
#9286 = AXIS2_PLACEMENT_3D ( 'NONE', #6136, #424, #8114 ) ;
#9287 = EDGE_CURVE ( 'NONE', #9587, #695, #6177, .T. ) ;
#9288 =( GEOMETRIC_REPRESENTATION_CONTEXT ( 3 ) GLOBAL_UNCERTAINTY_ASSIGNED_CONTEXT ( ( #25 ) ) GLOBAL_UNIT_ASSIGNED_CONTEXT ( ( #12372, #3879, #9816 ) ) REPRESENTATION_CONTEXT ( 'NONE', 'WORKASPACE' ) );
#9289 = ORIENTED_EDGE ( 'NONE', *, *, #3332, .F. ) ;
#9290 = ORIENTED_EDGE ( 'NONE', *, *, #8564, .F. ) ;
#9291 = CARTESIAN_POINT ( 'NONE',  ( -69.65000000000114255, -0.7499999258007931102, 4.049999999999879918 ) ) ;
#9292 = CARTESIAN_POINT ( 'NONE',  ( -66.63910820442964678, -5.199123611138539047, 2.299999999999991385 ) ) ;
#9293 = EDGE_CURVE ( 'NONE', #4704, #352, #3501, .T. ) ;
#9294 = FILL_AREA_STYLE ('',( #1791 ) ) ;
#9295 = AXIS2_PLACEMENT_3D ( 'NONE', #9388, #762, #5501 ) ;
#9296 = STYLED_ITEM ( 'NONE', ( #11151 ), #4703 ) ;
#9297 = VECTOR ( 'NONE', #5547, 1000.000000000000000 ) ;
#9298 = LINE ( 'NONE', #6081, #981 ) ;
#9299 =( GEOMETRIC_REPRESENTATION_CONTEXT ( 3 ) GLOBAL_UNCERTAINTY_ASSIGNED_CONTEXT ( ( #7165 ) ) GLOBAL_UNIT_ASSIGNED_CONTEXT ( ( #9092, #10082, #9905 ) ) REPRESENTATION_CONTEXT ( 'NONE', 'WORKASPACE' ) );
#9300 = DIRECTION ( 'NONE',  ( -3.700000000000000011E-14, 0.000000000000000000, 1.000000000000000000 ) ) ;
#9301 = PRESENTATION_LAYER_ASSIGNMENT (  '', '', ( #6264 ) ) ;
#9302 = DIRECTION ( 'NONE',  ( -1.000000000000000000, -1.000000000000000078E-15, -3.645695612925943688E-14 ) ) ;
#9303 = AXIS2_PLACEMENT_3D ( 'NONE', #10107, #1497, #5285 ) ;
#9304 = DIRECTION ( 'NONE',  ( 0.3813383205040976609, 0.9244355495734216666, 1.445602896647372483E-14 ) ) ;
#9305 = CARTESIAN_POINT ( 'NONE',  ( -66.82052154800460642, -8.158368805560970216, 2.309999999999984954 ) ) ;
#9306 = PRESENTATION_STYLE_ASSIGNMENT (( #1619 ) ) ;
#9307 = EDGE_CURVE ( 'NONE', #6585, #2991, #2568, .T. ) ;
#9308 = SURFACE_SIDE_STYLE ('',( #9426 ) ) ;
#9309 = ORIENTED_EDGE ( 'NONE', *, *, #5024, .F. ) ;
#9310 = ADVANCED_FACE ( 'NONE', ( #4500 ), #7554, .F. ) ;
#9311 =( NAMED_UNIT ( * ) SI_UNIT ( $, .STERADIAN. ) SOLID_ANGLE_UNIT ( ) );
#9312 = ADVANCED_FACE ( 'NONE', ( #7801 ), #5900, .F. ) ;
#9313 = AXIS2_PLACEMENT_3D ( 'NONE', #6623, #6557, #6429 ) ;
#9314 = EDGE_LOOP ( 'NONE', ( #10039, #2532, #9022, #2709, #10116, #8026, #2136, #7699 ) ) ;
#9315 = VERTEX_POINT ( 'NONE', #1140 ) ;
#9316 = DIRECTION ( 'NONE',  ( -1.000000000000000000, -1.000000000000000078E-15, -3.645695612925943688E-14 ) ) ;
#9317 = CARTESIAN_POINT ( 'NONE',  ( -69.65000000000114255, -0.4500000000000025091, 4.249999999999880096 ) ) ;
#9318 = PRESENTATION_LAYER_ASSIGNMENT (  '', '', ( #4867 ) ) ;
#9319 =( NAMED_UNIT ( * ) SI_UNIT ( $, .STERADIAN. ) SOLID_ANGLE_UNIT ( ) );
#9320 = CARTESIAN_POINT ( 'NONE',  ( -63.67222222222336825, -0.4499999999999955147, 4.250000000000101252 ) ) ;
#9321 = DIRECTION ( 'NONE',  ( 0.9992356792788540387, -0.03909037293409970554, 3.418965546475584628E-14 ) ) ;
#9322 = VECTOR ( 'NONE', #6536, 1000.000000000000000 ) ;
#9323 = DIRECTION ( 'NONE',  ( 1.000000000000000078E-15, -1.000000000000000000, 0.000000000000000000 ) ) ;
#9324 = FACE_OUTER_BOUND ( 'NONE', #9118, .T. ) ;
#9325 = ORIENTED_EDGE ( 'NONE', *, *, #3767, .T. ) ;
#9326 = EDGE_LOOP ( 'NONE', ( #7939, #4765, #1494, #4494 ) ) ;
#9327 = EDGE_LOOP ( 'NONE', ( #11585, #2207, #507, #1620 ) ) ;
#9328 = PRESENTATION_STYLE_ASSIGNMENT (( #11928 ) ) ;
#9329 = SURFACE_STYLE_USAGE ( .BOTH. , #11983 ) ;
#9330 = DIRECTION ( 'NONE',  ( 1.000000000000000078E-15, -1.000000000000000000, 0.000000000000000000 ) ) ;
#9331 = UNCERTAINTY_MEASURE_WITH_UNIT (LENGTH_MEASURE( 1.000000000000000082E-05 ), #4756, 'distance_accuracy_value', 'NONE');
#9332 = PRESENTATION_STYLE_ASSIGNMENT (( #12244 ) ) ;
#9333 = SURFACE_STYLE_FILL_AREA ( #3561 ) ;
#9334 =( NAMED_UNIT ( * ) PLANE_ANGLE_UNIT ( ) SI_UNIT ( $, .RADIAN. ) );
#9335 = FILL_AREA_STYLE_COLOUR ( '', #4949 ) ;
#9336 = EDGE_CURVE ( 'NONE', #11955, #6037, #178, .T. ) ;
#9337 = STYLED_ITEM ( 'NONE', ( #10108 ), #10425 ) ;
#9338 = DIRECTION ( 'NONE',  ( -3.700000000000000011E-14, 0.000000000000000000, 1.000000000000000000 ) ) ;
#9339 = DIRECTION ( 'NONE',  ( 1.000000000000000078E-15, -1.000000000000000000, 0.000000000000000000 ) ) ;
#9340 = EDGE_LOOP ( 'NONE', ( #2010, #9052, #12111, #12407 ) ) ;
#9341 = FILL_AREA_STYLE_COLOUR ( '', #534 ) ;
#9342 = SURFACE_STYLE_USAGE ( .BOTH. , #2584 ) ;
#9343 = ADVANCED_FACE ( 'NONE', ( #10741 ), #1, .F. ) ;
#9344 = SURFACE_STYLE_USAGE ( .BOTH. , #3644 ) ;
#9345 = PRESENTATION_LAYER_ASSIGNMENT (  '', '', ( #2284 ) ) ;
#9346 = CARTESIAN_POINT ( 'NONE',  ( -67.26388888888887152, -10.44999999999999929, 2.999999999999968026 ) ) ;
#9347 =( NAMED_UNIT ( * ) SI_UNIT ( $, .STERADIAN. ) SOLID_ANGLE_UNIT ( ) );
#9348 = EDGE_CURVE ( 'NONE', #6563, #631, #9647, .T. ) ;
#9349 = CARTESIAN_POINT ( 'NONE',  ( -63.56568542494919427, -9.849999999999996092, 2.300000000000105072 ) ) ;
#9350 = CARTESIAN_POINT ( 'NONE',  ( -69.76111111111110574, -10.45000000000000284, 3.299999999999875921 ) ) ;
#9351 = LINE ( 'NONE', #8534, #8825 ) ;
#9352 = ORIENTED_EDGE ( 'NONE', *, *, #11644, .T. ) ;
#9353 = ORIENTED_EDGE ( 'NONE', *, *, #10360, .T. ) ;
#9354 = UNCERTAINTY_MEASURE_WITH_UNIT (LENGTH_MEASURE( 1.000000000000000082E-05 ), #672, 'distance_accuracy_value', 'NONE');
#9355 = PRESENTATION_STYLE_ASSIGNMENT (( #3525 ) ) ;
#9356 = EDGE_CURVE ( 'NONE', #7174, #358, #670, .T. ) ;
#9357 = SURFACE_STYLE_USAGE ( .BOTH. , #733 ) ;
#9358 = SURFACE_STYLE_FILL_AREA ( #2603 ) ;
#9359 = PLANE ( 'NONE',  #7476 ) ;
#9360 = SURFACE_SIDE_STYLE ('',( #11272 ) ) ;
#9361 = SURFACE_STYLE_FILL_AREA ( #2606 ) ;
#9362 = DIRECTION ( 'NONE',  ( 0.7071067811865213715, 7.071067811865475333E-16, 0.7071067811865737740 ) ) ;
#9363 = CARTESIAN_POINT ( 'NONE',  ( -70.89999999941858277, -3.650000151991843023, 3.299999999999833733 ) ) ;
#9364 = ORIENTED_EDGE ( 'NONE', *, *, #2117, .T. ) ;
#9365 = DIRECTION ( 'NONE',  ( 3.701809683000205097E-14, 1.809683000205150379E-32, -1.000000000000000000 ) ) ;
#9367 = CIRCLE ( 'NONE', #4495, 0.09999999999999939493 ) ;
#9366 = VECTOR ( 'NONE', #2296, 1000.000000000000000 ) ;
#9368 = ORIENTED_EDGE ( 'NONE', *, *, #7061, .F. ) ;
#9369 = VERTEX_POINT ( 'NONE', #8875 ) ;
#9370 = ORIENTED_EDGE ( 'NONE', *, *, #8821, .T. ) ;
#9371 = LINE ( 'NONE', #12102, #1653 ) ;
#9372 = DIRECTION ( 'NONE',  ( 3.469446951953612296E-14, 0.000000000000000000, -1.000000000000000000 ) ) ;
#9373 = EDGE_CURVE ( 'NONE', #5158, #11623, #11789, .T. ) ;
#9374 = FACE_OUTER_BOUND ( 'NONE', #10196, .T. ) ;
#9375 = VECTOR ( 'NONE', #9469, 1000.000000000000000 ) ;
#9376 = LINE ( 'NONE', #2940, #1208 ) ;
#9377 = DIRECTION ( 'NONE',  ( -3.700000000000000011E-14, 0.000000000000000000, 1.000000000000000000 ) ) ;
#9378 = FILL_AREA_STYLE ('',( #1702 ) ) ;
#9379 = FACE_OUTER_BOUND ( 'NONE', #3305, .T. ) ;
#9380 = VECTOR ( 'NONE', #12163, 1000.000000000000000 ) ;
#9381 =( NAMED_UNIT ( * ) SI_UNIT ( $, .STERADIAN. ) SOLID_ANGLE_UNIT ( ) );
#9382 = SURFACE_STYLE_FILL_AREA ( #1811 ) ;
#9383 = ORIENTED_EDGE ( 'NONE', *, *, #4799, .T. ) ;
#9384 = AXIS2_PLACEMENT_3D ( 'NONE', #7210, #1376, #11028 ) ;
#9385 = EDGE_CURVE ( 'NONE', #8393, #4906, #4472, .T. ) ;
#9386 = EDGE_LOOP ( 'NONE', ( #952, #9792, #11767, #270 ) ) ;
#9387 = ORIENTED_EDGE ( 'NONE', *, *, #8573, .T. ) ;
#9388 = CARTESIAN_POINT ( 'NONE',  ( -66.16043361310818227, -5.716237437971248170, 2.300000000000009148 ) ) ;
#9389 = DIRECTION ( 'NONE',  ( -1.000000000000000000, -1.000000000000000078E-15, -3.700000000000000011E-14 ) ) ;
#9390 = SURFACE_STYLE_FILL_AREA ( #7746 ) ;
#9391 = PLANE ( 'NONE',  #1766 ) ;
#9392 = PRESENTATION_LAYER_ASSIGNMENT (  '', '', ( #2329 ) ) ;
#9393 = LINE ( 'NONE', #10253, #10104 ) ;
#9394 = FILL_AREA_STYLE ('',( #7499 ) ) ;
#9395 = LINE ( 'NONE', #10190, #5556 ) ;
#9396 = AXIS2_PLACEMENT_3D ( 'NONE', #1112, #3715, #2920 ) ;
#9397 = EDGE_CURVE ( 'NONE', #8746, #9493, #4059, .T. ) ;
#9398 = FILL_AREA_STYLE ('',( #10636 ) ) ;
#9399 = VECTOR ( 'NONE', #11534, 1000.000000000000000 ) ;
#9400 = SURFACE_STYLE_FILL_AREA ( #11185 ) ;
#9401 = EDGE_LOOP ( 'NONE', ( #259, #5721, #6807, #8118 ) ) ;
#9402 = LINE ( 'NONE', #7374, #2853 ) ;
#9403 =( NAMED_UNIT ( * ) SI_UNIT ( $, .STERADIAN. ) SOLID_ANGLE_UNIT ( ) );
#9404 = CARTESIAN_POINT ( 'NONE',  ( -69.61111111111110006, -3.950000000000002842, 2.999999999999881428 ) ) ;
#9405 = CARTESIAN_POINT ( 'NONE',  ( -61.55000000000000426, -10.44999999999999396, 3.715685424949415783 ) ) ;
#9406 = CARTESIAN_POINT ( 'NONE',  ( -70.05000000000003979, -9.700000000000004619, 4.799999999999864819 ) ) ;
#9407 = SURFACE_STYLE_USAGE ( .BOTH. , #5518 ) ;
#9408 = CARTESIAN_POINT ( 'NONE',  ( -66.39999988298413314, -2.153835720264838827, 2.299999999999999822 ) ) ;
#9409 = VECTOR ( 'NONE', #11065, 1000.000000000000000 ) ;
#9410 = FILL_AREA_STYLE ('',( #5522 ) ) ;
#9411 = EDGE_CURVE ( 'NONE', #2665, #1194, #8349, .T. ) ;
#9412 = ORIENTED_EDGE ( 'NONE', *, *, #730, .F. ) ;
#9413 = ORIENTED_EDGE ( 'NONE', *, *, #10317, .F. ) ;
#9414 = EDGE_LOOP ( 'NONE', ( #11034, #2635, #8523, #12084 ) ) ;
#9415 = CARTESIAN_POINT ( 'NONE',  ( -70.69999999999998863, -10.45000000000000284, 2.999999999999841460 ) ) ;
#9416 = LINE ( 'NONE', #7522, #1449 ) ;
#9417 = FILL_AREA_STYLE_COLOUR ( '', #6732 ) ;
#9418 = DIRECTION ( 'NONE',  ( -3.700000000000000011E-14, 0.000000000000000000, 1.000000000000000000 ) ) ;
#9419 = CARTESIAN_POINT ( 'NONE',  ( -69.65000000000114255, -0.7500000000000024425, 4.249999999999880096 ) ) ;
#9420 = COLOUR_RGB ( '',0.9529411764705881804, 0.7960784313725489669, 0.4862745098039215619 ) ;
#9421 = PLANE ( 'NONE',  #5940 ) ;
#9422 = DIRECTION ( 'NONE',  ( 1.000000000000000078E-15, -1.000000000000000000, 0.000000000000000000 ) ) ;
#9423 = LINE ( 'NONE', #2674, #6441 ) ;
#9424 = DIRECTION ( 'NONE',  ( 0.07035951977531848534, -0.9975216979980869869, 2.551296930355269448E-15 ) ) ;
#9425 = CARTESIAN_POINT ( 'NONE',  ( -70.23055555555554008, -3.950000000000002842, 2.999999999999858780 ) ) ;
#9426 = SURFACE_STYLE_FILL_AREA ( #10222 ) ;
#9427 = VERTEX_POINT ( 'NONE', #1615 ) ;
#9428 = DIRECTION ( 'NONE',  ( 1.000000000000000000, 1.000000000000000078E-15, 3.701809683000205097E-14 ) ) ;
#9429 = COLOUR_RGB ( '',0.9529411764705881804, 0.7960784313725489669, 0.4862745098039215619 ) ;
#9430 = EDGE_CURVE ( 'NONE', #9427, #7399, #11856, .T. ) ;
#9431 = ORIENTED_EDGE ( 'NONE', *, *, #8045, .T. ) ;
#9432 = AXIS2_PLACEMENT_3D ( 'NONE', #7390, #9418, #7457 ) ;
#9433 = ORIENTED_EDGE ( 'NONE', *, *, #6881, .F. ) ;
#9434 = ORIENTED_EDGE ( 'NONE', *, *, #11756, .T. ) ;
#9435 = CARTESIAN_POINT ( 'NONE',  ( -66.63910820442964678, -5.199123611138539047, 2.309999999999991172 ) ) ;
#9436 = CARTESIAN_POINT ( 'NONE',  ( -57.40000000000001279, -0.4499998509883904041, 3.550000000000328004 ) ) ;
#9437 = FACE_OUTER_BOUND ( 'NONE', #10790, .T. ) ;
#9438 = UNCERTAINTY_MEASURE_WITH_UNIT (LENGTH_MEASURE( 1.000000000000000082E-05 ), #991, 'distance_accuracy_value', 'NONE');
#9439 = VECTOR ( 'NONE', #2789, 1000.000000000000000 ) ;
#9440 = FILL_AREA_STYLE ('',( #10352 ) ) ;
#9441 = DIRECTION ( 'NONE',  ( -1.000000000000000078E-15, 1.000000000000000000, 0.000000000000000000 ) ) ;
#9442 = VERTEX_POINT ( 'NONE', #304 ) ;
#9443 =( NAMED_UNIT ( * ) SI_UNIT ( $, .STERADIAN. ) SOLID_ANGLE_UNIT ( ) );
#9444 = CIRCLE ( 'NONE', #10221, 2.529767123345839419 ) ;
#9445 = ORIENTED_EDGE ( 'NONE', *, *, #9411, .T. ) ;
#9446 = ORIENTED_EDGE ( 'NONE', *, *, #3328, .F. ) ;
#9447 = COLOUR_RGB ( '',0.9529411764705881804, 0.7960784313725489669, 0.4862745098039215619 ) ;
#9448 =( GEOMETRIC_REPRESENTATION_CONTEXT ( 3 ) GLOBAL_UNCERTAINTY_ASSIGNED_CONTEXT ( ( #8961 ) ) GLOBAL_UNIT_ASSIGNED_CONTEXT ( ( #8768, #2369, #9319 ) ) REPRESENTATION_CONTEXT ( 'NONE', 'WORKASPACE' ) );
#9449 = FACE_OUTER_BOUND ( 'NONE', #5851, .T. ) ;
#9450 = EDGE_CURVE ( 'NONE', #12208, #3814, #7990, .T. ) ;
#9451 = STYLED_ITEM ( 'NONE', ( #4910 ), #6984 ) ;
#9452 = PLANE ( 'NONE',  #10072 ) ;
#9453 = AXIS2_PLACEMENT_3D ( 'NONE', #1753, #8500, #5629 ) ;
#9454 = LINE ( 'NONE', #8328, #11598 ) ;
#9455 = EDGE_CURVE ( 'NONE', #7404, #8828, #244, .T. ) ;
#9456 = CARTESIAN_POINT ( 'NONE',  ( -69.61111111111110006, -10.45000000000000284, 3.299999999999881251 ) ) ;
#9457 = EDGE_CURVE ( 'NONE', #9122, #4768, #9298, .T. ) ;
#9458 = ORIENTED_EDGE ( 'NONE', *, *, #9145, .F. ) ;
#9459 = EDGE_LOOP ( 'NONE', ( #9588, #3150, #10759, #11713 ) ) ;
#9460 = SURFACE_SIDE_STYLE ('',( #8452 ) ) ;
#9461 = VECTOR ( 'NONE', #4462, 1000.000000000000000 ) ;
#9462 = ADVANCED_FACE ( 'NONE', ( #368 ), #1680, .F. ) ;
#9463 = VERTEX_POINT ( 'NONE', #3308 ) ;
#9464 = CARTESIAN_POINT ( 'NONE',  ( -61.15000000000003411, -10.44999999999999396, 4.600000000000194156 ) ) ;
#9465 = SURFACE_STYLE_USAGE ( .BOTH. , #911 ) ;
#9466 = CARTESIAN_POINT ( 'NONE',  ( -66.94444444444442865, -10.44999999999999929, 2.999999999999980016 ) ) ;
#9467 = CARTESIAN_POINT ( 'NONE',  ( -71.45000000000000284, -2.450000000000004174, 3.349999999999816236 ) ) ;
#9468 = CARTESIAN_POINT ( 'NONE',  ( -66.91876734635691548, -4.916632059693410994, 2.299999999999980727 ) ) ;
#9469 = DIRECTION ( 'NONE',  ( -3.700000000000000011E-14, 0.000000000000000000, 1.000000000000000000 ) ) ;
#9470 = CARTESIAN_POINT ( 'NONE',  ( -66.29609096270655755, -2.054065133228777817, 2.300000000000004263 ) ) ;
#9471 = VECTOR ( 'NONE', #11160, 1000.000000000000000 ) ;
#9472 = COLOUR_RGB ( '',0.9529411764705881804, 0.7960784313725489669, 0.4862745098039215619 ) ;
#9473 = AXIS2_PLACEMENT_3D ( 'NONE', #9292, #9166, #11025 ) ;
#9474 = FILL_AREA_STYLE_COLOUR ( '', #7076 ) ;
#9475 = ORIENTED_EDGE ( 'NONE', *, *, #1146, .F. ) ;
#9476 = ORIENTED_EDGE ( 'NONE', *, *, #2870, .F. ) ;
#9477 = UNCERTAINTY_MEASURE_WITH_UNIT (LENGTH_MEASURE( 1.000000000000000082E-05 ), #502, 'distance_accuracy_value', 'NONE');
#9478 = DIRECTION ( 'NONE',  ( 1.000000000000000078E-15, -1.000000000000000000, 0.000000000000000000 ) ) ;
#9479 = CARTESIAN_POINT ( 'NONE',  ( -67.88333333333331154, -10.45000000000000107, 2.999999999999945377 ) ) ;
#9480 =( NAMED_UNIT ( * ) SI_UNIT ( $, .STERADIAN. ) SOLID_ANGLE_UNIT ( ) );
#9481 = CARTESIAN_POINT ( 'NONE',  ( -57.40000000000001279, -0.4499998509883904041, 3.550000000000328004 ) ) ;
#9482 = CARTESIAN_POINT ( 'NONE',  ( -70.23431457505071762, -2.450000000000002398, 2.299999999999858602 ) ) ;
#9483 = SURFACE_STYLE_FILL_AREA ( #3719 ) ;
#9484 = COLOUR_RGB ( '',0.007843137254901960675, 0.007843137254901960675, 0.007843137254901960675 ) ;
#9485 = LINE ( 'NONE', #5474, #11001 ) ;
#9486 = LINE ( 'NONE', #1737, #3218 ) ;
#9487 = FILL_AREA_STYLE_COLOUR ( '', #5698 ) ;
#9488 = CYLINDRICAL_SURFACE ( 'NONE', #11676, 0.1000000000000028644 ) ;
#9489 = ORIENTED_EDGE ( 'NONE', *, *, #12330, .T. ) ;
#9490 = SURFACE_STYLE_FILL_AREA ( #11541 ) ;
#9491 = VERTEX_POINT ( 'NONE', #10215 ) ;
#9492 = MECHANICAL_DESIGN_GEOMETRIC_PRESENTATION_REPRESENTATION (  '', ( #11067 ), #11253 ) ;
#9493 = VERTEX_POINT ( 'NONE', #10795 ) ;
#9494 = ORIENTED_EDGE ( 'NONE', *, *, #12033, .F. ) ;
#9495 = DIRECTION ( 'NONE',  ( 3.701809683000205097E-14, 1.809683000204900225E-32, -1.000000000000000000 ) ) ;
#9496 = COLOUR_RGB ( '',0.007843137254901960675, 0.007843137254901960675, 0.007843137254901960675 ) ;
#9497 = SURFACE_SIDE_STYLE ('',( #5696 ) ) ;
#9498 = COLOUR_RGB ( '',0.007843137254901960675, 0.007843137254901960675, 0.007843137254901960675 ) ;
#9499 = MECHANICAL_DESIGN_GEOMETRIC_PRESENTATION_REPRESENTATION (  '', ( #4852 ), #6463 ) ;
#9500 = STYLED_ITEM ( 'NONE', ( #5047 ), #2046 ) ;
#9501 = AXIS2_PLACEMENT_3D ( 'NONE', #9770, #10807, #3203 ) ;
#9502 = LINE ( 'NONE', #3607, #4178 ) ;
#9503 = EDGE_CURVE ( 'NONE', #3672, #1292, #9872, .T. ) ;
#9504 = FACE_OUTER_BOUND ( 'NONE', #10320, .T. ) ;
#9505 = PLANE ( 'NONE',  #2042 ) ;
#9506 = FILL_AREA_STYLE_COLOUR ( '', #1881 ) ;
#9507 = UNCERTAINTY_MEASURE_WITH_UNIT (LENGTH_MEASURE( 1.000000000000000082E-05 ), #10530, 'distance_accuracy_value', 'NONE');
#9508 = ORIENTED_EDGE ( 'NONE', *, *, #3647, .T. ) ;
#9509 = CIRCLE ( 'NONE', #3634, 0.1999999999999996503 ) ;
#9510 = VECTOR ( 'NONE', #7040, 1000.000000000000000 ) ;
#9511 = COLOUR_RGB ( '',0.9529411764705881804, 0.7960784313725489669, 0.4862745098039215619 ) ;
#9512 = VECTOR ( 'NONE', #11508, 1000.000000000000000 ) ;
#9513 = ORIENTED_EDGE ( 'NONE', *, *, #3573, .F. ) ;
#9514 = ORIENTED_EDGE ( 'NONE', *, *, #8853, .F. ) ;
#9515 =( NAMED_UNIT ( * ) PLANE_ANGLE_UNIT ( ) SI_UNIT ( $, .RADIAN. ) );
#9516 = DIRECTION ( 'NONE',  ( -1.000000000000000078E-15, 1.000000000000000000, 0.000000000000000000 ) ) ;
#9517 =( LENGTH_UNIT ( ) NAMED_UNIT ( * ) SI_UNIT ( .MILLI., .METRE. ) );
#9518 = VECTOR ( 'NONE', #2375, 1000.000000000000000 ) ;
#9519 = DIRECTION ( 'NONE',  ( -1.000000000000000078E-15, 1.000000000000000000, 0.000000000000000000 ) ) ;
#9520 = MECHANICAL_DESIGN_GEOMETRIC_PRESENTATION_REPRESENTATION (  '', ( #2458 ), #12089 ) ;
#9521 = ADVANCED_FACE ( 'NONE', ( #7045 ), #6380, .T. ) ;
#9522 = UNCERTAINTY_MEASURE_WITH_UNIT (LENGTH_MEASURE( 1.000000000000000082E-05 ), #8718, 'distance_accuracy_value', 'NONE');
#9523 = FILL_AREA_STYLE_COLOUR ( '', #12190 ) ;
#9524 = VECTOR ( 'NONE', #3684, 1000.000000000000000 ) ;
#9525 = CARTESIAN_POINT ( 'NONE',  ( -57.40000000000001279, -0.4499998509883904041, 3.550000000000328004 ) ) ;
#9526 = VECTOR ( 'NONE', #5902, 1000.000000000000000 ) ;
#9527 = VERTEX_POINT ( 'NONE', #2923 ) ;
#9528 = EDGE_LOOP ( 'NONE', ( #8520, #1002, #1263, #8993 ) ) ;
#9529 = SURFACE_SIDE_STYLE ('',( #1952 ) ) ;
#9530 = ORIENTED_EDGE ( 'NONE', *, *, #5529, .T. ) ;
#9531 = PLANE ( 'NONE',  #4108 ) ;
#9532 = FACE_OUTER_BOUND ( 'NONE', #5780, .T. ) ;
#9533 = ADVANCED_FACE ( 'NONE', ( #5742 ), #9359, .T. ) ;
#9534 = EDGE_CURVE ( 'NONE', #10069, #5559, #11268, .T. ) ;
#9535 = MECHANICAL_DESIGN_GEOMETRIC_PRESENTATION_REPRESENTATION (  '', ( #11704 ), #5468 ) ;
#9536 = CARTESIAN_POINT ( 'NONE',  ( -66.40999999999995396, -10.44999999999999929, 2.309999999999999609 ) ) ;
#9537 =( NAMED_UNIT ( * ) SI_UNIT ( $, .STERADIAN. ) SOLID_ANGLE_UNIT ( ) );
#9538 = DIRECTION ( 'NONE',  ( -3.700000000000000011E-14, 0.000000000000000000, 1.000000000000000000 ) ) ;
#9539 = VECTOR ( 'NONE', #9478, 1000.000000000000000 ) ;
#9540 = CARTESIAN_POINT ( 'NONE',  ( -62.56568542494920848, 1.550000000000004485, 2.300000000000142375 ) ) ;
#9541 = DIRECTION ( 'NONE',  ( 0.7071067811865788810, 0.000000000000000000, -0.7071067811865160424 ) ) ;
#9542 = ORIENTED_EDGE ( 'NONE', *, *, #530, .T. ) ;
#9543 =( GEOMETRIC_REPRESENTATION_CONTEXT ( 3 ) GLOBAL_UNCERTAINTY_ASSIGNED_CONTEXT ( ( #4788 ) ) GLOBAL_UNIT_ASSIGNED_CONTEXT ( ( #1527, #11877, #1583 ) ) REPRESENTATION_CONTEXT ( 'NONE', 'WORKASPACE' ) );
#9544 = ORIENTED_EDGE ( 'NONE', *, *, #2088, .T. ) ;
#9545 = SURFACE_STYLE_FILL_AREA ( #5674 ) ;
#9546 = FILL_AREA_STYLE ('',( #6707 ) ) ;
#9547 = SURFACE_SIDE_STYLE ('',( #9783 ) ) ;
#9548 = VECTOR ( 'NONE', #3927, 1000.000000000000000 ) ;
#9549 =( NAMED_UNIT ( * ) PLANE_ANGLE_UNIT ( ) SI_UNIT ( $, .RADIAN. ) );
#9550 = CARTESIAN_POINT ( 'NONE',  ( -61.55000000000001137, -2.449999999999993960, 3.715685424949418891 ) ) ;
#9551 = CARTESIAN_POINT ( 'NONE',  ( -66.40999999999995396, -4.874284969711169424, 2.299999999999999822 ) ) ;
#9552 = FACE_OUTER_BOUND ( 'NONE', #5070, .T. ) ;
#9553 = DIRECTION ( 'NONE',  ( -1.000000000000000000, -1.000000000000000078E-15, -3.700000000000000011E-14 ) ) ;
#9554 = SURFACE_STYLE_USAGE ( .BOTH. , #1860 ) ;
#9555 = DIRECTION ( 'NONE',  ( -1.000000000000000000, -1.000000000000000078E-15, -3.700000000000000011E-14 ) ) ;
#9556 = CARTESIAN_POINT ( 'NONE',  ( -65.38611111111110574, -10.44999999999999751, 3.300000000000037570 ) ) ;
#9557 = VERTEX_POINT ( 'NONE', #8598 ) ;
#9558 = SURFACE_STYLE_FILL_AREA ( #1118 ) ;
#9559 = PLANE ( 'NONE',  #5157 ) ;
#9560 = EDGE_LOOP ( 'NONE', ( #7823, #1085, #10229, #11281 ) ) ;
#9561 = VERTEX_POINT ( 'NONE', #1794 ) ;
#9562 = VERTEX_POINT ( 'NONE', #11337 ) ;
#9563 = LINE ( 'NONE', #1004, #3838 ) ;
#9564 = DIRECTION ( 'NONE',  ( 3.469446951953612296E-14, 0.000000000000000000, -1.000000000000000000 ) ) ;
#9565 = UNCERTAINTY_MEASURE_WITH_UNIT (LENGTH_MEASURE( 1.000000000000000082E-05 ), #6166, 'distance_accuracy_value', 'NONE');
#9566 = DIRECTION ( 'NONE',  ( -1.000000000000000000, -1.000000000000000078E-15, -3.700000000000000011E-14 ) ) ;
#9567 = DIRECTION ( 'NONE',  ( 1.000000000000000000, 0.000000000000000000, 3.903127820947704260E-14 ) ) ;
#9568 = DIRECTION ( 'NONE',  ( -3.700000000000000011E-14, 0.000000000000000000, 1.000000000000000000 ) ) ;
#9569 = ORIENTED_EDGE ( 'NONE', *, *, #2676, .F. ) ;
#9570 = SURFACE_STYLE_USAGE ( .BOTH. , #3744 ) ;
#9571 = EDGE_CURVE ( 'NONE', #9122, #8948, #3589, .T. ) ;
#9572 = ORIENTED_EDGE ( 'NONE', *, *, #690, .F. ) ;
#9573 = VERTEX_POINT ( 'NONE', #9551 ) ;
#9574 = DIRECTION ( 'NONE',  ( 1.000000000000000078E-15, -1.000000000000000000, 0.000000000000000000 ) ) ;
#9575 = DIRECTION ( 'NONE',  ( -3.700000000000000011E-14, 0.000000000000000000, 1.000000000000000000 ) ) ;
#9576 = CARTESIAN_POINT ( 'NONE',  ( -67.48333333333447115, 1.099999999999998535, 4.049999999999959854 ) ) ;
#9577 = FILL_AREA_STYLE_COLOUR ( '', #4479 ) ;
#9578 = EDGE_CURVE ( 'NONE', #3018, #877, #5682, .T. ) ;
#9579 = CIRCLE ( 'NONE', #9959, 0.3786990843377562865 ) ;
#9580 = CIRCLE ( 'NONE', #1348, 0.02999999999999777844 ) ;
#9581 = LINE ( 'NONE', #8389, #9692 ) ;
#9582 = CARTESIAN_POINT ( 'NONE',  ( -66.45508560325724545, -9.211424702849289048, 2.309999999999998277 ) ) ;
#9583 = FACE_OUTER_BOUND ( 'NONE', #6100, .T. ) ;
#9584 = VECTOR ( 'NONE', #5668, 1000.000000000000000 ) ;
#9585 = SURFACE_STYLE_FILL_AREA ( #1144 ) ;
#9586 = VERTEX_POINT ( 'NONE', #7657 ) ;
#9587 = VERTEX_POINT ( 'NONE', #3663 ) ;
#9588 = ORIENTED_EDGE ( 'NONE', *, *, #4927, .F. ) ;
#9589 = SURFACE_STYLE_USAGE ( .BOTH. , #6754 ) ;
#9590 = SURFACE_SIDE_STYLE ('',( #2966 ) ) ;
#9591 = ORIENTED_EDGE ( 'NONE', *, *, #641, .T. ) ;
#9592 = LINE ( 'NONE', #7989, #2122 ) ;
#9593 =( NAMED_UNIT ( * ) SI_UNIT ( $, .STERADIAN. ) SOLID_ANGLE_UNIT ( ) );
#9594 = FILL_AREA_STYLE ('',( #11627 ) ) ;
#9595 = UNCERTAINTY_MEASURE_WITH_UNIT (LENGTH_MEASURE( 1.000000000000000082E-05 ), #4929, 'distance_accuracy_value', 'NONE');
#9596 = COLOUR_RGB ( '',0.6274509803921568540, 0.6274509803921568540, 0.6274509803921568540 ) ;
#9597 = CARTESIAN_POINT ( 'NONE',  ( -62.15000000000005542, -2.449999999999995737, 4.800000000000157030 ) ) ;
#9598 = FILL_AREA_STYLE_COLOUR ( '', #9615 ) ;
#9599 = CARTESIAN_POINT ( 'NONE',  ( -71.53284271247461845, -10.45000000000000462, 3.432842712474428293 ) ) ;
#9600 = ADVANCED_FACE ( 'NONE', ( #4590 ), #5602, .T. ) ;
#9601 = DIRECTION ( 'NONE',  ( -1.000000000000000000, -1.000000000000000078E-15, -3.700000000000000011E-14 ) ) ;
#9602 = COLOUR_RGB ( '',0.007843137254901960675, 0.007843137254901960675, 0.007843137254901960675 ) ;
#9603 = ADVANCED_FACE ( 'NONE', ( #5085 ), #8839, .T. ) ;
#9604 = CARTESIAN_POINT ( 'NONE',  ( -64.35000000000005116, -9.499999999999998224, 4.800000000000076206 ) ) ;
#9605 = VERTEX_POINT ( 'NONE', #8021 ) ;
#9606 = VERTEX_POINT ( 'NONE', #7897 ) ;
#9607 = UNCERTAINTY_MEASURE_WITH_UNIT (LENGTH_MEASURE( 1.000000000000000082E-05 ), #4243, 'distance_accuracy_value', 'NONE');
#9608 = FILL_AREA_STYLE ('',( #5804 ) ) ;
#9609 = SURFACE_STYLE_USAGE ( .BOTH. , #2668 ) ;
#9610 = PRESENTATION_STYLE_ASSIGNMENT (( #10525 ) ) ;
#9611 =( LENGTH_UNIT ( ) NAMED_UNIT ( * ) SI_UNIT ( .MILLI., .METRE. ) );
#9612 = FACE_OUTER_BOUND ( 'NONE', #1001, .T. ) ;
#9613 = VECTOR ( 'NONE', #4193, 1000.000000000000000 ) ;
#9614 =( NAMED_UNIT ( * ) PLANE_ANGLE_UNIT ( ) SI_UNIT ( $, .RADIAN. ) );
#9615 = COLOUR_RGB ( '',0.9529411764705881804, 0.7960784313725489669, 0.4862745098039215619 ) ;
#9616 = PLANE ( 'NONE',  #2211 ) ;
#9617 = FILL_AREA_STYLE_COLOUR ( '', #2474 ) ;
#9618 = ADVANCED_FACE ( 'NONE', ( #11705 ), #9670, .T. ) ;
#9619 = LINE ( 'NONE', #994, #11077 ) ;
#9620 = FACE_OUTER_BOUND ( 'NONE', #1706, .T. ) ;
#9621 = ORIENTED_EDGE ( 'NONE', *, *, #9743, .F. ) ;
#9622 = CARTESIAN_POINT ( 'NONE',  ( -62.42426406871190636, -2.449999999999995737, 2.558578643762837945 ) ) ;
#9623 = PRESENTATION_STYLE_ASSIGNMENT (( #10468 ) ) ;
#9624 = EDGE_CURVE ( 'NONE', #1814, #11021, #1486, .T. ) ;
#9625 = EDGE_LOOP ( 'NONE', ( #9137, #8418, #3404, #12112 ) ) ;
#9626 = VECTOR ( 'NONE', #2004, 1000.000000000000000 ) ;
#9627 = VERTEX_POINT ( 'NONE', #3462 ) ;
#9628 = VERTEX_POINT ( 'NONE', #4456 ) ;
#9629 = EDGE_CURVE ( 'NONE', #9197, #6423, #2332, .T. ) ;
#9630 = MECHANICAL_DESIGN_GEOMETRIC_PRESENTATION_REPRESENTATION (  '', ( #6178 ), #3356 ) ;
#9631 = AXIS2_PLACEMENT_3D ( 'NONE', #10371, #9802, #11778 ) ;
#9632 = CARTESIAN_POINT ( 'NONE',  ( -61.55000000000000426, -10.44999999999999396, 3.715685424949418891 ) ) ;
#9633 = DIRECTION ( 'NONE',  ( -1.000000000000000000, -9.999999999999923863E-16, -3.700000000000000011E-14 ) ) ;
#9634 = FILL_AREA_STYLE ('',( #7539 ) ) ;
#9635 =( NAMED_UNIT ( * ) PLANE_ANGLE_UNIT ( ) SI_UNIT ( $, .RADIAN. ) );
#9636 =( NAMED_UNIT ( * ) SI_UNIT ( $, .STERADIAN. ) SOLID_ANGLE_UNIT ( ) );
#9637 = COLOUR_RGB ( '',0.007843137254901960675, 0.007843137254901960675, 0.007843137254901960675 ) ;
#9638 = VERTEX_POINT ( 'NONE', #5394 ) ;
#9639 = FILL_AREA_STYLE_COLOUR ( '', #67 ) ;
#9640 = ORIENTED_EDGE ( 'NONE', *, *, #1613, .T. ) ;
#9641 = ORIENTED_EDGE ( 'NONE', *, *, #3538, .F. ) ;
#9642 = DIRECTION ( 'NONE',  ( 3.699999999999998749E-14, -9.860761315263910926E-32, -1.000000000000000000 ) ) ;
#9643 = SURFACE_STYLE_FILL_AREA ( #5707 ) ;
#9644 = MECHANICAL_DESIGN_GEOMETRIC_PRESENTATION_REPRESENTATION (  '', ( #999 ), #3178 ) ;
#9645 = CARTESIAN_POINT ( 'NONE',  ( -68.20555555555669969, 0.5499999999999983791, 4.049999999999934097 ) ) ;
#9646 = MECHANICAL_DESIGN_GEOMETRIC_PRESENTATION_REPRESENTATION (  '', ( #2578 ), #4568 ) ;
#9647 = LINE ( 'NONE', #68, #9626 ) ;
#9648 = LINE ( 'NONE', #1027, #2877 ) ;
#9649 = CARTESIAN_POINT ( 'NONE',  ( -65.98244041316617370, -8.239735034390928803, 2.300000000000015365 ) ) ;
#9650 = SURFACE_STYLE_FILL_AREA ( #11509 ) ;
#9651 = VECTOR ( 'NONE', #7231, 1000.000000000000000 ) ;
#9652 =( GEOMETRIC_REPRESENTATION_CONTEXT ( 3 ) GLOBAL_UNCERTAINTY_ASSIGNED_CONTEXT ( ( #9607 ) ) GLOBAL_UNIT_ASSIGNED_CONTEXT ( ( #4243, #8123, #2432 ) ) REPRESENTATION_CONTEXT ( 'NONE', 'WORKASPACE' ) );
#9653 = ORIENTED_EDGE ( 'NONE', *, *, #9829, .T. ) ;
#9654 = ORIENTED_EDGE ( 'NONE', *, *, #7124, .F. ) ;
#9655 = ORIENTED_EDGE ( 'NONE', *, *, #3239, .T. ) ;
#9656 = ORIENTED_EDGE ( 'NONE', *, *, #32, .T. ) ;
#9657 = SURFACE_SIDE_STYLE ('',( #1956 ) ) ;
#9658 = SURFACE_STYLE_USAGE ( .BOTH. , #6029 ) ;
#9659 = EDGE_CURVE ( 'NONE', #6313, #10332, #1363, .T. ) ;
#9660 = DIRECTION ( 'NONE',  ( 1.000000000000000078E-15, -1.000000000000000000, 0.000000000000000000 ) ) ;
#9661 = EDGE_CURVE ( 'NONE', #2237, #4081, #9154, .T. ) ;
#9662 = AXIS2_PLACEMENT_3D ( 'NONE', #11408, #2810, #4669 ) ;
#9663 = CIRCLE ( 'NONE', #8859, 0.2000000000000057288 ) ;
#9664 = VERTEX_POINT ( 'NONE', #8150 ) ;
#9665 = ORIENTED_EDGE ( 'NONE', *, *, #485, .F. ) ;
#9666 = SURFACE_STYLE_USAGE ( .BOTH. , #26 ) ;
#9667 = CARTESIAN_POINT ( 'NONE',  ( -65.38611111111110574, -10.44999999999999751, 3.300000000000037570 ) ) ;
#9668 =( NAMED_UNIT ( * ) SI_UNIT ( $, .STERADIAN. ) SOLID_ANGLE_UNIT ( ) );
#9669 = FILL_AREA_STYLE ('',( #7831 ) ) ;
#9670 = PLANE ( 'NONE',  #1260 ) ;
#9671 = VECTOR ( 'NONE', #8463, 1000.000000000000000 ) ;
#9672 = CARTESIAN_POINT ( 'NONE',  ( -66.47499999999999432, -3.949999999999999734, 2.999999999999997335 ) ) ;
#9673 = VECTOR ( 'NONE', #537, 1000.000000000000000 ) ;
#9674 = DIRECTION ( 'NONE',  ( -1.000000000000000078E-15, 1.000000000000000000, 0.000000000000000000 ) ) ;
#9675 = VECTOR ( 'NONE', #116, 1000.000000000000000 ) ;
#9676 = DIRECTION ( 'NONE',  ( -1.000000000000000000, -1.000000000000000078E-15, -3.700000000000000011E-14 ) ) ;
#9677 = EDGE_CURVE ( 'NONE', #1101, #4928, #9216, .T. ) ;
#9678 =( NAMED_UNIT ( * ) SI_UNIT ( $, .STERADIAN. ) SOLID_ANGLE_UNIT ( ) );
#9679 = VERTEX_POINT ( 'NONE', #11943 ) ;
#9680 = DIRECTION ( 'NONE',  ( -1.000000000000000078E-15, 1.000000000000000000, 0.000000000000000000 ) ) ;
#9681 = CARTESIAN_POINT ( 'NONE',  ( -70.54999999999999716, -3.950000000000003730, 3.299999999999846612 ) ) ;
#9682 = VECTOR ( 'NONE', #10656, 1000.000000000000000 ) ;
#9683 = EDGE_CURVE ( 'NONE', #6823, #10838, #6053, .T. ) ;
#9684 = ORIENTED_EDGE ( 'NONE', *, *, #4422, .T. ) ;
#9685 = ORIENTED_EDGE ( 'NONE', *, *, #4041, .F. ) ;
#9686 = SURFACE_SIDE_STYLE ('',( #1871 ) ) ;
#9687 = VECTOR ( 'NONE', #11657, 1000.000000000000000 ) ;
#9688 = DIRECTION ( 'NONE',  ( 3.700000000000000011E-14, -0.000000000000000000, -1.000000000000000000 ) ) ;
#9689 = STYLED_ITEM ( 'NONE', ( #3761 ), #4036 ) ;
#9690 = STYLED_ITEM ( 'NONE', ( #5406 ), #3916 ) ;
#9691 = CARTESIAN_POINT ( 'NONE',  ( 0.000000000000000000, 0.000000000000000000, 0.000000000000000000 ) ) ;
#9692 = VECTOR ( 'NONE', #4760, 1000.000000000000000 ) ;
#9693 = EDGE_CURVE ( 'NONE', #3342, #10247, #11013, .T. ) ;
#9694 = SURFACE_STYLE_USAGE ( .BOTH. , #292 ) ;
#9695 = DIRECTION ( 'NONE',  ( -3.700000000000000011E-14, 0.000000000000000000, 1.000000000000000000 ) ) ;
#9696 = EDGE_CURVE ( 'NONE', #9679, #2299, #1540, .T. ) ;
#9697 = ORIENTED_EDGE ( 'NONE', *, *, #3870, .T. ) ;
#9698 =( LENGTH_UNIT ( ) NAMED_UNIT ( * ) SI_UNIT ( .MILLI., .METRE. ) );
#9699 = VECTOR ( 'NONE', #8192, 1000.000000000000000 ) ;
#9700 = EDGE_CURVE ( 'NONE', #3342, #11693, #9094, .T. ) ;
#9701 = COLOUR_RGB ( '',0.9529411764705881804, 0.7960784313725489669, 0.4862745098039215619 ) ;
#9702 = VECTOR ( 'NONE', #8335, 1000.000000000000000 ) ;
#9703 = ORIENTED_EDGE ( 'NONE', *, *, #1406, .F. ) ;
#9704 = VERTEX_POINT ( 'NONE', #3396 ) ;
#9705 = PRESENTATION_LAYER_ASSIGNMENT (  '', '', ( #11488 ) ) ;
#9706 = SURFACE_STYLE_FILL_AREA ( #5385 ) ;
#9707 = PRESENTATION_LAYER_ASSIGNMENT (  '', '', ( #11874 ) ) ;
#9708 = FACE_OUTER_BOUND ( 'NONE', #9277, .T. ) ;
#9709 = FILL_AREA_STYLE_COLOUR ( '', #8002 ) ;
#9710 = LINE ( 'NONE', #2069, #9526 ) ;
#9711 = AXIS2_PLACEMENT_3D ( 'NONE', #10641, #5857, #9723 ) ;
#9712 = AXIS2_PLACEMENT_3D ( 'NONE', #12069, #4573, #7255 ) ;
#9713 = FILL_AREA_STYLE ('',( #6803 ) ) ;
#9714 = SURFACE_SIDE_STYLE ('',( #11794 ) ) ;
#9715 = COLOUR_RGB ( '',0.9529411764705881804, 0.7960784313725489669, 0.4862745098039215619 ) ;
#9716 = ORIENTED_EDGE ( 'NONE', *, *, #7955, .F. ) ;
#9717 = VERTEX_POINT ( 'NONE', #8087 ) ;
#9718 = ORIENTED_EDGE ( 'NONE', *, *, #5999, .T. ) ;
#9719 = DIRECTION ( 'NONE',  ( -3.700000000000000011E-14, 0.000000000000000000, 1.000000000000000000 ) ) ;
#9720 = EDGE_LOOP ( 'NONE', ( #1901, #2798, #6076, #5081, #1174, #11596, #10097, #1262 ) ) ;
#9721 = PLANE ( 'NONE',  #6826 ) ;
#9722 = DIRECTION ( 'NONE',  ( 1.000000000000000078E-15, -1.000000000000000000, 0.000000000000000000 ) ) ;
#9723 = DIRECTION ( 'NONE',  ( 1.000000000000000000, 0.000000000000000000, 3.571489509363941363E-14 ) ) ;
#9724 = STYLED_ITEM ( 'NONE', ( #7853 ), #5253 ) ;
#9725 = CARTESIAN_POINT ( 'NONE',  ( -66.94444444444442865, -10.44999999999999929, 3.299999999999979838 ) ) ;
#9726 = SURFACE_STYLE_FILL_AREA ( #5798 ) ;
#9727 = FACE_OUTER_BOUND ( 'NONE', #1443, .T. ) ;
#9728 = ORIENTED_EDGE ( 'NONE', *, *, #11915, .T. ) ;
#9729 = ORIENTED_EDGE ( 'NONE', *, *, #9056, .T. ) ;
#9730 = UNCERTAINTY_MEASURE_WITH_UNIT (LENGTH_MEASURE( 1.000000000000000082E-05 ), #2686, 'distance_accuracy_value', 'NONE');
#9731 = EDGE_CURVE ( 'NONE', #7300, #9866, #4393, .T. ) ;
#9732 = PLANE ( 'NONE',  #5568 ) ;
#9733 = VECTOR ( 'NONE', #1569, 1000.000000000000000 ) ;
#9734 = EDGE_CURVE ( 'NONE', #12025, #9527, #2642, .T. ) ;
#9735 = PRESENTATION_LAYER_ASSIGNMENT (  '', '', ( #3673 ) ) ;
#9736 = CARTESIAN_POINT ( 'NONE',  ( -66.40999999999995396, -9.259094657478639689, 2.299999999999999822 ) ) ;
#9737 = SURFACE_SIDE_STYLE ('',( #1115 ) ) ;
#9738 = CARTESIAN_POINT ( 'NONE',  ( -63.56568542494919427, -9.849999999999996092, 2.300000000000105072 ) ) ;
#9739 = ORIENTED_EDGE ( 'NONE', *, *, #10128, .T. ) ;
#9740 = LINE ( 'NONE', #2096, #724 ) ;
#9741 =( NAMED_UNIT ( * ) PLANE_ANGLE_UNIT ( ) SI_UNIT ( $, .RADIAN. ) );
#9742 =( GEOMETRIC_REPRESENTATION_CONTEXT ( 3 ) GLOBAL_UNCERTAINTY_ASSIGNED_CONTEXT ( ( #4524 ) ) GLOBAL_UNIT_ASSIGNED_CONTEXT ( ( #2886, #1012, #10612 ) ) REPRESENTATION_CONTEXT ( 'NONE', 'WORKASPACE' ) );
#9743 = EDGE_CURVE ( 'NONE', #10307, #2255, #6176, .T. ) ;
#9744 = ORIENTED_EDGE ( 'NONE', *, *, #2298, .T. ) ;
#9745 = ORIENTED_EDGE ( 'NONE', *, *, #12417, .F. ) ;
#9746 = ORIENTED_EDGE ( 'NONE', *, *, #8918, .F. ) ;
#9747 = LINE ( 'NONE', #2223, #4410 ) ;
#9748 = FILL_AREA_STYLE ('',( #4039 ) ) ;
#9749 = CARTESIAN_POINT ( 'NONE',  ( -66.29999999999996874, -2.153835720085829131, 2.500000000000003997 ) ) ;
#9750 = CARTESIAN_POINT ( 'NONE',  ( -68.23431457505071762, -9.850000000000001421, 2.299999999999932321 ) ) ;
#9751 = UNCERTAINTY_MEASURE_WITH_UNIT (LENGTH_MEASURE( 1.000000000000000082E-05 ), #5166, 'distance_accuracy_value', 'NONE');
#9752 = CARTESIAN_POINT ( 'NONE',  ( -68.82222222222220864, -3.950000000000001954, 3.224999999999910827 ) ) ;
#9753 = VERTEX_POINT ( 'NONE', #12133 ) ;
#9754 = SURFACE_SIDE_STYLE ('',( #3122 ) ) ;
#9755 = EDGE_CURVE ( 'NONE', #695, #11693, #4273, .T. ) ;
#9756 = EDGE_LOOP ( 'NONE', ( #1341, #6918, #9999, #574 ) ) ;
#9757 = ORIENTED_EDGE ( 'NONE', *, *, #8824, .F. ) ;
#9758 = LINE ( 'NONE', #4171, #12059 ) ;
#9759 = ADVANCED_FACE ( 'NONE', ( #3334 ), #4207, .T. ) ;
#9760 = DIRECTION ( 'NONE',  ( -1.000000000000000078E-15, 1.000000000000000000, 0.000000000000000000 ) ) ;
#9761 = DIRECTION ( 'NONE',  ( -0.9999999999999910072, -9.999999999999912030E-16, -1.341104967744417741E-07 ) ) ;
#9762 = CARTESIAN_POINT ( 'NONE',  ( -61.35000000000001563, 1.550000000000006262, 3.715685424949425997 ) ) ;
#9763 = COLOUR_RGB ( '',0.9529411764705881804, 0.7960784313725489669, 0.4862745098039215619 ) ;
#9764 = UNCERTAINTY_MEASURE_WITH_UNIT (LENGTH_MEASURE( 1.000000000000000082E-05 ), #11523, 'distance_accuracy_value', 'NONE');
#9765 = FILL_AREA_STYLE_COLOUR ( '', #1840 ) ;
#9766 = CARTESIAN_POINT ( 'NONE',  ( -61.35000000000004405, -10.44999999999999396, 4.800000000000187228 ) ) ;
#9767 = ORIENTED_EDGE ( 'NONE', *, *, #9183, .F. ) ;
#9768 = ORIENTED_EDGE ( 'NONE', *, *, #9293, .F. ) ;
#9769 = EDGE_LOOP ( 'NONE', ( #11638, #972, #7064, #1134, #3166, #7419 ) ) ;
#9770 = CARTESIAN_POINT ( 'NONE',  ( -70.23431457505073183, -2.450000000000002398, 2.499999999999858336 ) ) ;
#9771 = ORIENTED_EDGE ( 'NONE', *, *, #2978, .F. ) ;
#9772 = CARTESIAN_POINT ( 'NONE',  ( -71.65000000000001990, -1.450000000000005063, 3.682842712474431845 ) ) ;
#9773 = ORIENTED_EDGE ( 'NONE', *, *, #5642, .T. ) ;
#9774 = CIRCLE ( 'NONE', #8967, 0.2000000000000057288 ) ;
#9775 = EDGE_CURVE ( 'NONE', #2781, #11415, #4514, .T. ) ;
#9776 = LINE ( 'NONE', #6762, #11201 ) ;
#9777 = STYLED_ITEM ( 'NONE', ( #2351 ), #6006 ) ;
#9778 = DIRECTION ( 'NONE',  ( 1.000000000000000078E-15, -1.000000000000000000, 0.000000000000000000 ) ) ;
#9779 = ORIENTED_EDGE ( 'NONE', *, *, #11927, .F. ) ;
#9780 = VERTEX_POINT ( 'NONE', #11320 ) ;
#9781 = DIRECTION ( 'NONE',  ( -3.422444243843710876E-14, 2.775557561562890384E-30, 1.000000000000000000 ) ) ;
#9782 = MECHANICAL_DESIGN_GEOMETRIC_PRESENTATION_REPRESENTATION (  '', ( #7965 ), #949 ) ;
#9783 = SURFACE_STYLE_FILL_AREA ( #2862 ) ;
#9784 = FACE_OUTER_BOUND ( 'NONE', #11712, .T. ) ;
#9785 =( LENGTH_UNIT ( ) NAMED_UNIT ( * ) SI_UNIT ( .MILLI., .METRE. ) );
#9786 = DIRECTION ( 'NONE',  ( -1.000000000000000000, -1.061907311267009442E-15, -3.700000000000000011E-14 ) ) ;
#9787 = FILL_AREA_STYLE ('',( #7777 ) ) ;
#9788 = DIRECTION ( 'NONE',  ( 1.000000000000000000, 0.000000000000000000, 3.903127820947704260E-14 ) ) ;
#9789 = SURFACE_SIDE_STYLE ('',( #6052 ) ) ;
#9790 =( GEOMETRIC_REPRESENTATION_CONTEXT ( 3 ) GLOBAL_UNCERTAINTY_ASSIGNED_CONTEXT ( ( #3562 ) ) GLOBAL_UNIT_ASSIGNED_CONTEXT ( ( #9785, #3955, #10651 ) ) REPRESENTATION_CONTEXT ( 'NONE', 'WORKASPACE' ) );
#9791 = EDGE_CURVE ( 'NONE', #9260, #3230, #848, .T. ) ;
#9792 = ORIENTED_EDGE ( 'NONE', *, *, #2040, .F. ) ;
#9793 = PLANE ( 'NONE',  #2565 ) ;
#9794 = ORIENTED_EDGE ( 'NONE', *, *, #5609, .T. ) ;
#9795 = VERTEX_POINT ( 'NONE', #5664 ) ;
#9796 = ORIENTED_EDGE ( 'NONE', *, *, #7556, .T. ) ;
#9797 =( LENGTH_UNIT ( ) NAMED_UNIT ( * ) SI_UNIT ( .MILLI., .METRE. ) );
#9798 = FILL_AREA_STYLE_COLOUR ( '', #6148 ) ;
#9799 = APPLICATION_PROTOCOL_DEFINITION ( 'draft international standard', 'automotive_design', 1998, #1576 ) ;
#9800 = DIRECTION ( 'NONE',  ( -1.000000000000000000, -1.000000000000000078E-15, -3.825546163768862720E-14 ) ) ;
#9801 =( NAMED_UNIT ( * ) PLANE_ANGLE_UNIT ( ) SI_UNIT ( $, .RADIAN. ) );
#9803 = ADVANCED_FACE ( 'NONE', ( #3768 ), #4649, .T. ) ;
#9802 = DIRECTION ( 'NONE',  ( -3.422444243843710876E-14, 2.679261064343532445E-30, 1.000000000000000000 ) ) ;
#9804 = ORIENTED_EDGE ( 'NONE', *, *, #1756, .F. ) ;
#9805 = VECTOR ( 'NONE', #8055, 1000.000000000000000 ) ;
#9806 =( GEOMETRIC_REPRESENTATION_CONTEXT ( 3 ) GLOBAL_UNCERTAINTY_ASSIGNED_CONTEXT ( ( #6279 ) ) GLOBAL_UNIT_ASSIGNED_CONTEXT ( ( #6431, #7445, #2970 ) ) REPRESENTATION_CONTEXT ( 'NONE', 'WORKASPACE' ) );
#9807 = ORIENTED_EDGE ( 'NONE', *, *, #3546, .F. ) ;
#9808 = EDGE_LOOP ( 'NONE', ( #5717, #11885, #6361, #878 ) ) ;
#9809 = CARTESIAN_POINT ( 'NONE',  ( -70.37573593128804816, -3.469446951953614189E-15, 2.558578643762543958 ) ) ;
#9810 = DIRECTION ( 'NONE',  ( 3.700000000000000011E-14, -6.360191048344410484E-30, -1.000000000000000000 ) ) ;
#9811 = UNCERTAINTY_MEASURE_WITH_UNIT (LENGTH_MEASURE( 1.000000000000000082E-05 ), #975, 'distance_accuracy_value', 'NONE');
#9812 = COLOUR_RGB ( '',0.9529411764705881804, 0.7960784313725489669, 0.4862745098039215619 ) ;
#9813 =( GEOMETRIC_REPRESENTATION_CONTEXT ( 3 ) GLOBAL_UNCERTAINTY_ASSIGNED_CONTEXT ( ( #11734 ) ) GLOBAL_UNIT_ASSIGNED_CONTEXT ( ( #2312, #310, #7121 ) ) REPRESENTATION_CONTEXT ( 'NONE', 'WORKASPACE' ) );
#9814 =( LENGTH_UNIT ( ) NAMED_UNIT ( * ) SI_UNIT ( .MILLI., .METRE. ) );
#9815 = FILL_AREA_STYLE ('',( #9065 ) ) ;
#9816 =( NAMED_UNIT ( * ) SI_UNIT ( $, .STERADIAN. ) SOLID_ANGLE_UNIT ( ) );
#9817 = DIRECTION ( 'NONE',  ( 3.700000000000000011E-14, -0.000000000000000000, -1.000000000000000000 ) ) ;
#9818 = VECTOR ( 'NONE', #5066, 1000.000000000000000 ) ;
#9819 = VERTEX_POINT ( 'NONE', #7510 ) ;
#9820 = ORIENTED_EDGE ( 'NONE', *, *, #4817, .T. ) ;
#9821 = VECTOR ( 'NONE', #11824, 1000.000000000000000 ) ;
#9822 = ORIENTED_EDGE ( 'NONE', *, *, #2955, .F. ) ;
#9823 = ADVANCED_FACE ( 'NONE', ( #2589 ), #1905, .F. ) ;
#9824 = FILL_AREA_STYLE_COLOUR ( '', #9484 ) ;
#9825 = ORIENTED_EDGE ( 'NONE', *, *, #673, .T. ) ;
#9826 = CARTESIAN_POINT ( 'NONE',  ( -68.35277777777776009, -10.45000000000000107, 2.999999999999928058 ) ) ;
#9827 =( LENGTH_UNIT ( ) NAMED_UNIT ( * ) SI_UNIT ( .MILLI., .METRE. ) );
#9828 = PLANE ( 'NONE',  #10722 ) ;
#9829 = EDGE_CURVE ( 'NONE', #10466, #9463, #7092, .T. ) ;
#9830 = CARTESIAN_POINT ( 'NONE',  ( -66.40000000000000568, -10.44999999999999929, 3.550000000000000266 ) ) ;
#9831 = VERTEX_POINT ( 'NONE', #11690 ) ;
#9832 = MECHANICAL_DESIGN_GEOMETRIC_PRESENTATION_REPRESENTATION (  '', ( #7221 ), #5807 ) ;
#9833 = DIRECTION ( 'NONE',  ( -1.000000000000000078E-15, 1.000000000000000000, 0.000000000000000000 ) ) ;
#9834 = EDGE_CURVE ( 'NONE', #2236, #10691, #4008, .T. ) ;
#9835 = DIRECTION ( 'NONE',  ( -9.821109781064282613E-16, 1.000000000000000000, 6.618938100621565234E-31 ) ) ;
#9836 = EDGE_CURVE ( 'NONE', #9557, #8671, #11629, .T. ) ;
#9837 = DIRECTION ( 'NONE',  ( -1.000000000000000000, -1.000000000000000078E-15, -3.700000000000000011E-14 ) ) ;
#9838 = VERTEX_POINT ( 'NONE', #10574 ) ;
#9839 = VECTOR ( 'NONE', #1415, 1000.000000000000000 ) ;
#9840 = ORIENTED_EDGE ( 'NONE', *, *, #5316, .F. ) ;
#9841 = UNCERTAINTY_MEASURE_WITH_UNIT (LENGTH_MEASURE( 1.000000000000000082E-05 ), #5600, 'distance_accuracy_value', 'NONE');
#9842 = AXIS2_PLACEMENT_3D ( 'NONE', #8930, #9925, #6967 ) ;
#9843 = COLOUR_RGB ( '',0.9529411764705881804, 0.7960784313725489669, 0.4862745098039215619 ) ;
#9844 = FILL_AREA_STYLE_COLOUR ( '', #2651 ) ;
#9845 = SURFACE_STYLE_USAGE ( .BOTH. , #3157 ) ;
#9846 = DIRECTION ( 'NONE',  ( -1.000000000000000078E-15, 1.000000000000000000, 0.000000000000000000 ) ) ;
#9847 = PRESENTATION_STYLE_ASSIGNMENT (( #5989 ) ) ;
#9848 = FILL_AREA_STYLE ('',( #4972 ) ) ;
#9849 =( GEOMETRIC_REPRESENTATION_CONTEXT ( 3 ) GLOBAL_UNCERTAINTY_ASSIGNED_CONTEXT ( ( #10584 ) ) GLOBAL_UNIT_ASSIGNED_CONTEXT ( ( #10241, #7545, #4549 ) ) REPRESENTATION_CONTEXT ( 'NONE', 'WORKASPACE' ) );
#9850 = VERTEX_POINT ( 'NONE', #6936 ) ;
#9851 = ORIENTED_EDGE ( 'NONE', *, *, #3134, .F. ) ;
#9852 = DIRECTION ( 'NONE',  ( 0.000000000000000000, -1.000000000000000000, 0.000000000000000000 ) ) ;
#9853 = MECHANICAL_DESIGN_GEOMETRIC_PRESENTATION_REPRESENTATION (  '', ( #12237 ), #2402 ) ;
#9854 =( GEOMETRIC_REPRESENTATION_CONTEXT ( 3 ) GLOBAL_UNCERTAINTY_ASSIGNED_CONTEXT ( ( #12337 ) ) GLOBAL_UNIT_ASSIGNED_CONTEXT ( ( #606, #11092, #3345 ) ) REPRESENTATION_CONTEXT ( 'NONE', 'WORKASPACE' ) );
#9855 = EDGE_CURVE ( 'NONE', #11954, #5945, #10810, .T. ) ;
#9856 = CARTESIAN_POINT ( 'NONE',  ( -70.23055555555554008, -10.45000000000000284, 3.299999999999858602 ) ) ;
#9857 = DIRECTION ( 'NONE',  ( 3.700000000000000011E-14, -9.860761315262649757E-32, -1.000000000000000000 ) ) ;
#9858 = UNCERTAINTY_MEASURE_WITH_UNIT (LENGTH_MEASURE( 1.000000000000000082E-05 ), #6713, 'distance_accuracy_value', 'NONE');
#9859 = LINE ( 'NONE', #9752, #5584 ) ;
#9860 = PRESENTATION_STYLE_ASSIGNMENT (( #4700 ) ) ;
#9861 = VERTEX_POINT ( 'NONE', #8896 ) ;
#9862 = CARTESIAN_POINT ( 'NONE',  ( -71.45000000000001705, -10.45000000000000462, 3.715685424949052518 ) ) ;
#9863 = AXIS2_PLACEMENT_3D ( 'NONE', #8556, #811, #4811 ) ;
#9864 = AXIS2_PLACEMENT_3D ( 'NONE', #10037, #421, #7097 ) ;
#9865 = ORIENTED_EDGE ( 'NONE', *, *, #6488, .F. ) ;
#9866 = VERTEX_POINT ( 'NONE', #7763 ) ;
#9867 = VECTOR ( 'NONE', #3471, 1000.000000000000000 ) ;
#9868 = CARTESIAN_POINT ( 'NONE',  ( -68.92777777777891401, 1.099999999999998535, 4.099999999999906386 ) ) ;
#9869 = DIRECTION ( 'NONE',  ( -3.421580731527764731E-14, 2.784192684722348574E-30, 1.000000000000000000 ) ) ;
#9870 = ADVANCED_FACE ( 'NONE', ( #8713 ), #5791, .T. ) ;
#9871 = CARTESIAN_POINT ( 'NONE',  ( -66.94048499915838590, -8.903376519008858736, 2.299999999999979838 ) ) ;
#9872 = LINE ( 'NONE', #10977, #5968 ) ;
#9873 = ADVANCED_FACE ( 'NONE', ( #81 ), #194, .F. ) ;
#9874 = UNCERTAINTY_MEASURE_WITH_UNIT (LENGTH_MEASURE( 1.000000000000000082E-05 ), #2805, 'distance_accuracy_value', 'NONE');
#9875 = DIRECTION ( 'NONE',  ( -0.9999999999999950040, -9.999999999999949501E-16, 1.005828005449935025E-07 ) ) ;
#9876 = COLOUR_RGB ( '',0.9529411764705881804, 0.7960784313725489669, 0.4862745098039215619 ) ;
#9877 = SURFACE_STYLE_USAGE ( .BOTH. , #6018 ) ;
#9878 =( GEOMETRIC_REPRESENTATION_CONTEXT ( 3 ) GLOBAL_UNCERTAINTY_ASSIGNED_CONTEXT ( ( #4362 ) ) GLOBAL_UNIT_ASSIGNED_CONTEXT ( ( #12373, #7695, #4291 ) ) REPRESENTATION_CONTEXT ( 'NONE', 'WORKASPACE' ) );
#9879 = VERTEX_POINT ( 'NONE', #1105 ) ;
#9880 = ORIENTED_EDGE ( 'NONE', *, *, #1464, .F. ) ;
#9881 = ORIENTED_EDGE ( 'NONE', *, *, #1046, .T. ) ;
#9882 = SURFACE_STYLE_USAGE ( .BOTH. , #1344 ) ;
#9883 = MECHANICAL_DESIGN_GEOMETRIC_PRESENTATION_REPRESENTATION (  '', ( #10676 ), #10864 ) ;
#9884 = SURFACE_STYLE_FILL_AREA ( #9010 ) ;
#9885 =( GEOMETRIC_REPRESENTATION_CONTEXT ( 3 ) GLOBAL_UNCERTAINTY_ASSIGNED_CONTEXT ( ( #1042 ) ) GLOBAL_UNIT_ASSIGNED_CONTEXT ( ( #2608, #6576, #5416 ) ) REPRESENTATION_CONTEXT ( 'NONE', 'WORKASPACE' ) );
#9886 = VECTOR ( 'NONE', #6975, 1000.000000000000000 ) ;
#9887 = ORIENTED_EDGE ( 'NONE', *, *, #5929, .T. ) ;
#9888 = FILL_AREA_STYLE ('',( #4377 ) ) ;
#9889 = VECTOR ( 'NONE', #9958, 1000.000000000000000 ) ;
#9890 = VECTOR ( 'NONE', #1719, 1000.000000000000000 ) ;
#9891 = AXIS2_PLACEMENT_3D ( 'NONE', #7480, #56, #7604 ) ;
#9892 = PRESENTATION_LAYER_ASSIGNMENT (  '', '', ( #9500 ) ) ;
#9893 = CARTESIAN_POINT ( 'NONE',  ( -63.15000000000113545, -0.4499998509883956221, 3.800000000000120615 ) ) ;
#9894 = DIRECTION ( 'NONE',  ( -3.448907672462272700E-14, 2.510923275377270607E-30, 1.000000000000000000 ) ) ;
#9895 = ORIENTED_EDGE ( 'NONE', *, *, #6794, .T. ) ;
#9896 = CARTESIAN_POINT ( 'NONE',  ( -62.56568542494920848, 3.469446951953614189E-15, 2.500000000000141664 ) ) ;
#9897 = VECTOR ( 'NONE', #6869, 1000.000000000000000 ) ;
#9898 = LINE ( 'NONE', #4956, #7215 ) ;
#9899 = COLOUR_RGB ( '',0.9529411764705881804, 0.7960784313725489669, 0.4862745098039215619 ) ;
#9900 = VERTEX_POINT ( 'NONE', #8771 ) ;
#9901 = EDGE_LOOP ( 'NONE', ( #7467, #4307, #12206, #4584 ) ) ;
#9902 = CARTESIAN_POINT ( 'NONE',  ( -68.45000000000004547, -9.375000000000001776, 4.799999999999924327 ) ) ;
#9903 = EDGE_CURVE ( 'NONE', #12348, #6156, #4235, .T. ) ;
#9904 = VECTOR ( 'NONE', #11886, 1000.000000000000000 ) ;
#9905 =( NAMED_UNIT ( * ) SI_UNIT ( $, .STERADIAN. ) SOLID_ANGLE_UNIT ( ) );
#9906 =( LENGTH_UNIT ( ) NAMED_UNIT ( * ) SI_UNIT ( .MILLI., .METRE. ) );
#9907 = LINE ( 'NONE', #31, #5756 ) ;
#9908 = AXIS2_PLACEMENT_3D ( 'NONE', #9862, #6854, #1256 ) ;
#9909 =( LENGTH_UNIT ( ) NAMED_UNIT ( * ) SI_UNIT ( .MILLI., .METRE. ) );
#9910 = CIRCLE ( 'NONE', #4447, 0.04000000000000437234 ) ;
#9911 =( NAMED_UNIT ( * ) SI_UNIT ( $, .STERADIAN. ) SOLID_ANGLE_UNIT ( ) );
#9912 =( LENGTH_UNIT ( ) NAMED_UNIT ( * ) SI_UNIT ( .MILLI., .METRE. ) );
#9913 = PLANE ( 'NONE',  #5666 ) ;
#9914 = CARTESIAN_POINT ( 'NONE',  ( -61.54999999999998295, -2.449999999999993960, 2.700000000000179590 ) ) ;
#9915 = SURFACE_SIDE_STYLE ('',( #9103 ) ) ;
#9916 = ORIENTED_EDGE ( 'NONE', *, *, #11991, .T. ) ;
#9917 = ORIENTED_EDGE ( 'NONE', *, *, #7956, .F. ) ;
#9918 = DIRECTION ( 'NONE',  ( 3.700000000000000011E-14, -0.000000000000000000, -1.000000000000000000 ) ) ;
#9919 = CARTESIAN_POINT ( 'NONE',  ( -61.15000000000004121, -2.449999999999993960, 4.600000000000194156 ) ) ;
#9920 = CARTESIAN_POINT ( 'NONE',  ( -70.45000000000005969, -8.300000000000004263, 4.799999999999850608 ) ) ;
#9921 = LINE ( 'NONE', #348, #12253 ) ;
#9922 = DIRECTION ( 'NONE',  ( -1.000000000000000000, -1.000000000000000078E-15, -3.700000000000000011E-14 ) ) ;
#9923 = CARTESIAN_POINT ( 'NONE',  ( -69.23431457505071762, -8.050000000000000711, 2.299999999999895017 ) ) ;
#9924 =( LENGTH_UNIT ( ) NAMED_UNIT ( * ) SI_UNIT ( .MILLI., .METRE. ) );
#9925 = DIRECTION ( 'NONE',  ( 9.999999999999923863E-16, -1.000000000000000000, 6.360191048344121816E-30 ) ) ;
#9926 = SURFACE_STYLE_FILL_AREA ( #3300 ) ;
#9927 = ORIENTED_EDGE ( 'NONE', *, *, #1455, .T. ) ;
#9928 = DIRECTION ( 'NONE',  ( 3.700000000000000011E-14, -9.860761315262649757E-32, -1.000000000000000000 ) ) ;
#9929 = EDGE_CURVE ( 'NONE', #3439, #743, #4316, .T. ) ;
#9930 = VERTEX_POINT ( 'NONE', #5197 ) ;
#9931 = ORIENTED_EDGE ( 'NONE', *, *, #6424, .F. ) ;
#9932 = CARTESIAN_POINT ( 'NONE',  ( -64.12777777777776578, -3.949999999999997069, 3.000000000000084377 ) ) ;
#9933 = DIRECTION ( 'NONE',  ( 3.700000000000000011E-14, -1.085805705615509827E-16, -1.000000000000000000 ) ) ;
#9934 = LINE ( 'NONE', #7044, #1261 ) ;
#9935 = UNCERTAINTY_MEASURE_WITH_UNIT (LENGTH_MEASURE( 1.000000000000000082E-05 ), #5726, 'distance_accuracy_value', 'NONE');
#9936 = PRESENTATION_STYLE_ASSIGNMENT (( #3530 ) ) ;
#9937 = DIRECTION ( 'NONE',  ( 3.700000000000000011E-14, -0.000000000000000000, -1.000000000000000000 ) ) ;
#9938 = FILL_AREA_STYLE ('',( #1516 ) ) ;
#9939 = DIRECTION ( 'NONE',  ( -1.000000000000000078E-15, 1.000000000000000000, -3.700000000000000308E-29 ) ) ;
#9940 = EDGE_CURVE ( 'NONE', #6140, #5219, #3271, .T. ) ;
#9941 = ORIENTED_EDGE ( 'NONE', *, *, #5086, .F. ) ;
#9942 = ORIENTED_EDGE ( 'NONE', *, *, #7293, .F. ) ;
#9943 = EDGE_LOOP ( 'NONE', ( #9387, #1869, #6822, #3965 ) ) ;
#9944 = ADVANCED_FACE ( 'NONE', ( #8259 ), #2323, .T. ) ;
#9945 = CARTESIAN_POINT ( 'NONE',  ( -66.76111111111225682, 0.5500000000000001554, 4.249999999999986677 ) ) ;
#9946 = ORIENTED_EDGE ( 'NONE', *, *, #3884, .T. ) ;
#9947 = AXIS2_PLACEMENT_3D ( 'NONE', #10002, #10992, #6228 ) ;
#9948 = SURFACE_STYLE_FILL_AREA ( #7180 ) ;
#9949 = FACE_OUTER_BOUND ( 'NONE', #4656, .T. ) ;
#9950 = DIRECTION ( 'NONE',  ( 1.000000000000000078E-15, -1.000000000000000000, 0.000000000000000000 ) ) ;
#9951 = ORIENTED_EDGE ( 'NONE', *, *, #111, .T. ) ;
#9952 = DIRECTION ( 'NONE',  ( -3.700000000000000011E-14, 0.000000000000000000, 1.000000000000000000 ) ) ;
#9953 = CARTESIAN_POINT ( 'NONE',  ( -63.11388888888888715, -3.949999999999996181, 3.150000000000122036 ) ) ;
#9954 = EDGE_LOOP ( 'NONE', ( #5917, #1210, #7600, #8623 ) ) ;
#9955 = PRESENTATION_LAYER_ASSIGNMENT (  '', '', ( #3307 ) ) ;
#9956 = FILL_AREA_STYLE_COLOUR ( '', #9199 ) ;
#9957 = SURFACE_STYLE_FILL_AREA ( #8086 ) ;
#9958 = DIRECTION ( 'NONE',  ( 3.700000000000000011E-14, -0.000000000000000000, -1.000000000000000000 ) ) ;
#9959 = AXIS2_PLACEMENT_3D ( 'NONE', #10296, #5757, #1927 ) ;
#9960 = FILL_AREA_STYLE_COLOUR ( '', #5982 ) ;
#9961 = CARTESIAN_POINT ( 'NONE',  ( -66.48055555555670537, 1.100000000000000311, 4.249999999999996447 ) ) ;
#9962 = LINE ( 'NONE', #7136, #2447 ) ;
#9963 = CARTESIAN_POINT ( 'NONE',  ( -66.94048499915838590, -8.903376519008858736, 2.299999999999979838 ) ) ;
#9964 = AXIS2_PLACEMENT_3D ( 'NONE', #6958, #6061, #480 ) ;
#9965 = ORIENTED_EDGE ( 'NONE', *, *, #3495, .T. ) ;
#9966 = VECTOR ( 'NONE', #10600, 1000.000000000000000 ) ;
#9967 = EDGE_CURVE ( 'NONE', #1153, #11909, #3382, .T. ) ;
#9968 = ORIENTED_EDGE ( 'NONE', *, *, #100, .F. ) ;
#9969 = ORIENTED_EDGE ( 'NONE', *, *, #9940, .F. ) ;
#9970 = SURFACE_STYLE_FILL_AREA ( #7146 ) ;
#9971 = LINE ( 'NONE', #5996, #629 ) ;
#9972 = SURFACE_SIDE_STYLE ('',( #11146 ) ) ;
#9973 = COLOUR_RGB ( '',0.9529411764705881804, 0.7960784313725489669, 0.4862745098039215619 ) ;
#9974 = FILL_AREA_STYLE ('',( #3410 ) ) ;
#9975 = DIRECTION ( 'NONE',  ( 3.700000000000010109E-14, -6.360191048344309590E-30, -1.000000000000000000 ) ) ;
#9976 = PRESENTATION_LAYER_ASSIGNMENT (  '', '', ( #8990 ) ) ;
#9977 = FILL_AREA_STYLE ('',( #6198 ) ) ;
#9978 = UNCERTAINTY_MEASURE_WITH_UNIT (LENGTH_MEASURE( 1.000000000000000082E-05 ), #10643, 'distance_accuracy_value', 'NONE');
#9979 = SURFACE_SIDE_STYLE ('',( #6135 ) ) ;
#9980 = FILL_AREA_STYLE ('',( #6203 ) ) ;
#9981 = ORIENTED_EDGE ( 'NONE', *, *, #349, .F. ) ;
#9982 = EDGE_CURVE ( 'NONE', #547, #5003, #2509, .T. ) ;
#9983 = MECHANICAL_DESIGN_GEOMETRIC_PRESENTATION_REPRESENTATION (  '', ( #12168 ), #3929 ) ;
#9984 = ADVANCED_FACE ( 'NONE', ( #10006 ), #5378, .T. ) ;
#9985 = ORIENTED_EDGE ( 'NONE', *, *, #3499, .T. ) ;
#9986 = ORIENTED_EDGE ( 'NONE', *, *, #8265, .T. ) ;
#9987 = EDGE_CURVE ( 'NONE', #3483, #11129, #2061, .T. ) ;
#9988 = DIRECTION ( 'NONE',  ( 1.000000000000000000, 1.000000000000000078E-15, 3.700000000000000011E-14 ) ) ;
#9989 = CARTESIAN_POINT ( 'NONE',  ( -63.97777777777776009, -10.44999999999999751, 3.000000000000089706 ) ) ;
#9990 =( LENGTH_UNIT ( ) NAMED_UNIT ( * ) SI_UNIT ( .MILLI., .METRE. ) );
#9991 = CARTESIAN_POINT ( 'NONE',  ( -70.23431457505074604, 1.549999999999997602, 2.499999999999858336 ) ) ;
#9992 = LINE ( 'NONE', #5183, #8833 ) ;
#9993 = PRESENTATION_STYLE_ASSIGNMENT (( #3368 ) ) ;
#9994 = VECTOR ( 'NONE', #3704, 1000.000000000000000 ) ;
#9995 = CARTESIAN_POINT ( 'NONE',  ( -64.35000000000005116, -8.299999999999997158, 4.600000000000076028 ) ) ;
#9996 =( LENGTH_UNIT ( ) NAMED_UNIT ( * ) SI_UNIT ( .MILLI., .METRE. ) );
#9997 = LINE ( 'NONE', #2376, #4355 ) ;
#9998 = ORIENTED_EDGE ( 'NONE', *, *, #11795, .F. ) ;
#9999 = ORIENTED_EDGE ( 'NONE', *, *, #11653, .F. ) ;
#10000 = FILL_AREA_STYLE ('',( #570 ) ) ;
#10001 = STYLED_ITEM ( 'NONE', ( #9332 ), #9310 ) ;
#10002 = CARTESIAN_POINT ( 'NONE',  ( -64.46568542494919996, -8.049999999999998934, 2.300000000000071765 ) ) ;
#10003 = MECHANICAL_DESIGN_GEOMETRIC_PRESENTATION_REPRESENTATION (  '', ( #2559 ), #5774 ) ;
#10004 = ORIENTED_EDGE ( 'NONE', *, *, #10776, .T. ) ;
#10005 = CARTESIAN_POINT ( 'NONE',  ( -67.88333333333332575, -3.950000000000001066, 2.999999999999945377 ) ) ;
#10006 = FACE_OUTER_BOUND ( 'NONE', #1504, .T. ) ;
#10007 = ORIENTED_EDGE ( 'NONE', *, *, #8126, .T. ) ;
#10008 = CARTESIAN_POINT ( 'NONE',  ( -67.48333333333447115, 1.099999999999998535, 4.099999999999960565 ) ) ;
#10009 =( GEOMETRIC_REPRESENTATION_CONTEXT ( 3 ) GLOBAL_UNCERTAINTY_ASSIGNED_CONTEXT ( ( #5957 ) ) GLOBAL_UNIT_ASSIGNED_CONTEXT ( ( #1802, #8606, #3597 ) ) REPRESENTATION_CONTEXT ( 'NONE', 'WORKASPACE' ) );
#10010 = SURFACE_STYLE_USAGE ( .BOTH. , #10192 ) ;
#10011 =( LENGTH_UNIT ( ) NAMED_UNIT ( * ) SI_UNIT ( .MILLI., .METRE. ) );
#10012 =( NAMED_UNIT ( * ) PLANE_ANGLE_UNIT ( ) SI_UNIT ( $, .RADIAN. ) );
#10013 =( NAMED_UNIT ( * ) SI_UNIT ( $, .STERADIAN. ) SOLID_ANGLE_UNIT ( ) );
#10014 = VECTOR ( 'NONE', #10331, 1000.000000000000000 ) ;
#10015 = ADVANCED_FACE ( 'NONE', ( #382 ), #1890, .T. ) ;
#10016 = MECHANICAL_DESIGN_GEOMETRIC_PRESENTATION_REPRESENTATION (  '', ( #1403 ), #2587 ) ;
#10017 = EDGE_CURVE ( 'NONE', #11986, #3912, #9393, .T. ) ;
#10018 =( NAMED_UNIT ( * ) SI_UNIT ( $, .STERADIAN. ) SOLID_ANGLE_UNIT ( ) );
#10019 = FILL_AREA_STYLE ('',( #10952 ) ) ;
#10020 = FACE_OUTER_BOUND ( 'NONE', #698, .T. ) ;
#10021 = FILL_AREA_STYLE ('',( #401 ) ) ;
#10022 = CARTESIAN_POINT ( 'NONE',  ( -65.98103322277067662, -8.259685468350888016, 2.300000000000015365 ) ) ;
#10023 = CARTESIAN_POINT ( 'NONE',  ( -70.23431457505073183, -3.469446951953614189E-15, 2.499999999999858336 ) ) ;
#10024 = DIRECTION ( 'NONE',  ( 1.000000000000000078E-15, -1.000000000000000000, 0.000000000000000000 ) ) ;
#10025 =( GEOMETRIC_REPRESENTATION_CONTEXT ( 3 ) GLOBAL_UNCERTAINTY_ASSIGNED_CONTEXT ( ( #10730 ) ) GLOBAL_UNIT_ASSIGNED_CONTEXT ( ( #8355, #5289, #1500 ) ) REPRESENTATION_CONTEXT ( 'NONE', 'WORKASPACE' ) );
#10026 = EDGE_LOOP ( 'NONE', ( #12349, #9779, #7435, #3124 ) ) ;
#10027 =( GEOMETRIC_REPRESENTATION_CONTEXT ( 3 ) GLOBAL_UNCERTAINTY_ASSIGNED_CONTEXT ( ( #11821 ) ) GLOBAL_UNIT_ASSIGNED_CONTEXT ( ( #11421, #11289, #2688 ) ) REPRESENTATION_CONTEXT ( 'NONE', 'WORKASPACE' ) );
#10028 = ORIENTED_EDGE ( 'NONE', *, *, #372, .T. ) ;
#10029 =( NAMED_UNIT ( * ) SI_UNIT ( $, .STERADIAN. ) SOLID_ANGLE_UNIT ( ) );
#10030 =( LENGTH_UNIT ( ) NAMED_UNIT ( * ) SI_UNIT ( .MILLI., .METRE. ) );
#10031 =( LENGTH_UNIT ( ) NAMED_UNIT ( * ) SI_UNIT ( .MILLI., .METRE. ) );
#10032 = ADVANCED_FACE ( 'NONE', ( #1645 ), #2773, .F. ) ;
#10033 = CARTESIAN_POINT ( 'NONE',  ( -68.82222222222220864, -10.45000000000000107, 3.299999999999910560 ) ) ;
#10034 =( LENGTH_UNIT ( ) NAMED_UNIT ( * ) SI_UNIT ( .MILLI., .METRE. ) );
#10035 = DIRECTION ( 'NONE',  ( -1.000000000000000472E-15, 1.000000000000000000, -3.709860761315264637E-29 ) ) ;
#10036 = VECTOR ( 'NONE', #5339, 1000.000000000000000 ) ;
#10037 = CARTESIAN_POINT ( 'NONE',  ( -61.15000000000003411, 1.550000000000006262, 4.250000000000194511 ) ) ;
#10038 = CARTESIAN_POINT ( 'NONE',  ( -62.56944444444441444, -10.44999999999999574, 3.000000000000141664 ) ) ;
#10039 = ORIENTED_EDGE ( 'NONE', *, *, #12330, .F. ) ;
#10040 = EDGE_CURVE ( 'NONE', #873, #9561, #6482, .T. ) ;
#10041 = SURFACE_SIDE_STYLE ('',( #2357 ) ) ;
#10042 = EDGE_LOOP ( 'NONE', ( #8703, #4522, #12048, #536, #2170, #2741, #4438, #8589, #5021, #11799, #8471, #9794, #1032, #9986, #8435, #2377, #4400, #10993, #6007, #8767, #7354, #7283, #9364, #10308, #837, #79, #9544, #12159, #8361, #6454, #12305, #1950, #132, #7072, #9256, #5005, #10183, #10028, #2888, #10004 ) ) ;
#10043 = ORIENTED_EDGE ( 'NONE', *, *, #7410, .T. ) ;
#10044 = PRESENTATION_LAYER_ASSIGNMENT (  '', '', ( #12237 ) ) ;
#10045 = CARTESIAN_POINT ( 'NONE',  ( -70.45000000000004547, -9.975000000000003197, 4.799999999999850608 ) ) ;
#10046 = PRESENTATION_STYLE_ASSIGNMENT (( #10231 ) ) ;
#10047 = EDGE_CURVE ( 'NONE', #5705, #11445, #1711, .T. ) ;
#10048 = FILL_AREA_STYLE_COLOUR ( '', #2899 ) ;
#10049 = EDGE_CURVE ( 'NONE', #12193, #11219, #11304, .T. ) ;
#10050 = SURFACE_STYLE_FILL_AREA ( #6333 ) ;
#10051 = UNCERTAINTY_MEASURE_WITH_UNIT (LENGTH_MEASURE( 1.000000000000000082E-05 ), #6249, 'distance_accuracy_value', 'NONE');
#10052 =( NAMED_UNIT ( * ) SI_UNIT ( $, .STERADIAN. ) SOLID_ANGLE_UNIT ( ) );
#10053 = SURFACE_SIDE_STYLE ('',( #12106 ) ) ;
#10054 = CARTESIAN_POINT ( 'NONE',  ( -71.39142135623731633, -2.450000000000004174, 3.574264068711742848 ) ) ;
#10055 = FILL_AREA_STYLE_COLOUR ( '', #6611 ) ;
#10056 = VECTOR ( 'NONE', #10139, 1000.000000000000000 ) ;
#10057 = ADVANCED_FACE ( 'NONE', ( #12370 ), #5505, .T. ) ;
#10058 = PRESENTATION_LAYER_ASSIGNMENT (  '', '', ( #12246 ) ) ;
#10059 = CARTESIAN_POINT ( 'NONE',  ( -71.25000000000001421, -10.45000000000000462, 3.715685424949059623 ) ) ;
#10060 = VECTOR ( 'NONE', #8856, 1000.000000000000000 ) ;
#10061 = AXIS2_PLACEMENT_3D ( 'NONE', #9691, #8737, #3972 ) ;
#10062 = CARTESIAN_POINT ( 'NONE',  ( -66.35000000000059117, 1.100000000000000311, 4.050000000000002487 ) ) ;
#10063 =( GEOMETRIC_REPRESENTATION_CONTEXT ( 3 ) GLOBAL_UNCERTAINTY_ASSIGNED_CONTEXT ( ( #5758 ) ) GLOBAL_UNIT_ASSIGNED_CONTEXT ( ( #10011, #3279, #201 ) ) REPRESENTATION_CONTEXT ( 'NONE', 'WORKASPACE' ) );
#10064 = COLOUR_RGB ( '',0.6274509803921568540, 0.6274509803921568540, 0.6274509803921568540 ) ;
#10065 = ORIENTED_EDGE ( 'NONE', *, *, #10575, .F. ) ;
#10066 = EDGE_LOOP ( 'NONE', ( #1770, #7290, #9916, #9290, #8734, #11980, #1998, #7402, #9768, #2699, #5375 ) ) ;
#10067 = FILL_AREA_STYLE ('',( #11929 ) ) ;
#10068 = CARTESIAN_POINT ( 'NONE',  ( -61.89999999999999147, -10.44999999999999396, 3.300000000000166356 ) ) ;
#10069 = VERTEX_POINT ( 'NONE', #8753 ) ;
#10070 =( GEOMETRIC_REPRESENTATION_CONTEXT ( 3 ) GLOBAL_UNCERTAINTY_ASSIGNED_CONTEXT ( ( #8208 ) ) GLOBAL_UNIT_ASSIGNED_CONTEXT ( ( #28, #6568, #10456 ) ) REPRESENTATION_CONTEXT ( 'NONE', 'WORKASPACE' ) );
#10071 = COLOUR_RGB ( '',0.6274509803921568540, 0.6274509803921568540, 0.6274509803921568540 ) ;
#10072 = AXIS2_PLACEMENT_3D ( 'NONE', #8514, #5571, #7694 ) ;
#10073 = CARTESIAN_POINT ( 'NONE',  ( -67.73333333333330586, -10.45000000000000107, 2.999999999999950706 ) ) ;
#10074 =( NAMED_UNIT ( * ) SI_UNIT ( $, .STERADIAN. ) SOLID_ANGLE_UNIT ( ) );
#10075 = ORIENTED_EDGE ( 'NONE', *, *, #2201, .T. ) ;
#10076 = DIRECTION ( 'NONE',  ( -1.000000000000000078E-15, 1.000000000000000000, 0.000000000000000000 ) ) ;
#10077 = CARTESIAN_POINT ( 'NONE',  ( -69.45000000000113971, -0.4499999258008018921, 4.049999999999887024 ) ) ;
#10078 = COLOUR_RGB ( '',0.9529411764705881804, 0.7960784313725489669, 0.4862745098039215619 ) ;
#10079 = DIRECTION ( 'NONE',  ( 3.448907672462272700E-14, 3.448907672462273037E-29, -1.000000000000000000 ) ) ;
#10080 = AXIS2_PLACEMENT_3D ( 'NONE', #7395, #12020, #3295 ) ;
#10081 =( GEOMETRIC_REPRESENTATION_CONTEXT ( 3 ) GLOBAL_UNCERTAINTY_ASSIGNED_CONTEXT ( ( #5899 ) ) GLOBAL_UNIT_ASSIGNED_CONTEXT ( ( #189, #3086, #8822 ) ) REPRESENTATION_CONTEXT ( 'NONE', 'WORKASPACE' ) );
#10082 =( NAMED_UNIT ( * ) PLANE_ANGLE_UNIT ( ) SI_UNIT ( $, .RADIAN. ) );
#10083 = FACE_OUTER_BOUND ( 'NONE', #9327, .T. ) ;
#10084 = DIRECTION ( 'NONE',  ( -3.700000000000000011E-14, 0.000000000000000000, 1.000000000000000000 ) ) ;
#10085 = UNCERTAINTY_MEASURE_WITH_UNIT (LENGTH_MEASURE( 1.000000000000000082E-05 ), #11371, 'distance_accuracy_value', 'NONE');
#10086 = DIRECTION ( 'NONE',  ( 1.000000000000000078E-15, -1.000000000000000000, 0.000000000000000000 ) ) ;
#10087 =( NAMED_UNIT ( * ) PLANE_ANGLE_UNIT ( ) SI_UNIT ( $, .RADIAN. ) );
#10088 = CARTESIAN_POINT ( 'NONE',  ( -63.50833333333331865, -10.44999999999999574, 3.300000000000107292 ) ) ;
#10089 = AXIS2_PLACEMENT_3D ( 'NONE', #7616, #8747, #11433 ) ;
#10090 = DIRECTION ( 'NONE',  ( 3.700000000000000011E-14, -9.860761315262649757E-32, -1.000000000000000000 ) ) ;
#10091 = CARTESIAN_POINT ( 'NONE',  ( -67.26388888888887152, -10.44999999999999929, 2.999999999999968026 ) ) ;
#10092 = PRESENTATION_LAYER_ASSIGNMENT (  '', '', ( #1084 ) ) ;
#10093 = AXIS2_PLACEMENT_3D ( 'NONE', #4395, #7261, #4459 ) ;
#10094 = LINE ( 'NONE', #6952, #12423 ) ;
#10095 = DIRECTION ( 'NONE',  ( 3.700000000000000011E-14, -0.000000000000000000, -1.000000000000000000 ) ) ;
#10096 = EDGE_CURVE ( 'NONE', #5039, #7070, #876, .T. ) ;
#10097 = ORIENTED_EDGE ( 'NONE', *, *, #2906, .T. ) ;
#10098 = VERTEX_POINT ( 'NONE', #11506 ) ;
#10099 =( GEOMETRIC_REPRESENTATION_CONTEXT ( 3 ) GLOBAL_UNCERTAINTY_ASSIGNED_CONTEXT ( ( #11319 ) ) GLOBAL_UNIT_ASSIGNED_CONTEXT ( ( #9996, #9133, #6288 ) ) REPRESENTATION_CONTEXT ( 'NONE', 'WORKASPACE' ) );
#10100 =( LENGTH_UNIT ( ) NAMED_UNIT ( * ) SI_UNIT ( .MILLI., .METRE. ) );
#10101 = ADVANCED_FACE ( 'NONE', ( #2958 ), #3930, .F. ) ;
#10102 = CARTESIAN_POINT ( 'NONE',  ( -62.56568542494919427, -10.44999999999999574, 2.300000000000142375 ) ) ;
#10103 = CARTESIAN_POINT ( 'NONE',  ( -62.09999999999998010, -10.44999999999999574, 3.000000000000159428 ) ) ;
#10104 = VECTOR ( 'NONE', #1763, 1000.000000000000000 ) ;
#10105 =( NAMED_UNIT ( * ) SI_UNIT ( $, .STERADIAN. ) SOLID_ANGLE_UNIT ( ) );
#10106 = FILL_AREA_STYLE ('',( #6263 ) ) ;
#10107 = CARTESIAN_POINT ( 'NONE',  ( -64.12777777777776578, -10.44999999999999751, 3.300000000000084199 ) ) ;
#10108 = PRESENTATION_STYLE_ASSIGNMENT (( #8041 ) ) ;
#10109 = CARTESIAN_POINT ( 'NONE',  ( -67.26388888888888573, -3.950000000000000178, 3.299999999999968292 ) ) ;
#10110 = UNCERTAINTY_MEASURE_WITH_UNIT (LENGTH_MEASURE( 1.000000000000000082E-05 ), #4091, 'distance_accuracy_value', 'NONE');
#10111 = LINE ( 'NONE', #4228, #392 ) ;
#10112 = PRESENTATION_STYLE_ASSIGNMENT (( #1502 ) ) ;
#10113 = EDGE_CURVE ( 'NONE', #7239, #202, #1944, .T. ) ;
#10114 = VERTEX_POINT ( 'NONE', #5775 ) ;
#10115 = SURFACE_SIDE_STYLE ('',( #10163 ) ) ;
#10116 = ORIENTED_EDGE ( 'NONE', *, *, #3412, .F. ) ;
#10117 = ORIENTED_EDGE ( 'NONE', *, *, #6401, .F. ) ;
#10118 = CARTESIAN_POINT ( 'NONE',  ( -65.06666666666664867, -10.44999999999999751, 3.000000000000049294 ) ) ;
#10119 = FILL_AREA_STYLE_COLOUR ( '', #8440 ) ;
#10120 = DIRECTION ( 'NONE',  ( 3.701809683000205097E-14, 1.809683000204897762E-32, -1.000000000000000000 ) ) ;
#10121 = SURFACE_STYLE_USAGE ( .BOTH. , #11046 ) ;
#10122 = PRESENTATION_STYLE_ASSIGNMENT (( #8313 ) ) ;
#10123 = EDGE_CURVE ( 'NONE', #11926, #7399, #9648, .T. ) ;
#10124 = COLOUR_RGB ( '',0.9529411764705881804, 0.7960784313725489669, 0.4862745098039215619 ) ;
#10125 = LINE ( 'NONE', #8060, #3986 ) ;
#10126 = CARTESIAN_POINT ( 'NONE',  ( -63.66568542494920280, -9.949999999999997513, 2.300000000000101519 ) ) ;
#10127 = CARTESIAN_POINT ( 'NONE',  ( -62.95000000000114682, 1.100000000000003642, 4.250000000000127898 ) ) ;
#10128 = EDGE_CURVE ( 'NONE', #9930, #6140, #9910, .T. ) ;
#10129 = MECHANICAL_DESIGN_GEOMETRIC_PRESENTATION_REPRESENTATION (  '', ( #5271 ), #9543 ) ;
#10130 = ORIENTED_EDGE ( 'NONE', *, *, #4635, .T. ) ;
#10131 = EDGE_LOOP ( 'NONE', ( #4785, #10490, #935, #6581 ) ) ;
#10132 = LINE ( 'NONE', #1465, #647 ) ;
#10133 = COLOUR_RGB ( '',0.007843137254901960675, 0.007843137254901960675, 0.007843137254901960675 ) ;
#10134 = CYLINDRICAL_SURFACE ( 'NONE', #1813, 0.1999999999999981237 ) ;
#10135 = ORIENTED_EDGE ( 'NONE', *, *, #5794, .F. ) ;
#10136 =( NAMED_UNIT ( * ) SI_UNIT ( $, .STERADIAN. ) SOLID_ANGLE_UNIT ( ) );
#10137 = LINE ( 'NONE', #5314, #7465 ) ;
#10138 = LINE ( 'NONE', #11306, #10384 ) ;
#10139 = DIRECTION ( 'NONE',  ( -3.699999999999998749E-14, 9.860761315263910926E-32, 1.000000000000000000 ) ) ;
#10140 = DIRECTION ( 'NONE',  ( -1.000000000000000000, -1.000000000000000078E-15, -3.700000000000000011E-14 ) ) ;
#10141 = EDGE_CURVE ( 'NONE', #9197, #6974, #5956, .T. ) ;
#10142 = CARTESIAN_POINT ( 'NONE',  ( -62.75000000000004263, -8.099999999999996092, 4.600000000000135536 ) ) ;
#10143 = ORIENTED_EDGE ( 'NONE', *, *, #10353, .F. ) ;
#10144 = SURFACE_STYLE_FILL_AREA ( #3513 ) ;
#10145 = DIRECTION ( 'NONE',  ( -3.700000000000000011E-14, 0.000000000000000000, 1.000000000000000000 ) ) ;
#10146 = SURFACE_STYLE_USAGE ( .BOTH. , #6306 ) ;
#10147 = CARTESIAN_POINT ( 'NONE',  ( -66.89876734635691946, -5.820804194777459806, 2.309999999999981846 ) ) ;
#10148 = FILL_AREA_STYLE ('',( #12265 ) ) ;
#10149 = SURFACE_STYLE_USAGE ( .BOTH. , #9282 ) ;
#10150 = DIRECTION ( 'NONE',  ( 1.000000000000000000, 0.000000000000000000, 3.903127820947839313E-14 ) ) ;
#10151 = CARTESIAN_POINT ( 'NONE',  ( -66.35000000000059117, 1.100000000000000311, 4.050000000000002487 ) ) ;
#10152 = ORIENTED_EDGE ( 'NONE', *, *, #12015, .F. ) ;
#10153 = ORIENTED_EDGE ( 'NONE', *, *, #7899, .T. ) ;
#10154 = CARTESIAN_POINT ( 'NONE',  ( -70.54999999999999716, -3.950000000000003730, 3.299999999999846612 ) ) ;
#10155 = DIRECTION ( 'NONE',  ( -1.000000000000000000, -1.000000000000000078E-15, -3.700000000000000011E-14 ) ) ;
#10156 = SURFACE_STYLE_FILL_AREA ( #9974 ) ;
#10157 = SURFACE_STYLE_FILL_AREA ( #8167 ) ;
#10158 = CYLINDRICAL_SURFACE ( 'NONE', #4674, 2.549767123345839881 ) ;
#10159 = DIRECTION ( 'NONE',  ( -3.700000000000000011E-14, 0.000000000000000000, 1.000000000000000000 ) ) ;
#10160 = FILL_AREA_STYLE_COLOUR ( '', #12010 ) ;
#10161 =( NAMED_UNIT ( * ) PLANE_ANGLE_UNIT ( ) SI_UNIT ( $, .RADIAN. ) );
#10162 = VERTEX_POINT ( 'NONE', #10684 ) ;
#10163 = SURFACE_STYLE_FILL_AREA ( #3245 ) ;
#10164 = AXIS2_PLACEMENT_3D ( 'NONE', #10480, #5697, #9564 ) ;
#10165 = ORIENTED_EDGE ( 'NONE', *, *, #12383, .F. ) ;
#10166 = ORIENTED_EDGE ( 'NONE', *, *, #5147, .T. ) ;
#10167 = EDGE_LOOP ( 'NONE', ( #9246, #4772, #4616, #9825 ) ) ;
#10168 = CARTESIAN_POINT ( 'NONE',  ( -61.40857864376269504, -10.44999999999999396, 3.574264068712112774 ) ) ;
#10169 = LINE ( 'NONE', #4241, #5008 ) ;
#10170 = SURFACE_STYLE_FILL_AREA ( #9059 ) ;
#10171 = DIRECTION ( 'NONE',  ( -3.695877884809559986E-14, 4.122115190439938491E-32, 1.000000000000000000 ) ) ;
#10172 = AXIS2_PLACEMENT_3D ( 'NONE', #9464, #1774, #8271 ) ;
#10173 = UNCERTAINTY_MEASURE_WITH_UNIT (LENGTH_MEASURE( 1.000000000000000082E-05 ), #3641, 'distance_accuracy_value', 'NONE');
#10174 = CARTESIAN_POINT ( 'NONE',  ( -71.24999999999998579, -2.450000000000004174, 2.699999999999832756 ) ) ;
#10175 = EDGE_CURVE ( 'NONE', #7086, #4677, #667, .T. ) ;
#10176 = DIRECTION ( 'NONE',  ( 3.700000000000000011E-14, -0.000000000000000000, -1.000000000000000000 ) ) ;
#10177 =( NAMED_UNIT ( * ) SI_UNIT ( $, .STERADIAN. ) SOLID_ANGLE_UNIT ( ) );
#10178 = EDGE_CURVE ( 'NONE', #8, #87, #9710, .T. ) ;
#10179 = DIRECTION ( 'NONE',  ( -3.700000000000000011E-14, 0.000000000000000000, 1.000000000000000000 ) ) ;
#10180 = SURFACE_STYLE_FILL_AREA ( #4429 ) ;
#10181 = SURFACE_STYLE_FILL_AREA ( #6339 ) ;
#10182 = ORIENTED_EDGE ( 'NONE', *, *, #852, .T. ) ;
#10183 = ORIENTED_EDGE ( 'NONE', *, *, #10883, .F. ) ;
#10184 = VERTEX_POINT ( 'NONE', #11857 ) ;
#10185 =( LENGTH_UNIT ( ) NAMED_UNIT ( * ) SI_UNIT ( .MILLI., .METRE. ) );
#10186 = AXIS2_PLACEMENT_3D ( 'NONE', #15, #5853, #3143 ) ;
#10187 = MECHANICAL_DESIGN_GEOMETRIC_PRESENTATION_REPRESENTATION (  '', ( #12389 ), #150 ) ;
#10188 = CARTESIAN_POINT ( 'NONE',  ( -61.25000000000001421, -1.449999999999994627, 3.650000000000190870 ) ) ;
#10189 = CARTESIAN_POINT ( 'NONE',  ( -61.89999999999999858, -3.650000151991834585, 3.300000000000166356 ) ) ;
#10190 = CARTESIAN_POINT ( 'NONE',  ( -69.61111111111110006, -10.45000000000000284, 3.299999999999881251 ) ) ;
#10191 = EDGE_CURVE ( 'NONE', #1549, #7806, #5121, .T. ) ;
#10192 = SURFACE_SIDE_STYLE ('',( #4198 ) ) ;
#10193 =( GEOMETRIC_REPRESENTATION_CONTEXT ( 3 ) GLOBAL_UNCERTAINTY_ASSIGNED_CONTEXT ( ( #3429 ) ) GLOBAL_UNIT_ASSIGNED_CONTEXT ( ( #2068, #7863, #4890 ) ) REPRESENTATION_CONTEXT ( 'NONE', 'WORKASPACE' ) );
#10194 = FACE_OUTER_BOUND ( 'NONE', #11571, .T. ) ;
#10195 = CARTESIAN_POINT ( 'NONE',  ( -66.56111111111225398, 1.100000000000000311, 4.049999999999994493 ) ) ;
#10196 = EDGE_LOOP ( 'NONE', ( #10153, #3872, #11054, #2876 ) ) ;
#10197 = DIRECTION ( 'NONE',  ( 1.000000000000000078E-15, -1.000000000000000000, 0.000000000000000000 ) ) ;
#10198 = DIRECTION ( 'NONE',  ( -1.000000000000000000, -1.000000000000000078E-15, -3.700000000000000011E-14 ) ) ;
#10199 = ADVANCED_FACE ( 'NONE', ( #1272 ), #6151, .T. ) ;
#10200 = EDGE_CURVE ( 'NONE', #3375, #9831, #2249, .T. ) ;
#10201 = CARTESIAN_POINT ( 'NONE',  ( -68.33431457505072615, -9.850000000000001421, 2.499999999999928502 ) ) ;
#10202 = EDGE_CURVE ( 'NONE', #957, #9605, #5184, .T. ) ;
#10203 =( GEOMETRIC_REPRESENTATION_CONTEXT ( 3 ) GLOBAL_UNCERTAINTY_ASSIGNED_CONTEXT ( ( #4698 ) ) GLOBAL_UNIT_ASSIGNED_CONTEXT ( ( #1031, #10748, #10689 ) ) REPRESENTATION_CONTEXT ( 'NONE', 'WORKASPACE' ) );
#10204 = CARTESIAN_POINT ( 'NONE',  ( -66.90694444444443434, -3.950000000000000178, 2.999999999999981348 ) ) ;
#10205 = SURFACE_STYLE_FILL_AREA ( #6367 ) ;
#10206 = LINE ( 'NONE', #1601, #5831 ) ;
#10207 = EDGE_CURVE ( 'NONE', #6932, #1245, #9064, .T. ) ;
#10208 = EDGE_LOOP ( 'NONE', ( #2634, #300, #602, #6208, #1100, #9968, #10347 ) ) ;
#10209 = AXIS2_PLACEMENT_3D ( 'NONE', #19, #4783, #5466 ) ;
#10210 = VERTEX_POINT ( 'NONE', #4247 ) ;
#10211 =( LENGTH_UNIT ( ) NAMED_UNIT ( * ) SI_UNIT ( .MILLI., .METRE. ) );
#10212 = AXIS2_PLACEMENT_3D ( 'NONE', #12384, #3703, #6497 ) ;
#10213 = SURFACE_STYLE_USAGE ( .BOTH. , #11144 ) ;
#10214 = FILL_AREA_STYLE_COLOUR ( '', #1219 ) ;
#10215 = CARTESIAN_POINT ( 'NONE',  ( -63.87222222222335688, -0.4499999258007966740, 4.050000000000093081 ) ) ;
#10216 = DIRECTION ( 'NONE',  ( -1.000000000000000078E-15, 1.000000000000000000, 0.000000000000000000 ) ) ;
#10217 = FACE_OUTER_BOUND ( 'NONE', #2503, .T. ) ;
#10218 = PRESENTATION_STYLE_ASSIGNMENT (( #12021 ) ) ;
#10219 = LINE ( 'NONE', #8298, #11266 ) ;
#10220 = FILL_AREA_STYLE ('',( #423 ) ) ;
#10221 = AXIS2_PLACEMENT_3D ( 'NONE', #5428, #6399, #1512 ) ;
#10222 = FILL_AREA_STYLE ('',( #7398 ) ) ;
#10223 = MECHANICAL_DESIGN_GEOMETRIC_PRESENTATION_REPRESENTATION (  '', ( #174 ), #6817 ) ;
#10224 = EDGE_LOOP ( 'NONE', ( #6457, #8360, #3619, #10130, #2828, #6915, #5800, #6032, #12256, #10424, #9739, #3109, #9697, #5834, #7536, #6406, #8172 ) ) ;
#10225 = SURFACE_SIDE_STYLE ('',( #7468 ) ) ;
#10226 = VECTOR ( 'NONE', #1332, 1000.000000000000000 ) ;
#10227 = CLOSED_SHELL ( 'NONE', ( #2971, #1722, #9944, #11264, #4031, #3341, #5331, #12123, #500, #8758, #5253, #5221, #5564, #7922, #12248, #11221, #7352, #10199, #6912, #1517, #5854, #1120, #2112, #3727, #12139, #4143, #9870, #9984, #928, #9759, #4738, #6614, #4461, #3857, #6984, #5384, #10057, #8384, #3484, #11878, #6976, #4383, #7440, #3170, #11271, #567, #1377, #2719, #6295, #9119, #353, #7930, #844, #4566, #7730, #4418, #6517, #10890, #9024, #4613, #5611, #1648, #3916, #3198, #3132, #9134, #2168, #5217, #206, #191, #11804, #11420, #11165, #2646, #1684, #10465, #2248, #5298, #6006, #801, #9073, #10901, #2363, #10257, #1139, #7598, #9603, #12361, #11498, #12145, #2830, #9081, #7572, #5173, #9618 ) ) ;
#10228 = ORIENTED_EDGE ( 'NONE', *, *, #7709, .F. ) ;
#10229 = ORIENTED_EDGE ( 'NONE', *, *, #5778, .F. ) ;
#10230 = LINE ( 'NONE', #5423, #10475 ) ;
#10231 = SURFACE_STYLE_USAGE ( .BOTH. , #6392 ) ;
#10232 = MECHANICAL_DESIGN_GEOMETRIC_PRESENTATION_REPRESENTATION (  '', ( #1606 ), #9041 ) ;
#10233 = EDGE_CURVE ( 'NONE', #10691, #5051, #8128, .T. ) ;
#10234 = VECTOR ( 'NONE', #7543, 1000.000000000000000 ) ;
#10235 = DIRECTION ( 'NONE',  ( -1.000000000000000078E-15, 1.000000000000000000, 0.000000000000000000 ) ) ;
#10236 = SURFACE_STYLE_USAGE ( .BOTH. , #6396 ) ;
#10237 = VECTOR ( 'NONE', #11859, 1000.000000000000000 ) ;
#10238 = DIRECTION ( 'NONE',  ( -1.000000000000000078E-15, 1.000000000000000000, 0.000000000000000000 ) ) ;
#10239 = UNCERTAINTY_MEASURE_WITH_UNIT (LENGTH_MEASURE( 1.000000000000000082E-05 ), #8124, 'distance_accuracy_value', 'NONE');
#10240 =( LENGTH_UNIT ( ) NAMED_UNIT ( * ) SI_UNIT ( .MILLI., .METRE. ) );
#10241 =( LENGTH_UNIT ( ) NAMED_UNIT ( * ) SI_UNIT ( .MILLI., .METRE. ) );
#10242 = LINE ( 'NONE', #10306, #9524 ) ;
#10243 = AXIS2_PLACEMENT_3D ( 'NONE', #2419, #2543, #546 ) ;
#10244 = VECTOR ( 'NONE', #8508, 1000.000000000000000 ) ;
#10245 = EDGE_CURVE ( 'NONE', #11899, #1657, #7233, .T. ) ;
#10246 = EDGE_LOOP ( 'NONE', ( #9196, #11154, #6021, #8945 ) ) ;
#10247 = VERTEX_POINT ( 'NONE', #10980 ) ;
#10248 = LINE ( 'NONE', #5440, #2436 ) ;
#10249 = PLANE ( 'NONE',  #12127 ) ;
#10250 = EDGE_CURVE ( 'NONE', #87, #5875, #305, .T. ) ;
#10251 = ORIENTED_EDGE ( 'NONE', *, *, #6942, .F. ) ;
#10252 = CARTESIAN_POINT ( 'NONE',  ( -62.15000000000005542, -2.449999999999995737, 4.800000000000157030 ) ) ;
#10253 = CARTESIAN_POINT ( 'NONE',  ( -65.83888888889002544, 1.100000000000000311, 4.100000000000020961 ) ) ;
#10254 = VECTOR ( 'NONE', #2224, 1000.000000000000000 ) ;
#10255 = SURFACE_STYLE_USAGE ( .BOTH. , #6415 ) ;
#10256 = LINE ( 'NONE', #7430, #9409 ) ;
#10257 = ADVANCED_FACE ( 'NONE', ( #6083 ), #2179, .T. ) ;
#10258 = AXIS2_PLACEMENT_3D ( 'NONE', #1168, #10903, #8842 ) ;
#10259 = DIRECTION ( 'NONE',  ( -1.000000000000000000, -1.000000000000000078E-15, -3.700000000000000011E-14 ) ) ;
#10260 = COLOUR_RGB ( '',0.05882352941176470507, 0.3921568627450980338, 0.7019607843137254388 ) ;
#10261 = FILL_AREA_STYLE_COLOUR ( '', #7286 ) ;
#10262 = DIRECTION ( 'NONE',  ( -1.000000000000000078E-15, 1.000000000000000000, 0.000000000000000000 ) ) ;
#10263 = CARTESIAN_POINT ( 'NONE',  ( -68.27777777777777146, -3.950000000000001066, 3.149999999999930633 ) ) ;
#10264 = EDGE_LOOP ( 'NONE', ( #809, #5254, #8422, #7784 ) ) ;
#10265 = CARTESIAN_POINT ( 'NONE',  ( -66.40000000000000568, -10.44999999999999929, 3.550000000000000711 ) ) ;
#10266 = SURFACE_SIDE_STYLE ('',( #11133 ) ) ;
#10267 = CARTESIAN_POINT ( 'NONE',  ( -62.55000000000004690, -9.499999999999994671, 4.800000000000142819 ) ) ;
#10268 = CARTESIAN_POINT ( 'NONE',  ( -71.24999999999997158, -2.450000000000004174, 2.299999999999820410 ) ) ;
#10269 = STYLED_ITEM ( 'NONE', ( #1910 ), #4345 ) ;
#10270 =( NAMED_UNIT ( * ) PLANE_ANGLE_UNIT ( ) SI_UNIT ( $, .RADIAN. ) );
#10271 = DIRECTION ( 'NONE',  ( 3.700000000000000011E-14, -0.000000000000000000, -1.000000000000000000 ) ) ;
#10272 = STYLED_ITEM ( 'NONE', ( #10112 ), #3170 ) ;
#10273 = MECHANICAL_DESIGN_GEOMETRIC_PRESENTATION_REPRESENTATION (  '', ( #4425 ), #9288 ) ;
#10274 = ADVANCED_FACE ( 'NONE', ( #3610 ), #8433, .T. ) ;
#10275 = ORIENTED_EDGE ( 'NONE', *, *, #11414, .T. ) ;
#10276 = ORIENTED_EDGE ( 'NONE', *, *, #4806, .T. ) ;
#10277 =( NAMED_UNIT ( * ) SI_UNIT ( $, .STERADIAN. ) SOLID_ANGLE_UNIT ( ) );
#10278 = VECTOR ( 'NONE', #4026, 1000.000000000000000 ) ;
#10279 = STYLED_ITEM ( 'NONE', ( #1938 ), #3341 ) ;
#10280 = VECTOR ( 'NONE', #9279, 1000.000000000000000 ) ;
#10281 = CARTESIAN_POINT ( 'NONE',  ( -66.01201378195158043, -5.807670578265018868, 2.300000000000014921 ) ) ;
#10282 = COLOUR_RGB ( '',0.6274509803921568540, 0.6274509803921568540, 0.6274509803921568540 ) ;
#10283 = CARTESIAN_POINT ( 'NONE',  ( -61.40857864376270214, -2.449999999999993960, 3.574264068712112774 ) ) ;
#10284 = CARTESIAN_POINT ( 'NONE',  ( -64.44722222222219443, -10.44999999999999751, 3.000000000000072387 ) ) ;
#10285 = EDGE_CURVE ( 'NONE', #8237, #5875, #4546, .T. ) ;
#10286 = FACE_OUTER_BOUND ( 'NONE', #9560, .T. ) ;
#10287 = PRESENTATION_STYLE_ASSIGNMENT (( #7662 ) ) ;
#10288 = CARTESIAN_POINT ( 'NONE',  ( -61.90000000000003411, -0.4499998509883939013, 4.050000000000165912 ) ) ;
#10289 = EDGE_LOOP ( 'NONE', ( #7106, #6492, #1099, #5014, #7944, #3280, #4493, #4278, #8281, #3229, #4553, #5138, #3141, #10512, #7037, #6251, #3419, #7870, #2031, #1912, #1161, #887, #1492, #7155, #6860, #3304, #11626, #4975, #5653, #4952, #6808, #6891, #5578, #4421, #7923, #5934, #653, #10408, #5635, #2839, #7144, #9077, #10634, #3468, #5143, #9851, #4236, #8253, #8997, #4571, #4905, #3353, #8673, #10856, #8852, #11232, #2779, #9931, #7034, #3184, #11379, #46, #10777, #9227, #427, #5292, #7003, #408, #6274, #9013, #11911, #11113, #8488, #4187, #7872, #6752, #5994 ) ) ;
#10290 =( NAMED_UNIT ( * ) SI_UNIT ( $, .STERADIAN. ) SOLID_ANGLE_UNIT ( ) );
#10291 = VERTEX_POINT ( 'NONE', #11292 ) ;
#10292 = MECHANICAL_DESIGN_GEOMETRIC_PRESENTATION_REPRESENTATION (  '', ( #3848 ), #10685 ) ;
#10293 = ORIENTED_EDGE ( 'NONE', *, *, #1568, .F. ) ;
#10294 = ORIENTED_EDGE ( 'NONE', *, *, #7665, .F. ) ;
#10295 = DIRECTION ( 'NONE',  ( -1.000000000000000078E-15, 1.000000000000000000, 0.000000000000000000 ) ) ;
#10296 = CARTESIAN_POINT ( 'NONE',  ( -66.56330944475864442, -8.869441321329929906, 2.309999999999994280 ) ) ;
#10297 = UNCERTAINTY_MEASURE_WITH_UNIT (LENGTH_MEASURE( 1.000000000000000082E-05 ), #8227, 'distance_accuracy_value', 'NONE');
#10298 = DIRECTION ( 'NONE',  ( -0.7071067811865269226, 0.000000000000000000, -0.7071067811865681119 ) ) ;
#10299 = DIRECTION ( 'NONE',  ( -3.700000000000000011E-14, 0.000000000000000000, 1.000000000000000000 ) ) ;
#10300 = DIRECTION ( 'NONE',  ( -3.700000000000000011E-14, 0.000000000000000000, 1.000000000000000000 ) ) ;
#10301 = DIRECTION ( 'NONE',  ( -1.000000000000000000, -1.000000000000000078E-15, -3.700000000000000011E-14 ) ) ;
#10302 = VECTOR ( 'NONE', #8570, 1000.000000000000000 ) ;
#10303 = EDGE_CURVE ( 'NONE', #5969, #12085, #624, .T. ) ;
#10304 = SURFACE_STYLE_USAGE ( .BOTH. , #2560 ) ;
#10305 = VERTEX_POINT ( 'NONE', #7542 ) ;
#10306 = CARTESIAN_POINT ( 'NONE',  ( -66.79444444444443718, -10.44999999999999929, 3.299999999999985612 ) ) ;
#10307 = VERTEX_POINT ( 'NONE', #12107 ) ;
#10308 = ORIENTED_EDGE ( 'NONE', *, *, #6839, .T. ) ;
#10309 = CARTESIAN_POINT ( 'NONE',  ( -70.25000000000004263, -9.500000000000003553, 4.799999999999858602 ) ) ;
#10310 = STYLED_ITEM ( 'NONE', ( #5700 ), #10392 ) ;
#10311 =( LENGTH_UNIT ( ) NAMED_UNIT ( * ) SI_UNIT ( .MILLI., .METRE. ) );
#10312 = DIRECTION ( 'NONE',  ( 1.000000000000000078E-15, -1.000000000000000000, 0.000000000000000000 ) ) ;
#10313 = EDGE_CURVE ( 'NONE', #547, #11609, #11167, .T. ) ;
#10314 = LINE ( 'NONE', #5506, #6038 ) ;
#10315 = DIRECTION ( 'NONE',  ( -1.000000000000000000, -1.000000000000000078E-15, -3.701809683000205097E-14 ) ) ;
#10316 = LINE ( 'NONE', #5509, #10606 ) ;
#10317 = EDGE_CURVE ( 'NONE', #2562, #1740, #2691, .T. ) ;
#10318 =( LENGTH_UNIT ( ) NAMED_UNIT ( * ) SI_UNIT ( .MILLI., .METRE. ) );
#10319 = PLANE ( 'NONE',  #8359 ) ;
#10320 = EDGE_LOOP ( 'NONE', ( #2765, #7580, #10922, #299 ) ) ;
#10321 = SURFACE_STYLE_FILL_AREA ( #713 ) ;
#10322 = CARTESIAN_POINT ( 'NONE',  ( -70.59999999999996589, -2.450000000000002398, 2.499999999999845013 ) ) ;
#10323 = SURFACE_STYLE_FILL_AREA ( #11190 ) ;
#10324 = DIRECTION ( 'NONE',  ( 3.700000000000000011E-14, -0.000000000000000000, -1.000000000000000000 ) ) ;
#10325 = EDGE_CURVE ( 'NONE', #9070, #221, #8499, .T. ) ;
#10326 = DIRECTION ( 'NONE',  ( -3.700000000000000011E-14, 0.000000000000000000, 1.000000000000000000 ) ) ;
#10327 = DIRECTION ( 'NONE',  ( -1.000000000000000078E-15, 1.000000000000000000, 0.000000000000000000 ) ) ;
#10328 = CARTESIAN_POINT ( 'NONE',  ( -70.94215728752539007, -2.450000000000004174, 3.549999999999843947 ) ) ;
#10329 = SURFACE_SIDE_STYLE ('',( #3517 ) ) ;
#10330 = DIRECTION ( 'NONE',  ( -3.421580731527764731E-14, 2.726414786390735703E-30, 1.000000000000000000 ) ) ;
#10331 = DIRECTION ( 'NONE',  ( -3.700000000000000011E-14, 0.000000000000000000, 1.000000000000000000 ) ) ;
#10332 = VERTEX_POINT ( 'NONE', #6593 ) ;
#10333 = EDGE_LOOP ( 'NONE', ( #11667, #1783, #6872, #4125, #3480, #4186, #5879, #1507, #9178, #2408, #1686, #2816, #1536, #4437, #11671, #3999, #1704, #5290, #11529, #9716 ) ) ;
#10334 = UNCERTAINTY_MEASURE_WITH_UNIT (LENGTH_MEASURE( 1.000000000000000082E-05 ), #9924, 'distance_accuracy_value', 'NONE');
#10335 = FILL_AREA_STYLE_COLOUR ( '', #10821 ) ;
#10336 = PRESENTATION_LAYER_ASSIGNMENT (  '', '', ( #7748 ) ) ;
#10337 =( LENGTH_UNIT ( ) NAMED_UNIT ( * ) SI_UNIT ( .MILLI., .METRE. ) );
#10338 = DIRECTION ( 'NONE',  ( -3.700000000000000011E-14, 0.000000000000000000, 1.000000000000000000 ) ) ;
#10339 = DIRECTION ( 'NONE',  ( -1.000000000000000000, -9.999999999999923863E-16, -3.700000000000000011E-14 ) ) ;
#10340 = SURFACE_STYLE_USAGE ( .BOTH. , #674 ) ;
#10341 = LINE ( 'NONE', #5418, #638 ) ;
#10342 = ORIENTED_EDGE ( 'NONE', *, *, #96, .T. ) ;
#10343 = CARTESIAN_POINT ( 'NONE',  ( -70.54999999999999716, -3.950000000000003730, 3.299999999999846612 ) ) ;
#10344 = ADVANCED_FACE ( 'NONE', ( #9379 ), #8371, .T. ) ;
#10345 = ORIENTED_EDGE ( 'NONE', *, *, #5553, .T. ) ;
#10346 = ORIENTED_EDGE ( 'NONE', *, *, #2906, .F. ) ;
#10347 = ORIENTED_EDGE ( 'NONE', *, *, #9693, .F. ) ;
#10348 = CARTESIAN_POINT ( 'NONE',  ( -70.89999989941718184, -10.45000000000000462, 4.299999999999833733 ) ) ;
#10349 =( LENGTH_UNIT ( ) NAMED_UNIT ( * ) SI_UNIT ( .MILLI., .METRE. ) );
#10350 = MECHANICAL_DESIGN_GEOMETRIC_PRESENTATION_REPRESENTATION (  '', ( #6546 ), #2520 ) ;
#10351 = LINE ( 'NONE', #814, #747 ) ;
#10352 = FILL_AREA_STYLE_COLOUR ( '', #3051 ) ;
#10353 = EDGE_CURVE ( 'NONE', #977, #12, #2107, .T. ) ;
#10354 = CARTESIAN_POINT ( 'NONE',  ( -67.41388888888887720, -10.45000000000000107, 2.999999999999962697 ) ) ;
#10355 =( GEOMETRIC_REPRESENTATION_CONTEXT ( 3 ) GLOBAL_UNCERTAINTY_ASSIGNED_CONTEXT ( ( #1629 ) ) GLOBAL_UNIT_ASSIGNED_CONTEXT ( ( #7862, #5354, #5243 ) ) REPRESENTATION_CONTEXT ( 'NONE', 'WORKASPACE' ) );
#10356 = EDGE_CURVE ( 'NONE', #615, #3108, #5827, .T. ) ;
#10357 = CYLINDRICAL_SURFACE ( 'NONE', #9453, 0.8260883600805463134 ) ;
#10358 = ORIENTED_EDGE ( 'NONE', *, *, #1503, .T. ) ;
#10359 = SURFACE_STYLE_FILL_AREA ( #3553 ) ;
#10360 = EDGE_CURVE ( 'NONE', #1580, #7336, #1879, .T. ) ;
#10361 = STYLED_ITEM ( 'NONE', ( #6660 ), #5824 ) ;
#10362 = EDGE_LOOP ( 'NONE', ( #1014, #5965, #7906, #3923 ) ) ;
#10363 = ORIENTED_EDGE ( 'NONE', *, *, #12232, .F. ) ;
#10364 = PRESENTATION_LAYER_ASSIGNMENT (  '', '', ( #2943 ) ) ;
#10365 = LINE ( 'NONE', #6739, #4221 ) ;
#10366 = FACE_OUTER_BOUND ( 'NONE', #11559, .T. ) ;
#10367 = CARTESIAN_POINT ( 'NONE',  ( -66.49999999999995737, -2.153988701156668295, 2.299999999999996270 ) ) ;
#10368 = AXIS2_PLACEMENT_3D ( 'NONE', #1858, #11467, #3787 ) ;
#10369 = SURFACE_STYLE_USAGE ( .BOTH. , #6543 ) ;
#10370 = CARTESIAN_POINT ( 'NONE',  ( -64.91666666666665719, -10.44999999999999751, 3.300000000000054889 ) ) ;
#10371 = CARTESIAN_POINT ( 'NONE',  ( -66.49999999999995737, -2.153988701156668295, 2.299999999999996270 ) ) ;
#10372 = DIRECTION ( 'NONE',  ( -3.700000000000000011E-14, 1.085805705615509827E-16, 1.000000000000000000 ) ) ;
#10373 = CARTESIAN_POINT ( 'NONE',  ( -61.35000000000001563, 1.550000000000006262, 3.715685424949425997 ) ) ;
#10374 = AXIS2_PLACEMENT_3D ( 'NONE', #10896, #5145, #1230 ) ;
#10375 = ORIENTED_EDGE ( 'NONE', *, *, #3472, .F. ) ;
#10376 = ORIENTED_EDGE ( 'NONE', *, *, #472, .T. ) ;
#10377 = LINE ( 'NONE', #6692, #11336 ) ;
#10378 = EDGE_LOOP ( 'NONE', ( #663, #3598, #2889, #5596 ) ) ;
#10379 = SURFACE_STYLE_USAGE ( .BOTH. , #2785 ) ;
#10380 = PRESENTATION_STYLE_ASSIGNMENT (( #8526 ) ) ;
#10381 = SURFACE_SIDE_STYLE ('',( #3642 ) ) ;
#10382 = CARTESIAN_POINT ( 'NONE',  ( -68.35277777777777430, -10.45000000000000107, 3.299999999999927880 ) ) ;
#10383 = MECHANICAL_DESIGN_GEOMETRIC_PRESENTATION_REPRESENTATION (  '', ( #8403 ), #4947 ) ;
#10384 = VECTOR ( 'NONE', #11124, 1000.000000000000000 ) ;
#10385 = CARTESIAN_POINT ( 'NONE',  ( -70.45000000000004547, -9.975000000000003197, 4.599999999999850431 ) ) ;
#10386 = CARTESIAN_POINT ( 'NONE',  ( -61.54999999999996874, -2.449999999999993960, 2.500000000000179856 ) ) ;
#10387 = FILL_AREA_STYLE_COLOUR ( '', #2232 ) ;
#10388 = ORIENTED_EDGE ( 'NONE', *, *, #4257, .F. ) ;
#10389 = EDGE_LOOP ( 'NONE', ( #7145, #6391, #5260, #11101 ) ) ;
#10391 = EDGE_CURVE ( 'NONE', #2048, #6650, #6913, .T. ) ;
#10390 = CARTESIAN_POINT ( 'NONE',  ( -62.24999999999999289, -10.44999999999999574, 3.300000000000153477 ) ) ;
#10392 = ADVANCED_FACE ( 'NONE', ( #4984 ), #3867, .T. ) ;
#10393 = CARTESIAN_POINT ( 'NONE',  ( -69.45000000000115392, -0.4500000000000025091, 4.249999999999887201 ) ) ;
#10394 = FACE_OUTER_BOUND ( 'NONE', #9401, .T. ) ;
#10395 = AXIS2_PLACEMENT_3D ( 'NONE', #251, #4064, #2838 ) ;
#10396 = CARTESIAN_POINT ( 'NONE',  ( -61.26715728752537871, -2.449999999999993960, 3.432842712474807989 ) ) ;
#10397 =( NAMED_UNIT ( * ) SI_UNIT ( $, .STERADIAN. ) SOLID_ANGLE_UNIT ( ) );
#10398 = CARTESIAN_POINT ( 'NONE',  ( -70.65000000000004832, -2.450000000000002398, 4.599999999999843325 ) ) ;
#10399 = FACE_OUTER_BOUND ( 'NONE', #5439, .T. ) ;
#10400 = CARTESIAN_POINT ( 'NONE',  ( -63.87589120702013901, -8.627649221922066403, 2.300000000000093525 ) ) ;
#10401 = DIRECTION ( 'NONE',  ( -1.000000000000000000, -1.000000000000000078E-15, -3.700000000000000011E-14 ) ) ;
#10402 = VERTEX_POINT ( 'NONE', #11492 ) ;
#10403 = CARTESIAN_POINT ( 'NONE',  ( -66.38999999999994373, -10.44999999999999929, 2.300000000000000711 ) ) ;
#10404 = LINE ( 'NONE', #10343, #164 ) ;
#10405 = VECTOR ( 'NONE', #7840, 1000.000000000000000 ) ;
#10406 = ORIENTED_EDGE ( 'NONE', *, *, #425, .T. ) ;
#10407 = ORIENTED_EDGE ( 'NONE', *, *, #9734, .F. ) ;
#10408 = ORIENTED_EDGE ( 'NONE', *, *, #10233, .F. ) ;
#10409 = ADVANCED_FACE ( 'NONE', ( #10673 ), #1932, .T. ) ;
#10410 = CARTESIAN_POINT ( 'NONE',  ( -68.20555555555669969, 4.050000074505798686, 4.049999999999934097 ) ) ;
#10411 = UNCERTAINTY_MEASURE_WITH_UNIT (LENGTH_MEASURE( 1.000000000000000082E-05 ), #335, 'distance_accuracy_value', 'NONE');
#10412 = DIRECTION ( 'NONE',  ( -1.000000000000000078E-15, 1.000000000000000000, 0.000000000000000000 ) ) ;
#10413 = CIRCLE ( 'NONE', #10209, 0.1000000000000028644 ) ;
#10414 = AXIS2_PLACEMENT_3D ( 'NONE', #8939, #6015, #11735 ) ;
#10415 = CARTESIAN_POINT ( 'NONE',  ( -69.45000000000115392, -0.4500000000000025091, 4.249999999999887201 ) ) ;
#10416 =( NAMED_UNIT ( * ) PLANE_ANGLE_UNIT ( ) SI_UNIT ( $, .RADIAN. ) );
#10417 = FILL_AREA_STYLE_COLOUR ( '', #11099 ) ;
#10418 = MECHANICAL_DESIGN_GEOMETRIC_PRESENTATION_REPRESENTATION (  '', ( #3773 ), #5576 ) ;
#10419 = PRESENTATION_STYLE_ASSIGNMENT (( #1752 ) ) ;
#10420 = ORIENTED_EDGE ( 'NONE', *, *, #6046, .T. ) ;
#10421 = CIRCLE ( 'NONE', #5801, 0.09999999999999939493 ) ;
#10422 = EDGE_CURVE ( 'NONE', #2727, #8688, #11722, .T. ) ;
#10423 = ORIENTED_EDGE ( 'NONE', *, *, #3017, .T. ) ;
#10424 = ORIENTED_EDGE ( 'NONE', *, *, #12188, .T. ) ;
#10425 = ADVANCED_FACE ( 'NONE', ( #1378 ), #9045, .T. ) ;
#10426 = VECTOR ( 'NONE', #5119, 1000.000000000000000 ) ;
#10427 = DIRECTION ( 'NONE',  ( -1.462592926927147979E-15, 1.000000000000000000, -1.709686968299370976E-29 ) ) ;
#10428 = FACE_OUTER_BOUND ( 'NONE', #12410, .T. ) ;
#10429 = MECHANICAL_DESIGN_GEOMETRIC_PRESENTATION_REPRESENTATION (  '', ( #1217 ), #8446 ) ;
#10430 = CARTESIAN_POINT ( 'NONE',  ( -62.28284271247458292, -2.449999999999995737, 2.417157287525532716 ) ) ;
#10431 = PRESENTATION_STYLE_ASSIGNMENT (( #10787 ) ) ;
#10432 = SURFACE_STYLE_FILL_AREA ( #7626 ) ;
#10433 = MECHANICAL_DESIGN_GEOMETRIC_PRESENTATION_REPRESENTATION (  '', ( #7237 ), #9854 ) ;
#10434 = DIRECTION ( 'NONE',  ( 1.005828005449935025E-07, 1.005828005449935135E-22, 0.9999999999999950040 ) ) ;
#10435 = DIRECTION ( 'NONE',  ( -0.7071067811865269226, 0.000000000000000000, -0.7071067811865681119 ) ) ;
#10436 = EDGE_LOOP ( 'NONE', ( #8978, #7743, #5367, #8742 ) ) ;
#10437 = ORIENTED_EDGE ( 'NONE', *, *, #7205, .F. ) ;
#10438 =( LENGTH_UNIT ( ) NAMED_UNIT ( * ) SI_UNIT ( .MILLI., .METRE. ) );
#10439 = AXIS2_PLACEMENT_3D ( 'NONE', #11633, #11579, #2025 ) ;
#10440 = ORIENTED_EDGE ( 'NONE', *, *, #1340, .T. ) ;
#10441 = DIRECTION ( 'NONE',  ( -1.000000000000000078E-15, 1.000000000000000000, 0.000000000000000000 ) ) ;
#10442 = VECTOR ( 'NONE', #9760, 1000.000000000000000 ) ;
#10443 = CARTESIAN_POINT ( 'NONE',  ( -70.23055555555554008, -10.45000000000000284, 2.999999999999858780 ) ) ;
#10444 = DIRECTION ( 'NONE',  ( -1.000000000000000000, -1.000000000000000078E-15, -3.700000000000000011E-14 ) ) ;
#10445 = LINE ( 'NONE', #9406, #7016 ) ;
#10446 =( NAMED_UNIT ( * ) PLANE_ANGLE_UNIT ( ) SI_UNIT ( $, .RADIAN. ) );
#10447 = AXIS2_PLACEMENT_3D ( 'NONE', #2390, #11935, #6236 ) ;
#10448 = DIRECTION ( 'NONE',  ( -1.000000000000000078E-15, 1.000000000000000000, -3.700000000000000308E-29 ) ) ;
#10449 = DIRECTION ( 'NONE',  ( -1.000000000000000000, -1.084202172485510942E-15, -3.361026734705083940E-14 ) ) ;
#10450 =( GEOMETRIC_REPRESENTATION_CONTEXT ( 3 ) GLOBAL_UNCERTAINTY_ASSIGNED_CONTEXT ( ( #1006 ) ) GLOBAL_UNIT_ASSIGNED_CONTEXT ( ( #2518, #7251, #3329 ) ) REPRESENTATION_CONTEXT ( 'NONE', 'WORKASPACE' ) );
#10451 = PRESENTATION_STYLE_ASSIGNMENT (( #22 ) ) ;
#10452 = ORIENTED_EDGE ( 'NONE', *, *, #10245, .T. ) ;
#10453 = VERTEX_POINT ( 'NONE', #7915 ) ;
#10454 = UNCERTAINTY_MEASURE_WITH_UNIT (LENGTH_MEASURE( 1.000000000000000082E-05 ), #2754, 'distance_accuracy_value', 'NONE');
#10455 = DIRECTION ( 'NONE',  ( -3.700000000000000011E-14, 0.000000000000000000, 1.000000000000000000 ) ) ;
#10456 =( NAMED_UNIT ( * ) SI_UNIT ( $, .STERADIAN. ) SOLID_ANGLE_UNIT ( ) );
#10457 =( NAMED_UNIT ( * ) SI_UNIT ( $, .STERADIAN. ) SOLID_ANGLE_UNIT ( ) );
#10458 = FILL_AREA_STYLE ('',( #1916 ) ) ;
#10459 =( NAMED_UNIT ( * ) SI_UNIT ( $, .STERADIAN. ) SOLID_ANGLE_UNIT ( ) );
#10460 = FILL_AREA_STYLE ('',( #263 ) ) ;
#10461 = LINE ( 'NONE', #1861, #8502 ) ;
#10462 = DIRECTION ( 'NONE',  ( -1.000000000000000000, -1.000000000000000078E-15, -3.700000000000000011E-14 ) ) ;
#10463 = VECTOR ( 'NONE', #6484, 1000.000000000000000 ) ;
#10465 = ADVANCED_FACE ( 'NONE', ( #3117 ), #10784, .T. ) ;
#10464 = CARTESIAN_POINT ( 'NONE',  ( -63.97777777777777430, -10.44999999999999751, 3.300000000000089972 ) ) ;
#10466 = VERTEX_POINT ( 'NONE', #6001 ) ;
#10467 =( LENGTH_UNIT ( ) NAMED_UNIT ( * ) SI_UNIT ( .MILLI., .METRE. ) );
#10468 = SURFACE_STYLE_USAGE ( .BOTH. , #6647 ) ;
#10469 = EDGE_CURVE ( 'NONE', #11217, #4976, #11840, .T. ) ;
#10470 = VERTEX_POINT ( 'NONE', #2352 ) ;
#10471 = PRESENTATION_LAYER_ASSIGNMENT (  '', '', ( #10676 ) ) ;
#10472 = ORIENTED_EDGE ( 'NONE', *, *, #9235, .F. ) ;
#10473 = VERTEX_POINT ( 'NONE', #488 ) ;
#10474 = SURFACE_STYLE_USAGE ( .BOTH. , #4679 ) ;
#10475 = VECTOR ( 'NONE', #12160, 1000.000000000000000 ) ;
#10476 = DIRECTION ( 'NONE',  ( 1.000000000000000078E-15, -1.000000000000000000, 0.000000000000000000 ) ) ;
#10477 = MECHANICAL_DESIGN_GEOMETRIC_PRESENTATION_REPRESENTATION (  '', ( #8892 ), #51 ) ;
#10478 = PRESENTATION_LAYER_ASSIGNMENT (  '', '', ( #8292 ) ) ;
#10479 = VECTOR ( 'NONE', #1664, 1000.000000000000000 ) ;
#10480 = CARTESIAN_POINT ( 'NONE',  ( -62.56568542494920848, -10.44999999999999574, 2.700000000000142286 ) ) ;
#10481 =( GEOMETRIC_REPRESENTATION_CONTEXT ( 3 ) GLOBAL_UNCERTAINTY_ASSIGNED_CONTEXT ( ( #12300 ) ) GLOBAL_UNIT_ASSIGNED_CONTEXT ( ( #8394, #3572, #10729 ) ) REPRESENTATION_CONTEXT ( 'NONE', 'WORKASPACE' ) );
#10482 = COLOUR_RGB ( '',0.007843137254901960675, 0.007843137254901960675, 0.007843137254901960675 ) ;
#10483 = FILL_AREA_STYLE ('',( #4544 ) ) ;
#10484 = CARTESIAN_POINT ( 'NONE',  ( -70.54999999999999716, -3.950000000000003730, 3.299999999999846612 ) ) ;
#10485 =( NAMED_UNIT ( * ) PLANE_ANGLE_UNIT ( ) SI_UNIT ( $, .RADIAN. ) );
#10486 = ORIENTED_EDGE ( 'NONE', *, *, #7362, .F. ) ;
#10487 =( GEOMETRIC_REPRESENTATION_CONTEXT ( 3 ) GLOBAL_UNCERTAINTY_ASSIGNED_CONTEXT ( ( #2020 ) ) GLOBAL_UNIT_ASSIGNED_CONTEXT ( ( #11341, #6384, #5811 ) ) REPRESENTATION_CONTEXT ( 'NONE', 'WORKASPACE' ) );
#10488 = CIRCLE ( 'NONE', #9473, 0.3775056129180818232 ) ;
#10489 = PRESENTATION_LAYER_ASSIGNMENT (  '', '', ( #7486 ) ) ;
#10490 = ORIENTED_EDGE ( 'NONE', *, *, #7225, .T. ) ;
#10491 = ORIENTED_EDGE ( 'NONE', *, *, #4714, .T. ) ;
#10492 = CARTESIAN_POINT ( 'NONE',  ( -68.20277777777776862, -10.45000000000000107, 3.299999999999933653 ) ) ;
#10493 =( NAMED_UNIT ( * ) PLANE_ANGLE_UNIT ( ) SI_UNIT ( $, .RADIAN. ) );
#10494 = CARTESIAN_POINT ( 'NONE',  ( -69.76111111111109153, -10.45000000000000284, 2.999999999999876099 ) ) ;
#10495 = DIRECTION ( 'NONE',  ( -1.000000000000000000, -1.000000000000000078E-15, -3.700000000000000011E-14 ) ) ;
#10496 = COLOUR_RGB ( '',0.9529411764705881804, 0.7960784313725489669, 0.4862745098039215619 ) ;
#10497 = EDGE_CURVE ( 'NONE', #493, #10663, #4289, .T. ) ;
#10498 = SURFACE_STYLE_FILL_AREA ( #2702 ) ;
#10499 = UNCERTAINTY_MEASURE_WITH_UNIT (LENGTH_MEASURE( 1.000000000000000082E-05 ), #8159, 'distance_accuracy_value', 'NONE');
#10500 = LINE ( 'NONE', #2571, #5634 ) ;
#10501 = CARTESIAN_POINT ( 'NONE',  ( -61.55000000000001137, -2.449999999999993960, 3.715685424949418891 ) ) ;
#10502 = CYLINDRICAL_SURFACE ( 'NONE', #10888, 0.1999999999999987899 ) ;
#10503 = EDGE_CURVE ( 'NONE', #6631, #1286, #3351, .T. ) ;
#10504 = PLANE ( 'NONE',  #4767 ) ;
#10505 = VECTOR ( 'NONE', #11366, 1000.000000000000000 ) ;
#10506 = AXIS2_PLACEMENT_3D ( 'NONE', #3428, #10862, #5301 ) ;
#10507 = VERTEX_POINT ( 'NONE', #3667 ) ;
#10508 = ORIENTED_EDGE ( 'NONE', *, *, #6030, .F. ) ;
#10509 = ORIENTED_EDGE ( 'NONE', *, *, #5794, .T. ) ;
#10510 = FILL_AREA_STYLE_COLOUR ( '', #6664 ) ;
#10511 = DIRECTION ( 'NONE',  ( -1.000000000000000000, -1.000000000000000078E-15, -3.700000000000000011E-14 ) ) ;
#10512 = ORIENTED_EDGE ( 'NONE', *, *, #7899, .F. ) ;
#10513 = DIRECTION ( 'NONE',  ( -0.7071067811865732189, -7.071067811865470403E-16, 0.7071067811865218156 ) ) ;
#10514 = CARTESIAN_POINT ( 'NONE',  ( -66.40999999999998238, -2.449999999999998845, 2.924999999999999822 ) ) ;
#10515 = ADVANCED_FACE ( 'NONE', ( #10399 ), #10158, .F. ) ;
#10516 = SURFACE_SIDE_STYLE ('',( #3771 ) ) ;
#10517 = DIRECTION ( 'NONE',  ( 3.700000000000000011E-14, 3.700000000000000308E-29, -1.000000000000000000 ) ) ;
#10518 = ADVANCED_FACE ( 'NONE', ( #8484 ), #6515, .F. ) ;
#10519 = DIRECTION ( 'NONE',  ( -1.000000000000000000, -1.000000000000000078E-15, -3.700000000000000011E-14 ) ) ;
#10520 = PLANE ( 'NONE',  #6456 ) ;
#10521 = ORIENTED_EDGE ( 'NONE', *, *, #1982, .F. ) ;
#10522 = ORIENTED_EDGE ( 'NONE', *, *, #2422, .T. ) ;
#10523 = SURFACE_SIDE_STYLE ('',( #9545 ) ) ;
#10524 = CARTESIAN_POINT ( 'NONE',  ( -64.56568542494919427, -9.849999999999997868, 2.300000000000068212 ) ) ;
#10525 = SURFACE_STYLE_USAGE ( .BOTH. , #9547 ) ;
#10526 =( GEOMETRIC_REPRESENTATION_CONTEXT ( 3 ) GLOBAL_UNCERTAINTY_ASSIGNED_CONTEXT ( ( #2621 ) ) GLOBAL_UNIT_ASSIGNED_CONTEXT ( ( #4056, #6862, #8937 ) ) REPRESENTATION_CONTEXT ( 'NONE', 'WORKASPACE' ) );
#10527 = DIRECTION ( 'NONE',  ( 9.999999999999923863E-16, -1.000000000000000000, 6.360191048344121816E-30 ) ) ;
#10528 = DIRECTION ( 'NONE',  ( 1.000000000000000000, 0.000000000000000000, 3.469446951953515108E-14 ) ) ;
#10529 = DIRECTION ( 'NONE',  ( -1.000000000000000472E-15, 1.000000000000000000, -3.709860761315264637E-29 ) ) ;
#10530 =( LENGTH_UNIT ( ) NAMED_UNIT ( * ) SI_UNIT ( .MILLI., .METRE. ) );
#10531 =( NAMED_UNIT ( * ) PLANE_ANGLE_UNIT ( ) SI_UNIT ( $, .RADIAN. ) );
#10532 = SURFACE_STYLE_FILL_AREA ( #11810 ) ;
#10533 = DIRECTION ( 'NONE',  ( 0.000000000000000000, -1.000000000000000000, 0.000000000000000000 ) ) ;
#10534 = PLANE ( 'NONE',  #7837 ) ;
#10535 = ORIENTED_EDGE ( 'NONE', *, *, #1526, .T. ) ;
#10536 = CARTESIAN_POINT ( 'NONE',  ( -70.37573593128804816, -10.45000000000000284, 2.558578643762543958 ) ) ;
#10537 = LINE ( 'NONE', #6718, #7201 ) ;
#10538 = ORIENTED_EDGE ( 'NONE', *, *, #4233, .T. ) ;
#10539 = ORIENTED_EDGE ( 'NONE', *, *, #2591, .F. ) ;
#10540 = EDGE_LOOP ( 'NONE', ( #4490, #9458, #3778, #2325 ) ) ;
#10541 = DIRECTION ( 'NONE',  ( -3.700000000000000011E-14, 0.000000000000000000, 1.000000000000000000 ) ) ;
#10542 = DIRECTION ( 'NONE',  ( -0.7071067811865218156, -7.071067811865480264E-16, -0.7071067811865732189 ) ) ;
#10543 = VECTOR ( 'NONE', #9330, 1000.000000000000000 ) ;
#10544 = CARTESIAN_POINT ( 'NONE',  ( -62.55000000000004690, -8.099999999999996092, 4.800000000000142819 ) ) ;
#10545 = LINE ( 'NONE', #10415, #12150 ) ;
#10546 = DIRECTION ( 'NONE',  ( 3.700000000000000011E-14, -0.000000000000000000, -1.000000000000000000 ) ) ;
#10547 = CARTESIAN_POINT ( 'NONE',  ( -63.67222222222336825, -0.4499999999999955147, 4.050000000000101075 ) ) ;
#10548 = VERTEX_POINT ( 'NONE', #3533 ) ;
#10549 = DIRECTION ( 'NONE',  ( -3.700000000000000011E-14, 0.000000000000000000, 1.000000000000000000 ) ) ;
#10550 = ORIENTED_EDGE ( 'NONE', *, *, #9661, .F. ) ;
#10551 = EDGE_LOOP ( 'NONE', ( #11968, #9368, #6767, #11931 ) ) ;
#10552 = LINE ( 'NONE', #5767, #5861 ) ;
#10553 = SURFACE_STYLE_FILL_AREA ( #5637 ) ;
#10554 =( NAMED_UNIT ( * ) PLANE_ANGLE_UNIT ( ) SI_UNIT ( $, .RADIAN. ) );
#10555 = EDGE_CURVE ( 'NONE', #169, #873, #6300, .T. ) ;
#10556 = EDGE_CURVE ( 'NONE', #11609, #1549, #6451, .T. ) ;
#10557 = DIRECTION ( 'NONE',  ( -1.000000000000000000, -1.000000000000000078E-15, -3.700000000000000011E-14 ) ) ;
#10558 = SURFACE_STYLE_FILL_AREA ( #11678 ) ;
#10559 = LINE ( 'NONE', #1946, #1074 ) ;
#10560 = STYLED_ITEM ( 'NONE', ( #2344 ), #191 ) ;
#10561 = PRESENTATION_LAYER_ASSIGNMENT (  '', '', ( #7762 ) ) ;
#10562 = DIRECTION ( 'NONE',  ( -3.700000000000000011E-14, 0.000000000000000000, 1.000000000000000000 ) ) ;
#10563 = AXIS2_PLACEMENT_3D ( 'NONE', #5164, #669, #8035 ) ;
#10564 = ORIENTED_EDGE ( 'NONE', *, *, #894, .F. ) ;
#10565 = ORIENTED_EDGE ( 'NONE', *, *, #11188, .T. ) ;
#10566 = ORIENTED_EDGE ( 'NONE', *, *, #3707, .T. ) ;
#10567 =( NAMED_UNIT ( * ) PLANE_ANGLE_UNIT ( ) SI_UNIT ( $, .RADIAN. ) );
#10568 = DIRECTION ( 'NONE',  ( -1.000000000000000000, -1.000000000000000078E-15, -3.645695612925943688E-14 ) ) ;
#10569 = PRESENTATION_LAYER_ASSIGNMENT (  '', '', ( #10361 ) ) ;
#10570 = VERTEX_POINT ( 'NONE', #609 ) ;
#10571 = EDGE_CURVE ( 'NONE', #4918, #10815, #892, .T. ) ;
#10572 = FILL_AREA_STYLE ('',( #7703 ) ) ;
#10573 = DIRECTION ( 'NONE',  ( -1.000000000000000000, -1.000000000000000078E-15, -3.644488848768742184E-14 ) ) ;
#10574 = CARTESIAN_POINT ( 'NONE',  ( -61.15000000000001990, -2.449999999999993960, 3.715685424949433546 ) ) ;
#10575 = EDGE_CURVE ( 'NONE', #2300, #10332, #798, .T. ) ;
#10576 = AXIS2_PLACEMENT_3D ( 'NONE', #5178, #6212, #4588 ) ;
#10577 =( NAMED_UNIT ( * ) SI_UNIT ( $, .STERADIAN. ) SOLID_ANGLE_UNIT ( ) );
#10578 = FILL_AREA_STYLE_COLOUR ( '', #2797 ) ;
#10579 = PRESENTATION_LAYER_ASSIGNMENT (  '', '', ( #3531 ) ) ;
#10580 = LINE ( 'NONE', #5594, #8088 ) ;
#10581 = VERTEX_POINT ( 'NONE', #2542 ) ;
#10582 = ADVANCED_FACE ( 'NONE', ( #6383 ), #1682, .T. ) ;
#10583 = VERTEX_POINT ( 'NONE', #2867 ) ;
#10584 = UNCERTAINTY_MEASURE_WITH_UNIT (LENGTH_MEASURE( 1.000000000000000082E-05 ), #10241, 'distance_accuracy_value', 'NONE');
#10585 = CARTESIAN_POINT ( 'NONE',  ( -70.23431457505071762, -10.45000000000000284, 2.299999999999858602 ) ) ;
#10586 = EDGE_CURVE ( 'NONE', #47, #9427, #8664, .T. ) ;
#10587 = FILL_AREA_STYLE ('',( #7456 ) ) ;
#10588 =( NAMED_UNIT ( * ) PLANE_ANGLE_UNIT ( ) SI_UNIT ( $, .RADIAN. ) );
#10589 = DIRECTION ( 'NONE',  ( -1.000000000000000078E-15, 1.000000000000000000, 0.000000000000000000 ) ) ;
#10590 = EDGE_CURVE ( 'NONE', #7017, #2727, #3851, .T. ) ;
#10591 = SURFACE_SIDE_STYLE ('',( #5120 ) ) ;
#10592 = AXIS2_PLACEMENT_3D ( 'NONE', #5970, #10573, #3943 ) ;
#10593 = ADVANCED_FACE ( 'NONE', ( #8546 ), #6777, .T. ) ;
#10594 = CARTESIAN_POINT ( 'NONE',  ( -71.65000000000000568, -10.45000000000000462, 3.715685424949044968 ) ) ;
#10595 = FILL_AREA_STYLE ('',( #3591 ) ) ;
#10596 = PRESENTATION_STYLE_ASSIGNMENT (( #1289 ) ) ;
#10597 = LINE ( 'NONE', #1971, #5654 ) ;
#10598 = CARTESIAN_POINT ( 'NONE',  ( -69.13431457505072331, -8.050000000000000711, 2.299999999999899014 ) ) ;
#10599 = ORIENTED_EDGE ( 'NONE', *, *, #758, .F. ) ;
#10600 = DIRECTION ( 'NONE',  ( -1.000000000000000078E-15, 1.000000000000000000, 0.000000000000000000 ) ) ;
#10601 =( NAMED_UNIT ( * ) PLANE_ANGLE_UNIT ( ) SI_UNIT ( $, .RADIAN. ) );
#10602 = VERTEX_POINT ( 'NONE', #319 ) ;
#10603 = PRESENTATION_LAYER_ASSIGNMENT (  '', '', ( #4757 ) ) ;
#10604 = ORIENTED_EDGE ( 'NONE', *, *, #2633, .F. ) ;
#10605 = EDGE_LOOP ( 'NONE', ( #11444, #2073, #11171, #6 ) ) ;
#10606 = VECTOR ( 'NONE', #2514, 1000.000000000000000 ) ;
#10607 = FILL_AREA_STYLE ('',( #6786 ) ) ;
#10608 = CARTESIAN_POINT ( 'NONE',  ( -68.45000000000004547, -9.500000000000001776, 4.799999999999924327 ) ) ;
#10609 = PLANE ( 'NONE',  #11370 ) ;
#10610 = SURFACE_SIDE_STYLE ('',( #6659 ) ) ;
#10611 = DIRECTION ( 'NONE',  ( -3.700000000000000011E-14, 0.000000000000000000, 1.000000000000000000 ) ) ;
#10612 =( NAMED_UNIT ( * ) SI_UNIT ( $, .STERADIAN. ) SOLID_ANGLE_UNIT ( ) );
#10613 = UNCERTAINTY_MEASURE_WITH_UNIT (LENGTH_MEASURE( 1.000000000000000082E-05 ), #7727, 'distance_accuracy_value', 'NONE');
#10614 = VECTOR ( 'NONE', #929, 1000.000000000000000 ) ;
#10615 = ORIENTED_EDGE ( 'NONE', *, *, #11246, .T. ) ;
#10616 = DIRECTION ( 'NONE',  ( -1.000000000000000000, -1.000000000000000078E-15, -3.700000000000000011E-14 ) ) ;
#10617 =( GEOMETRIC_REPRESENTATION_CONTEXT ( 3 ) GLOBAL_UNCERTAINTY_ASSIGNED_CONTEXT ( ( #7582 ) ) GLOBAL_UNIT_ASSIGNED_CONTEXT ( ( #5678, #6510, #8409 ) ) REPRESENTATION_CONTEXT ( 'NONE', 'WORKASPACE' ) );
#10618 = EDGE_LOOP ( 'NONE', ( #3600, #4601, #4886, #2355 ) ) ;
#10619 = ORIENTED_EDGE ( 'NONE', *, *, #176, .F. ) ;
#10620 = EDGE_CURVE ( 'NONE', #9628, #2840, #5747, .T. ) ;
#10621 =( NAMED_UNIT ( * ) SI_UNIT ( $, .STERADIAN. ) SOLID_ANGLE_UNIT ( ) );
#10622 =( GEOMETRIC_REPRESENTATION_CONTEXT ( 3 ) GLOBAL_UNCERTAINTY_ASSIGNED_CONTEXT ( ( #9522 ) ) GLOBAL_UNIT_ASSIGNED_CONTEXT ( ( #8718, #3896, #268 ) ) REPRESENTATION_CONTEXT ( 'NONE', 'WORKASPACE' ) );
#10623 = SURFACE_STYLE_USAGE ( .BOTH. , #303 ) ;
#10624 = MECHANICAL_DESIGN_GEOMETRIC_PRESENTATION_REPRESENTATION (  '', ( #4374 ), #6207 ) ;
#10625 = DIRECTION ( 'NONE',  ( 1.154197642309050035E-15, -1.000000000000000000, 5.705312765434850028E-30 ) ) ;
#10626 = CARTESIAN_POINT ( 'NONE',  ( -64.15000000000003411, -8.299999999999997158, 4.600000000000083134 ) ) ;
#10627 = CARTESIAN_POINT ( 'NONE',  ( -62.35000000000004405, -9.499999999999994671, 4.800000000000149925 ) ) ;
#10628 = COLOUR_RGB ( '',0.007843137254901960675, 0.007843137254901960675, 0.007843137254901960675 ) ;
#10629 = ADVANCED_FACE ( 'NONE', ( #6642 ), #9828, .F. ) ;
#10630 = STYLED_ITEM ( 'NONE', ( #10419 ), #6758 ) ;
#10631 = AXIS2_PLACEMENT_3D ( 'NONE', #4427, #11223, #10298 ) ;
#10632 = ORIENTED_EDGE ( 'NONE', *, *, #7448, .T. ) ;
#10633 = ORIENTED_EDGE ( 'NONE', *, *, #5324, .T. ) ;
#10634 = ORIENTED_EDGE ( 'NONE', *, *, #5186, .F. ) ;
#10635 = EDGE_CURVE ( 'NONE', #8671, #6564, #1411, .T. ) ;
#10636 = FILL_AREA_STYLE_COLOUR ( '', #637 ) ;
#10637 = ORIENTED_EDGE ( 'NONE', *, *, #9624, .F. ) ;
#10638 = DIRECTION ( 'NONE',  ( -0.6623823368164316605, 0.7491659628370761492, -2.467411699244869292E-14 ) ) ;
#10639 = CARTESIAN_POINT ( 'NONE',  ( -66.39999999999999147, -3.949999999999999734, 3.149999999999999911 ) ) ;
#10640 = STYLED_ITEM ( 'NONE', ( #3853 ), #6976 ) ;
#10641 = CARTESIAN_POINT ( 'NONE',  ( -65.98701378195157474, -8.174896124021048038, 2.300000000000015365 ) ) ;
#10642 = EDGE_CURVE ( 'NONE', #11595, #9442, #11472, .T. ) ;
#10643 =( LENGTH_UNIT ( ) NAMED_UNIT ( * ) SI_UNIT ( .MILLI., .METRE. ) );
#10644 = SURFACE_STYLE_USAGE ( .BOTH. , #3147 ) ;
#10645 = VECTOR ( 'NONE', #8936, 1000.000000000000000 ) ;
#10646 = DIRECTION ( 'NONE',  ( -8.465138741913960914E-16, 1.000000000000000000, 5.678986654918347737E-30 ) ) ;
#10647 = EDGE_LOOP ( 'NONE', ( #8554, #614, #1109, #7268 ) ) ;
#10648 = ORIENTED_EDGE ( 'NONE', *, *, #4021, .T. ) ;
#10649 = CARTESIAN_POINT ( 'NONE',  ( -64.39444444444558258, 3.550000074505801795, 4.050000000000074429 ) ) ;
#10650 = CARTESIAN_POINT ( 'NONE',  ( -70.25000000000002842, -9.700000000000004619, 4.599999999999857536 ) ) ;
#10651 =( NAMED_UNIT ( * ) SI_UNIT ( $, .STERADIAN. ) SOLID_ANGLE_UNIT ( ) );
#10652 = FILL_AREA_STYLE_COLOUR ( '', #5644 ) ;
#10653 = EDGE_CURVE ( 'NONE', #8490, #6663, #8198, .T. ) ;
#10654 = VECTOR ( 'NONE', #11125, 1000.000000000000000 ) ;
#10655 = DIRECTION ( 'NONE',  ( 1.061907311267009442E-15, -1.000000000000000000, 2.290570516879343540E-30 ) ) ;
#10656 = DIRECTION ( 'NONE',  ( -1.061907311267009442E-15, 1.000000000000000000, -2.290570516879343540E-30 ) ) ;
#10657 = AXIS2_PLACEMENT_3D ( 'NONE', #9436, #2881, #9633 ) ;
#10658 =( NAMED_UNIT ( * ) PLANE_ANGLE_UNIT ( ) SI_UNIT ( $, .RADIAN. ) );
#10659 = ORIENTED_EDGE ( 'NONE', *, *, #1675, .F. ) ;
#10660 = CARTESIAN_POINT ( 'NONE',  ( -69.45000000000115392, 1.099999999999996758, 4.099999999999887734 ) ) ;
#10661 = COLOUR_RGB ( '',0.9529411764705881804, 0.7960784313725489669, 0.4862745098039215619 ) ;
#10662 = ORIENTED_EDGE ( 'NONE', *, *, #3691, .F. ) ;
#10663 = VERTEX_POINT ( 'NONE', #2386 ) ;
#10664 =( LENGTH_UNIT ( ) NAMED_UNIT ( * ) SI_UNIT ( .MILLI., .METRE. ) );
#10665 = COLOUR_RGB ( '',0.007843137254901960675, 0.007843137254901960675, 0.007843137254901960675 ) ;
#10666 = PLANE ( 'NONE',  #3615 ) ;
#10667 = VECTOR ( 'NONE', #2964, 1000.000000000000000 ) ;
#10668 = FILL_AREA_STYLE ('',( #7847 ) ) ;
#10669 = EDGE_CURVE ( 'NONE', #11327, #221, #7129, .T. ) ;
#10670 =( GEOMETRIC_REPRESENTATION_CONTEXT ( 3 ) GLOBAL_UNCERTAINTY_ASSIGNED_CONTEXT ( ( #5919 ) ) GLOBAL_UNIT_ASSIGNED_CONTEXT ( ( #1891, #9334, #966 ) ) REPRESENTATION_CONTEXT ( 'NONE', 'WORKASPACE' ) );
#10671 = PRESENTATION_STYLE_ASSIGNMENT (( #9694 ) ) ;
#10672 =( LENGTH_UNIT ( ) NAMED_UNIT ( * ) SI_UNIT ( .MILLI., .METRE. ) );
#10673 = FACE_OUTER_BOUND ( 'NONE', #6105, .T. ) ;
#10674 = DIRECTION ( 'NONE',  ( 0.03909037293409971248, 0.9992356792788541497, 1.337846218380169313E-15 ) ) ;
#10675 = ORIENTED_EDGE ( 'NONE', *, *, #10096, .F. ) ;
#10676 = STYLED_ITEM ( 'NONE', ( #12113 ), #4263 ) ;
#10677 = ORIENTED_EDGE ( 'NONE', *, *, #4994, .T. ) ;
#10678 = ORIENTED_EDGE ( 'NONE', *, *, #11884, .T. ) ;
#10679 = COLOUR_RGB ( '',0.007843137254901960675, 0.007843137254901960675, 0.007843137254901960675 ) ;
#10680 = LINE ( 'NONE', #2118, #10645 ) ;
#10681 = UNCERTAINTY_MEASURE_WITH_UNIT (LENGTH_MEASURE( 1.000000000000000082E-05 ), #4450, 'distance_accuracy_value', 'NONE');
#10682 = PRESENTATION_STYLE_ASSIGNMENT (( #8693 ) ) ;
#10683 = EDGE_CURVE ( 'NONE', #6600, #4192, #12055, .T. ) ;
#10684 = CARTESIAN_POINT ( 'NONE',  ( -69.29166666666665719, -3.950000000000001954, 2.999999999999893419 ) ) ;
#10685 =( GEOMETRIC_REPRESENTATION_CONTEXT ( 3 ) GLOBAL_UNCERTAINTY_ASSIGNED_CONTEXT ( ( #3747 ) ) GLOBAL_UNIT_ASSIGNED_CONTEXT ( ( #1841, #8584, #1724 ) ) REPRESENTATION_CONTEXT ( 'NONE', 'WORKASPACE' ) );
#10686 = VECTOR ( 'NONE', #1269, 1000.000000000000000 ) ;
#10687 = VECTOR ( 'NONE', #3516, 1000.000000000000000 ) ;
#10688 = CYLINDRICAL_SURFACE ( 'NONE', #8909, 0.1999999999999987899 ) ;
#10689 =( NAMED_UNIT ( * ) SI_UNIT ( $, .STERADIAN. ) SOLID_ANGLE_UNIT ( ) );
#10690 = ORIENTED_EDGE ( 'NONE', *, *, #11114, .F. ) ;
#10691 = VERTEX_POINT ( 'NONE', #5199 ) ;
#10692 = ORIENTED_EDGE ( 'NONE', *, *, #10571, .F. ) ;
#10693 =( GEOMETRIC_REPRESENTATION_CONTEXT ( 3 ) GLOBAL_UNCERTAINTY_ASSIGNED_CONTEXT ( ( #6555 ) ) GLOBAL_UNIT_ASSIGNED_CONTEXT ( ( #3754, #5843, #8755 ) ) REPRESENTATION_CONTEXT ( 'NONE', 'WORKASPACE' ) );
#10694 = STYLED_ITEM ( 'NONE', ( #8876 ), #10057 ) ;
#10695 = PLANE ( 'NONE',  #4633 ) ;
#10696 = ORIENTED_EDGE ( 'NONE', *, *, #7362, .T. ) ;
#10697 =( LENGTH_UNIT ( ) NAMED_UNIT ( * ) SI_UNIT ( .MILLI., .METRE. ) );
#10698 = FACE_OUTER_BOUND ( 'NONE', #6753, .T. ) ;
#10699 = EDGE_CURVE ( 'NONE', #11415, #6663, #3449, .T. ) ;
#10700 =( LENGTH_UNIT ( ) NAMED_UNIT ( * ) SI_UNIT ( .MILLI., .METRE. ) );
#10701 = COLOUR_RGB ( '',0.007843137254901960675, 0.007843137254901960675, 0.007843137254901960675 ) ;
#10702 =( LENGTH_UNIT ( ) NAMED_UNIT ( * ) SI_UNIT ( .MILLI., .METRE. ) );
#10703 = ORIENTED_EDGE ( 'NONE', *, *, #6325, .F. ) ;
#10704 = DIRECTION ( 'NONE',  ( -3.700000000000000011E-14, 0.000000000000000000, 1.000000000000000000 ) ) ;
#10705 = STYLED_ITEM ( 'NONE', ( #9993 ), #10199 ) ;
#10706 = ORIENTED_EDGE ( 'NONE', *, *, #7829, .F. ) ;
#10707 = EDGE_LOOP ( 'NONE', ( #7615, #7771, #4970, #861 ) ) ;
#10708 = UNCERTAINTY_MEASURE_WITH_UNIT (LENGTH_MEASURE( 1.000000000000000082E-05 ), #12315, 'distance_accuracy_value', 'NONE');
#10709 = LINE ( 'NONE', #4270, #6068 ) ;
#10710 = CARTESIAN_POINT ( 'NONE',  ( -70.65000000000006253, -2.450000000000002398, 4.799999999999842615 ) ) ;
#10711 = FILL_AREA_STYLE_COLOUR ( '', #575 ) ;
#10712 = SURFACE_SIDE_STYLE ('',( #4020 ) ) ;
#10713 = STYLED_ITEM ( 'NONE', ( #7212 ), #10465 ) ;
#10714 = EDGE_CURVE ( 'NONE', #11494, #8117, #7308, .T. ) ;
#10715 = DIRECTION ( 'NONE',  ( 1.000000000000000078E-15, -1.000000000000000000, 0.000000000000000000 ) ) ;
#10716 = VECTOR ( 'NONE', #2729, 1000.000000000000000 ) ;
#10717 = SURFACE_STYLE_USAGE ( .BOTH. , #7010 ) ;
#10718 = PRESENTATION_STYLE_ASSIGNMENT (( #1307 ) ) ;
#10719 = DIRECTION ( 'NONE',  ( -1.000000000000000000, -1.000000000000000078E-15, -3.700000000000000011E-14 ) ) ;
#10720 = VERTEX_POINT ( 'NONE', #3503 ) ;
#10721 = SURFACE_SIDE_STYLE ('',( #1066 ) ) ;
#10722 = AXIS2_PLACEMENT_3D ( 'NONE', #10188, #5381, #2324 ) ;
#10723 = EDGE_LOOP ( 'NONE', ( #8640, #431, #4155, #6226 ) ) ;
#10724 = ORIENTED_EDGE ( 'NONE', *, *, #1734, .F. ) ;
#10725 = CARTESIAN_POINT ( 'NONE',  ( -68.23431457505071762, -8.050000000000000711, 2.299999999999932321 ) ) ;
#10726 = LINE ( 'NONE', #8925, #12252 ) ;
#10727 = LINE ( 'NONE', #8984, #12157 ) ;
#10728 = CARTESIAN_POINT ( 'NONE',  ( -61.89999999999999858, -3.650000151991834585, 3.300000000000166356 ) ) ;
#10729 =( NAMED_UNIT ( * ) SI_UNIT ( $, .STERADIAN. ) SOLID_ANGLE_UNIT ( ) );
#10730 = UNCERTAINTY_MEASURE_WITH_UNIT (LENGTH_MEASURE( 1.000000000000000082E-05 ), #8355, 'distance_accuracy_value', 'NONE');
#10731 = ORIENTED_EDGE ( 'NONE', *, *, #4507, .T. ) ;
#10732 = ADVANCED_FACE ( 'NONE', ( #9949 ), #513, .T. ) ;
#10733 = FILL_AREA_STYLE_COLOUR ( '', #10701 ) ;
#10734 = ORIENTED_EDGE ( 'NONE', *, *, #3910, .F. ) ;
#10735 = ORIENTED_EDGE ( 'NONE', *, *, #3443, .T. ) ;
#10736 = CARTESIAN_POINT ( 'NONE',  ( -61.15000000000004832, 1.550000000000006262, 4.600000000000194156 ) ) ;
#10737 = DIRECTION ( 'NONE',  ( -3.700000000000000011E-14, 0.000000000000000000, 1.000000000000000000 ) ) ;
#10738 = PRESENTATION_STYLE_ASSIGNMENT (( #10623 ) ) ;
#10739 = EDGE_CURVE ( 'NONE', #6270, #5278, #10137, .T. ) ;
#10740 = DIRECTION ( 'NONE',  ( -1.000000000000000078E-15, 1.000000000000000000, 0.000000000000000000 ) ) ;
#10741 = FACE_OUTER_BOUND ( 'NONE', #2265, .T. ) ;
#10742 = EDGE_CURVE ( 'NONE', #9017, #2043, #10500, .T. ) ;
#10743 = CARTESIAN_POINT ( 'NONE',  ( -57.40000000000001279, -0.4499998509883904041, 3.550000000000328004 ) ) ;
#10744 = DIRECTION ( 'NONE',  ( -1.000000000000000078E-15, 1.000000000000000000, 0.000000000000000000 ) ) ;
#10745 = EDGE_CURVE ( 'NONE', #9163, #8357, #7429, .T. ) ;
#10746 = LINE ( 'NONE', #2126, #8280 ) ;
#10747 = FACE_OUTER_BOUND ( 'NONE', #6071, .T. ) ;
#10748 =( NAMED_UNIT ( * ) PLANE_ANGLE_UNIT ( ) SI_UNIT ( $, .RADIAN. ) );
#10749 = MECHANICAL_DESIGN_GEOMETRIC_PRESENTATION_REPRESENTATION (  '', ( #3307 ), #6334 ) ;
#10750 = VERTEX_POINT ( 'NONE', #10430 ) ;
#10751 = EDGE_LOOP ( 'NONE', ( #2295, #889, #8787, #8668 ) ) ;
#10752 = ORIENTED_EDGE ( 'NONE', *, *, #8542, .F. ) ;
#10753 =( LENGTH_UNIT ( ) NAMED_UNIT ( * ) SI_UNIT ( .MILLI., .METRE. ) );
#10754 = ORIENTED_EDGE ( 'NONE', *, *, #6686, .F. ) ;
#10755 = STYLED_ITEM ( 'NONE', ( #11950 ), #5564 ) ;
#10756 = SURFACE_STYLE_FILL_AREA ( #1288 ) ;
#10757 = FACE_OUTER_BOUND ( 'NONE', #3885, .T. ) ;
#10758 = AXIS2_PLACEMENT_3D ( 'NONE', #9550, #8478, #3588 ) ;
#10759 = ORIENTED_EDGE ( 'NONE', *, *, #728, .T. ) ;
#10760 = COLOUR_RGB ( '',0.007843137254901960675, 0.007843137254901960675, 0.007843137254901960675 ) ;
#10761 =( NAMED_UNIT ( * ) SI_UNIT ( $, .STERADIAN. ) SOLID_ANGLE_UNIT ( ) );
#10762 = DIRECTION ( 'NONE',  ( -1.000000000000000000, -1.000000000000000078E-15, -3.645695612925943688E-14 ) ) ;
#10763 = VECTOR ( 'NONE', #9237, 1000.000000000000000 ) ;
#10764 = ORIENTED_EDGE ( 'NONE', *, *, #8733, .F. ) ;
#10765 = EDGE_LOOP ( 'NONE', ( #3120, #8898, #1830, #7534 ) ) ;
#10767 = EDGE_CURVE ( 'NONE', #1785, #11474, #4631, .T. ) ;
#10766 = CYLINDRICAL_SURFACE ( 'NONE', #8308, 0.4000000000000024092 ) ;
#10768 = MECHANICAL_DESIGN_GEOMETRIC_PRESENTATION_REPRESENTATION (  '', ( #9185 ), #1939 ) ;
#10769 =( LENGTH_UNIT ( ) NAMED_UNIT ( * ) SI_UNIT ( .MILLI., .METRE. ) );
#10770 = SURFACE_STYLE_FILL_AREA ( #8911 ) ;
#10771 = CARTESIAN_POINT ( 'NONE',  ( -65.31666666666781396, 0.5500000000000018208, 4.050000000000040679 ) ) ;
#10772 =( LENGTH_UNIT ( ) NAMED_UNIT ( * ) SI_UNIT ( .MILLI., .METRE. ) );
#10773 = MECHANICAL_DESIGN_GEOMETRIC_PRESENTATION_REPRESENTATION (  '', ( #4323 ), #10972 ) ;
#10774 = CARTESIAN_POINT ( 'NONE',  ( -69.23431457505071762, -9.250000000000001776, 2.299999999999895017 ) ) ;
#10775 = SURFACE_STYLE_FILL_AREA ( #5036 ) ;
#10776 = EDGE_CURVE ( 'NONE', #9491, #1428, #9581, .T. ) ;
#10777 = ORIENTED_EDGE ( 'NONE', *, *, #4469, .F. ) ;
#10778 = ORIENTED_EDGE ( 'NONE', *, *, #10047, .T. ) ;
#10779 = EDGE_LOOP ( 'NONE', ( #7756, #3670, #1343, #9086 ) ) ;
#10780 = CARTESIAN_POINT ( 'NONE',  ( -70.25000000000004263, -9.500000000000003553, 4.799999999999858602 ) ) ;
#10781 = AXIS2_PLACEMENT_3D ( 'NONE', #8006, #1472, #6994 ) ;
#10782 = CARTESIAN_POINT ( 'NONE',  ( -66.92698558117081120, -8.229423440238889498, 2.299999999999980727 ) ) ;
#10783 = FILL_AREA_STYLE_COLOUR ( '', #9715 ) ;
#10784 = PLANE ( 'NONE',  #4466 ) ;
#10785 = FACE_OUTER_BOUND ( 'NONE', #9386, .T. ) ;
#10786 =( LENGTH_UNIT ( ) NAMED_UNIT ( * ) SI_UNIT ( .MILLI., .METRE. ) );
#10787 = SURFACE_STYLE_USAGE ( .BOTH. , #3119 ) ;
#10788 = ORIENTED_EDGE ( 'NONE', *, *, #8910, .T. ) ;
#10789 = VECTOR ( 'NONE', #2264, 1000.000000000000000 ) ;
#10790 = EDGE_LOOP ( 'NONE', ( #2582, #3983, #8492, #5438 ) ) ;
#10791 = ORIENTED_EDGE ( 'NONE', *, *, #6120, .T. ) ;
#10792 = LINE ( 'NONE', #10736, #9886 ) ;
#10793 = FACE_OUTER_BOUND ( 'NONE', #8049, .T. ) ;
#10794 = SURFACE_STYLE_USAGE ( .BOTH. , #4995 ) ;
#10795 = CARTESIAN_POINT ( 'NONE',  ( -71.45000000000004547, -1.450000000000005063, 4.249999999999827693 ) ) ;
#10796 = COLOUR_RGB ( '',0.9529411764705881804, 0.7960784313725489669, 0.4862745098039215619 ) ;
#10797 = FILL_AREA_STYLE_COLOUR ( '', #1868 ) ;
#10798 = SURFACE_STYLE_USAGE ( .BOTH. , #1202 ) ;
#10799 = EDGE_CURVE ( 'NONE', #5348, #5734, #4561, .T. ) ;
#10800 = CIRCLE ( 'NONE', #4564, 0.1000000000000028644 ) ;
#10801 = ORIENTED_EDGE ( 'NONE', *, *, #6419, .F. ) ;
#10802 = VERTEX_POINT ( 'NONE', #4699 ) ;
#10803 = AXIS2_PLACEMENT_3D ( 'NONE', #9736, #9786, #10655 ) ;
#10804 = ORIENTED_EDGE ( 'NONE', *, *, #1591, .F. ) ;
#10805 = AXIS2_PLACEMENT_3D ( 'NONE', #8964, #8085, #8206 ) ;
#10806 = DIRECTION ( 'NONE',  ( -0.9959769378880681812, -0.08960992799409672749, -3.678638710706525669E-14 ) ) ;
#10807 = DIRECTION ( 'NONE',  ( 3.394253790593256761E-14, 3.394253790593257304E-29, -1.000000000000000000 ) ) ;
#10808 = VERTEX_POINT ( 'NONE', #3563 ) ;
#10809 = DIRECTION ( 'NONE',  ( -1.000000000000000000, 8.673617379883787770E-15, -3.469446951953515108E-14 ) ) ;
#10810 = LINE ( 'NONE', #2195, #1857 ) ;
#10811 = AXIS2_PLACEMENT_3D ( 'NONE', #7502, #1765, #10435 ) ;
#10812 = PRESENTATION_LAYER_ASSIGNMENT (  '', '', ( #174 ) ) ;
#10813 =( NAMED_UNIT ( * ) PLANE_ANGLE_UNIT ( ) SI_UNIT ( $, .RADIAN. ) );
#10814 = DIRECTION ( 'NONE',  ( -1.000000000000000000, -1.000000000000000078E-15, -3.700000000000000011E-14 ) ) ;
#10815 = VERTEX_POINT ( 'NONE', #2836 ) ;
#10816 = PRESENTATION_LAYER_ASSIGNMENT (  '', '', ( #3795 ) ) ;
#10817 = FILL_AREA_STYLE ('',( #12203 ) ) ;
#10818 = VECTOR ( 'NONE', #3105, 1000.000000000000000 ) ;
#10819 = CARTESIAN_POINT ( 'NONE',  ( -71.44999999999998863, -1.450000000000005063, 3.049999999999827072 ) ) ;
#10820 = EDGE_LOOP ( 'NONE', ( #12347, #7489, #10675, #8790 ) ) ;
#10821 = COLOUR_RGB ( '',0.6274509803921568540, 0.6274509803921568540, 0.6274509803921568540 ) ;
#10822 = ORIENTED_EDGE ( 'NONE', *, *, #2346, .F. ) ;
#10823 = UNCERTAINTY_MEASURE_WITH_UNIT (LENGTH_MEASURE( 1.000000000000000082E-05 ), #9201, 'distance_accuracy_value', 'NONE');
#10824 = CARTESIAN_POINT ( 'NONE',  ( -69.45000000000115392, -0.4500000000000025091, 4.249999999999887201 ) ) ;
#10825 = AXIS2_PLACEMENT_3D ( 'NONE', #2693, #57, #7851 ) ;
#10826 = FILL_AREA_STYLE_COLOUR ( '', #11378 ) ;
#10827 = CARTESIAN_POINT ( 'NONE',  ( -65.92201378195157702, -8.174896124021048038, 2.300000000000018030 ) ) ;
#10828 = SURFACE_SIDE_STYLE ('',( #11761 ) ) ;
#10829 = DIRECTION ( 'NONE',  ( 3.422444243843712770E-14, -2.775557561562875320E-30, -1.000000000000000000 ) ) ;
#10830 =( NAMED_UNIT ( * ) SI_UNIT ( $, .STERADIAN. ) SOLID_ANGLE_UNIT ( ) );
#10831 = DIRECTION ( 'NONE',  ( -3.700000000000000011E-14, 0.000000000000000000, 1.000000000000000000 ) ) ;
#10832 = PRESENTATION_LAYER_ASSIGNMENT (  '', '', ( #812 ) ) ;
#10833 = CARTESIAN_POINT ( 'NONE',  ( -62.19999999999996732, -2.449999999999995737, 2.500000000000155875 ) ) ;
#10834 = LINE ( 'NONE', #5277, #8572 ) ;
#10835 = CARTESIAN_POINT ( 'NONE',  ( -63.15000000000114966, 1.100000000000003642, 4.250000000000119904 ) ) ;
#10836 = AXIS2_PLACEMENT_3D ( 'NONE', #10865, #3312, #3371 ) ;
#10837 = EDGE_LOOP ( 'NONE', ( #4356, #10871, #1731, #5435 ) ) ;
#10838 = VERTEX_POINT ( 'NONE', #832 ) ;
#10839 = CARTESIAN_POINT ( 'NONE',  ( -66.38999999999994373, -10.44999999999999929, 2.310000000000000497 ) ) ;
#10840 = DIRECTION ( 'NONE',  ( 1.000000000000000078E-15, -1.000000000000000000, 0.000000000000000000 ) ) ;
#10841 = CARTESIAN_POINT ( 'NONE',  ( -62.56568542494919427, -10.44999999999999574, 2.500000000000141664 ) ) ;
#10842 = STYLED_ITEM ( 'NONE', ( #5015 ), #7440 ) ;
#10843 = CARTESIAN_POINT ( 'NONE',  ( -63.87589120702013901, -8.627649221922066403, 2.300000000000093525 ) ) ;
#10844 = PRESENTATION_LAYER_ASSIGNMENT (  '', '', ( #8652 ) ) ;
#10845 = ADVANCED_FACE ( 'NONE', ( #706 ), #9452, .F. ) ;
#10846 = PLANE ( 'NONE',  #5856 ) ;
#10847 = SURFACE_STYLE_USAGE ( .BOTH. , #3297 ) ;
#10848 = DIRECTION ( 'NONE',  ( -1.154197642309050035E-15, 1.000000000000000000, -5.705312765434850028E-30 ) ) ;
#10849 = VECTOR ( 'NONE', #7463, 1000.000000000000000 ) ;
#10850 = EDGE_LOOP ( 'NONE', ( #9796, #1757, #3952, #8161 ) ) ;
#10851 = PLANE ( 'NONE',  #7952 ) ;
#10852 = EDGE_CURVE ( 'NONE', #5925, #7386, #3688, .T. ) ;
#10853 = VECTOR ( 'NONE', #8120, 1000.000000000000227 ) ;
#10854 = AXIS2_PLACEMENT_3D ( 'NONE', #5909, #10872, #8001 ) ;
#10855 = EDGE_LOOP ( 'NONE', ( #3358, #7876, #4339, #9941, #5978, #9822, #7472, #3523, #7610, #6539, #7055, #10117, #11569, #4719, #1246, #5543, #12235, #6476, #253, #2074, #11023, #10754, #9942, #2220, #741, #10521, #3322, #5279, #11726, #2612 ) ) ;
#10856 = ORIENTED_EDGE ( 'NONE', *, *, #2243, .F. ) ;
#10857 = DIRECTION ( 'NONE',  ( -1.000000000000000000, -1.000000000000000078E-15, -3.700000000000000011E-14 ) ) ;
#10858 = FILL_AREA_STYLE ('',( #4992 ) ) ;
#10859 = SURFACE_STYLE_USAGE ( .BOTH. , #6922 ) ;
#10860 = CARTESIAN_POINT ( 'NONE',  ( -64.39444444444556837, -0.4499999258007966740, 4.050000000000074429 ) ) ;
#10861 = SURFACE_SIDE_STYLE ('',( #7114 ) ) ;
#10862 = DIRECTION ( 'NONE',  ( -3.700000000000000011E-14, 0.000000000000000000, 1.000000000000000000 ) ) ;
#10863 = DIRECTION ( 'NONE',  ( 1.000000000000000078E-15, -1.000000000000000000, 0.000000000000000000 ) ) ;
#10864 =( GEOMETRIC_REPRESENTATION_CONTEXT ( 3 ) GLOBAL_UNCERTAINTY_ASSIGNED_CONTEXT ( ( #10085 ) ) GLOBAL_UNIT_ASSIGNED_CONTEXT ( ( #11371, #4826, #5565 ) ) REPRESENTATION_CONTEXT ( 'NONE', 'WORKASPACE' ) );
#10865 = CARTESIAN_POINT ( 'NONE',  ( -68.33431457505072615, -8.050000000000000711, 2.299999999999928768 ) ) ;
#10866 = STYLED_ITEM ( 'NONE', ( #8416 ), #3314 ) ;
#10867 = DIRECTION ( 'NONE',  ( 3.700000000000000011E-14, -0.000000000000000000, -1.000000000000000000 ) ) ;
#10868 = VECTOR ( 'NONE', #9265, 1000.000000000000000 ) ;
#10869 = ORIENTED_EDGE ( 'NONE', *, *, #4945, .T. ) ;
#10870 = ORIENTED_EDGE ( 'NONE', *, *, #526, .F. ) ;
#10871 = ORIENTED_EDGE ( 'NONE', *, *, #5947, .F. ) ;
#10872 = DIRECTION ( 'NONE',  ( 1.000000000000000000, 1.000000000000000078E-15, 3.825546163768862720E-14 ) ) ;
#10873 = MECHANICAL_DESIGN_GEOMETRIC_PRESENTATION_REPRESENTATION (  '', ( #8889 ), #6874 ) ;
#10874 = EDGE_CURVE ( 'NONE', #1590, #12193, #10314, .T. ) ;
#10875 =( LENGTH_UNIT ( ) NAMED_UNIT ( * ) SI_UNIT ( .MILLI., .METRE. ) );
#10876 = MECHANICAL_DESIGN_GEOMETRIC_PRESENTATION_REPRESENTATION (  '', ( #9296 ), #10487 ) ;
#10877 = STYLED_ITEM ( 'NONE', ( #6077 ), #3484 ) ;
#10878 = ORIENTED_EDGE ( 'NONE', *, *, #9629, .T. ) ;
#10879 = DIRECTION ( 'NONE',  ( -1.000000000000000078E-15, 1.000000000000000000, 0.000000000000000000 ) ) ;
#10880 = AXIS2_PLACEMENT_3D ( 'NONE', #2092, #4022, #276 ) ;
#10881 = STYLED_ITEM ( 'NONE', ( #781 ), #2801 ) ;
#10882 = VECTOR ( 'NONE', #7973, 1000.000000000000000 ) ;
#10883 = EDGE_CURVE ( 'NONE', #4768, #2682, #1712, .T. ) ;
#10884 = CARTESIAN_POINT ( 'NONE',  ( -70.23431457505073183, 1.549999999999997602, 2.299999999999858602 ) ) ;
#10885 = DIRECTION ( 'NONE',  ( -3.700000000000000011E-14, 0.000000000000000000, 1.000000000000000000 ) ) ;
#10886 = ORIENTED_EDGE ( 'NONE', *, *, #8126, .F. ) ;
#10887 = CARTESIAN_POINT ( 'NONE',  ( -68.78472222222220012, -3.950000000000001954, 2.999999999999912070 ) ) ;
#10888 = AXIS2_PLACEMENT_3D ( 'NONE', #12005, #1825, #7323 ) ;
#10889 = VECTOR ( 'NONE', #10324, 1000.000000000000000 ) ;
#10890 = ADVANCED_FACE ( 'NONE', ( #12249 ), #1823, .T. ) ;
#10891 = PRESENTATION_STYLE_ASSIGNMENT (( #5142 ) ) ;
#10892 = ORIENTED_EDGE ( 'NONE', *, *, #8445, .T. ) ;
#10893 = ORIENTED_EDGE ( 'NONE', *, *, #11659, .F. ) ;
#10894 =( NAMED_UNIT ( * ) SI_UNIT ( $, .STERADIAN. ) SOLID_ANGLE_UNIT ( ) );
#10895 = CIRCLE ( 'NONE', #1088, 0.3586990843377555471 ) ;
#10896 = CARTESIAN_POINT ( 'NONE',  ( -61.54999999999998295, -2.449999999999993960, 2.700000000000179590 ) ) ;
#10897 = FILL_AREA_STYLE ('',( #11998 ) ) ;
#10898 = EDGE_CURVE ( 'NONE', #6125, #511, #7932, .T. ) ;
#10899 = SURFACE_STYLE_FILL_AREA ( #2462 ) ;
#10900 = VECTOR ( 'NONE', #5446, 1000.000000000000000 ) ;
#10901 = ADVANCED_FACE ( 'NONE', ( #6983 ), #308, .T. ) ;
#10902 = SURFACE_SIDE_STYLE ('',( #2400 ) ) ;
#10903 = DIRECTION ( 'NONE',  ( -3.700000000000000011E-14, 0.000000000000000000, 1.000000000000000000 ) ) ;
#10904 = CARTESIAN_POINT ( 'NONE',  ( -66.76111111111225682, -0.4499999258007983949, 4.049999999999986500 ) ) ;
#10905 = CARTESIAN_POINT ( 'NONE',  ( -61.35000000000004405, -10.44999999999999396, 4.800000000000187228 ) ) ;
#10906 = LINE ( 'NONE', #10774, #2807 ) ;
#10907 = LINE ( 'NONE', #6117, #2322 ) ;
#10908 = ORIENTED_EDGE ( 'NONE', *, *, #7185, .F. ) ;
#10909 = ORIENTED_EDGE ( 'NONE', *, *, #2190, .F. ) ;
#10910 = CARTESIAN_POINT ( 'NONE',  ( -68.65000000000004832, -8.100000000000001421, 4.799999999999917222 ) ) ;
#10911 = FACE_OUTER_BOUND ( 'NONE', #10647, .T. ) ;
#10912 = PRESENTATION_STYLE_ASSIGNMENT (( #3473 ) ) ;
#10913 = DIRECTION ( 'NONE',  ( 3.700000000000000011E-14, -0.000000000000000000, -1.000000000000000000 ) ) ;
#10914 = CARTESIAN_POINT ( 'NONE',  ( -64.44722222222220864, -10.44999999999999751, 3.300000000000072209 ) ) ;
#10915 = CARTESIAN_POINT ( 'NONE',  ( -66.94444444444442865, -3.950000000000000178, 2.999999999999980016 ) ) ;
#10916 = CARTESIAN_POINT ( 'NONE',  ( -61.90000000000003411, -0.4499998509883939013, 4.050000000000165912 ) ) ;
#10917 = FILL_AREA_STYLE_COLOUR ( '', #6719 ) ;
#10918 = PRESENTATION_STYLE_ASSIGNMENT (( #11603 ) ) ;
#10919 = DIRECTION ( 'NONE',  ( 0.000000000000000000, -1.000000000000000000, 0.000000000000000000 ) ) ;
#10920 = EDGE_LOOP ( 'NONE', ( #4540, #479, #1385, #1244 ) ) ;
#10921 = ORIENTED_EDGE ( 'NONE', *, *, #8496, .T. ) ;
#10922 = ORIENTED_EDGE ( 'NONE', *, *, #411, .F. ) ;
#10923 = CARTESIAN_POINT ( 'NONE',  ( -69.62965728752531902, -3.469446951953614189E-15, 1.812499999999880762 ) ) ;
#10924 =( NAMED_UNIT ( * ) PLANE_ANGLE_UNIT ( ) SI_UNIT ( $, .RADIAN. ) );
#10925 = FACE_OUTER_BOUND ( 'NONE', #10779, .T. ) ;
#10926 = UNCERTAINTY_MEASURE_WITH_UNIT (LENGTH_MEASURE( 1.000000000000000082E-05 ), #1799, 'distance_accuracy_value', 'NONE');
#10927 = SURFACE_SIDE_STYLE ('',( #8054 ) ) ;
#10928 =( GEOMETRIC_REPRESENTATION_CONTEXT ( 3 ) GLOBAL_UNCERTAINTY_ASSIGNED_CONTEXT ( ( #4499 ) ) GLOBAL_UNIT_ASSIGNED_CONTEXT ( ( #10311, #2700, #6478 ) ) REPRESENTATION_CONTEXT ( 'NONE', 'WORKASPACE' ) );
#10929 = CARTESIAN_POINT ( 'NONE',  ( -71.65000000000003411, -1.450000000000005063, 4.249999999999819700 ) ) ;
#10930 = CARTESIAN_POINT ( 'NONE',  ( -71.45000000000004547, -10.45000000000000462, 4.799999999999813305 ) ) ;
#10931 = PLANE ( 'NONE',  #10414 ) ;
#10932 = SURFACE_SIDE_STYLE ('',( #10181 ) ) ;
#10933 = LINE ( 'NONE', #11053, #573 ) ;
#10934 = ADVANCED_FACE ( 'NONE', ( #8940 ), #180, .F. ) ;
#10935 = VERTEX_POINT ( 'NONE', #3078 ) ;
#10936 = ORIENTED_EDGE ( 'NONE', *, *, #7062, .F. ) ;
#10937 = EDGE_CURVE ( 'NONE', #4081, #5732, #10746, .T. ) ;
#10938 = CARTESIAN_POINT ( 'NONE',  ( -70.54999999999998295, -10.45000000000000284, 3.299999999999846612 ) ) ;
#10939 = ORIENTED_EDGE ( 'NONE', *, *, #8926, .T. ) ;
#10940 = SURFACE_SIDE_STYLE ('',( #7128 ) ) ;
#10941 = CARTESIAN_POINT ( 'NONE',  ( -69.76111111111109153, -10.45000000000000284, 2.999999999999876099 ) ) ;
#10943 = STYLED_ITEM ( 'NONE', ( #5318 ), #567 ) ;
#10942 = PRESENTATION_LAYER_ASSIGNMENT (  '', '', ( #5920 ) ) ;
#10944 = EDGE_LOOP ( 'NONE', ( #4550, #11346, #4477, #6157 ) ) ;
#10945 = ADVANCED_FACE ( 'NONE', ( #2500 ), #12042, .F. ) ;
#10946 = CARTESIAN_POINT ( 'NONE',  ( -67.41388888888887720, -10.45000000000000107, 2.999999999999962697 ) ) ;
#10947 = CIRCLE ( 'NONE', #3511, 0.3775056129180818232 ) ;
#10948 = CARTESIAN_POINT ( 'NONE',  ( -64.59722222222220012, -10.44999999999999751, 3.000000000000067057 ) ) ;
#10949 = EDGE_CURVE ( 'NONE', #6956, #10988, #2251, .T. ) ;
#10950 = AXIS2_PLACEMENT_3D ( 'NONE', #5427, #4426, #8365 ) ;
#10951 = PRESENTATION_STYLE_ASSIGNMENT (( #6248 ) ) ;
#10952 = FILL_AREA_STYLE_COLOUR ( '', #5659 ) ;
#10953 = FACE_OUTER_BOUND ( 'NONE', #3123, .T. ) ;
#10954 = DIRECTION ( 'NONE',  ( -3.422444243843710876E-14, 2.775557561562890384E-30, 1.000000000000000000 ) ) ;
#10955 = COLOUR_RGB ( '',0.9529411764705881804, 0.7960784313725489669, 0.4862745098039215619 ) ;
#10956 = LINE ( 'NONE', #404, #8625 ) ;
#10957 = EDGE_CURVE ( 'NONE', #9679, #9070, #7169, .T. ) ;
#10958 = EDGE_CURVE ( 'NONE', #11584, #1933, #11976, .T. ) ;
#10959 = ORIENTED_EDGE ( 'NONE', *, *, #4777, .T. ) ;
#10960 = ORIENTED_EDGE ( 'NONE', *, *, #5094, .T. ) ;
#10961 = SURFACE_STYLE_USAGE ( .BOTH. , #4219 ) ;
#10962 = FILL_AREA_STYLE_COLOUR ( '', #10064 ) ;
#10963 = DIRECTION ( 'NONE',  ( 1.000000000000000000, 1.000000000000000078E-15, 3.700000000000000011E-14 ) ) ;
#10964 = CARTESIAN_POINT ( 'NONE',  ( -66.01201378195158043, -5.807670578265018868, 2.300000000000014921 ) ) ;
#10965 = EDGE_CURVE ( 'NONE', #11584, #5950, #7299, .T. ) ;
#10966 =( NAMED_UNIT ( * ) SI_UNIT ( $, .STERADIAN. ) SOLID_ANGLE_UNIT ( ) );
#10967 = CARTESIAN_POINT ( 'NONE',  ( -62.24999999999997868, -10.44999999999999574, 3.000000000000153655 ) ) ;
#10968 = FILL_AREA_STYLE ('',( #10160 ) ) ;
#10969 = EDGE_LOOP ( 'NONE', ( #1519, #6957, #8332, #11605 ) ) ;
#10970 = SURFACE_SIDE_STYLE ('',( #7220 ) ) ;
#10971 = MECHANICAL_DESIGN_GEOMETRIC_PRESENTATION_REPRESENTATION (  '', ( #2284 ), #137 ) ;
#10972 =( GEOMETRIC_REPRESENTATION_CONTEXT ( 3 ) GLOBAL_UNCERTAINTY_ASSIGNED_CONTEXT ( ( #5447 ) ) GLOBAL_UNIT_ASSIGNED_CONTEXT ( ( #468, #1538, #3460 ) ) REPRESENTATION_CONTEXT ( 'NONE', 'WORKASPACE' ) );
#10973 = EDGE_LOOP ( 'NONE', ( #9887, #5494, #2285, #11399 ) ) ;
#10974 = VERTEX_POINT ( 'NONE', #11110 ) ;
#10975 = CARTESIAN_POINT ( 'NONE',  ( -71.64999999999999147, -1.450000000000005063, 3.049999999999819966 ) ) ;
#10976 = PRESENTATION_STYLE_ASSIGNMENT (( #8309 ) ) ;
#10977 = CARTESIAN_POINT ( 'NONE',  ( -64.59722222222221433, -10.44999999999999751, 3.300000000000066880 ) ) ;
#10978 = CARTESIAN_POINT ( 'NONE',  ( -67.56388888889003397, 1.099999999999998535, 4.249999999999957367 ) ) ;
#10979 = LINE ( 'NONE', #5487, #1064 ) ;
#10980 = CARTESIAN_POINT ( 'NONE',  ( -71.45000000000005969, 1.549999999999995826, 4.599999999999813127 ) ) ;
#10981 = DIRECTION ( 'NONE',  ( 1.000000000000000078E-15, -1.000000000000000000, 0.000000000000000000 ) ) ;
#10982 = MECHANICAL_DESIGN_GEOMETRIC_PRESENTATION_REPRESENTATION (  '', ( #4749 ), #12379 ) ;
#10983 = VECTOR ( 'NONE', #4195, 1000.000000000000000 ) ;
#10984 = DIRECTION ( 'NONE',  ( -3.700000000000000011E-14, 0.000000000000000000, 1.000000000000000000 ) ) ;
#10985 = LINE ( 'NONE', #10126, #3451 ) ;
#10986 = CARTESIAN_POINT ( 'NONE',  ( -61.85784271247462840, -2.449999999999993960, 3.550000000000169020 ) ) ;
#10987 = ORIENTED_EDGE ( 'NONE', *, *, #1317, .T. ) ;
#10988 = VERTEX_POINT ( 'NONE', #6287 ) ;
#10989 = LINE ( 'NONE', #3378, #7874 ) ;
#10990 = PRESENTATION_STYLE_ASSIGNMENT (( #9329 ) ) ;
#10991 = AXIS2_PLACEMENT_3D ( 'NONE', #7622, #2833, #10557 ) ;
#10992 = DIRECTION ( 'NONE',  ( -3.700000000000000011E-14, 0.000000000000000000, 1.000000000000000000 ) ) ;
#10993 = ORIENTED_EDGE ( 'NONE', *, *, #4337, .T. ) ;
#10994 = DIRECTION ( 'NONE',  ( 1.000000000000000078E-15, -1.000000000000000000, 0.000000000000000000 ) ) ;
#10995 = FILL_AREA_STYLE ('',( #11988 ) ) ;
#10996 = EDGE_CURVE ( 'NONE', #3108, #4823, #11793, .T. ) ;
#10997 = DIRECTION ( 'NONE',  ( 1.000000000000000078E-15, -1.000000000000000000, 0.000000000000000000 ) ) ;
#10998 = EDGE_LOOP ( 'NONE', ( #2504, #5350, #2961, #7183 ) ) ;
#10999 = FACE_OUTER_BOUND ( 'NONE', #2098, .T. ) ;
#11000 = COLOUR_RGB ( '',0.9529411764705881804, 0.7960784313725489669, 0.4862745098039215619 ) ;
#11001 = VECTOR ( 'NONE', #9300, 1000.000000000000000 ) ;
#11002 = EDGE_CURVE ( 'NONE', #11832, #5007, #7048, .T. ) ;
#11003 = FACE_OUTER_BOUND ( 'NONE', #10131, .T. ) ;
#11004 = AXIS2_PLACEMENT_3D ( 'NONE', #4342, #10963, #8164 ) ;
#11005 = DIRECTION ( 'NONE',  ( -3.700000000000000011E-14, 0.000000000000000000, 1.000000000000000000 ) ) ;
#11006 = LINE ( 'NONE', #6421, #7755 ) ;
#11007 = PLANE ( 'NONE',  #4435 ) ;
#11008 = PRESENTATION_STYLE_ASSIGNMENT (( #3459 ) ) ;
#11009 = DIRECTION ( 'NONE',  ( -3.700000000000000011E-14, 0.000000000000000000, 1.000000000000000000 ) ) ;
#11010 = VECTOR ( 'NONE', #9601, 1000.000000000000000 ) ;
#11011 = VECTOR ( 'NONE', #10326, 1000.000000000000000 ) ;
#11012 = EDGE_CURVE ( 'NONE', #2545, #6342, #6085, .T. ) ;
#11013 = LINE ( 'NONE', #6365, #3250 ) ;
#11014 = PRESENTATION_LAYER_ASSIGNMENT (  '', '', ( #2578 ) ) ;
#11015 = CARTESIAN_POINT ( 'NONE',  ( -62.56568542494919427, -10.44999999999999574, 2.300000000000142375 ) ) ;
#11016 = FACE_OUTER_BOUND ( 'NONE', #8763, .T. ) ;
#11017 = ORIENTED_EDGE ( 'NONE', *, *, #2576, .T. ) ;
#11018 = PLANE ( 'NONE',  #6144 ) ;
#11019 =( NAMED_UNIT ( * ) PLANE_ANGLE_UNIT ( ) SI_UNIT ( $, .RADIAN. ) );
#11020 = MECHANICAL_DESIGN_GEOMETRIC_PRESENTATION_REPRESENTATION (  '', ( #1593 ), #7418 ) ;
#11021 = VERTEX_POINT ( 'NONE', #1336 ) ;
#11022 = AXIS2_PLACEMENT_3D ( 'NONE', #10174, #11972, #7343 ) ;
#11023 = ORIENTED_EDGE ( 'NONE', *, *, #8417, .F. ) ;
#11024 =( NAMED_UNIT ( * ) SI_UNIT ( $, .STERADIAN. ) SOLID_ANGLE_UNIT ( ) );
#11025 = DIRECTION ( 'NONE',  ( -0.6878285594753009713, 0.7258731795362962647, -2.527374108194470085E-14 ) ) ;
#11026 = EDGE_CURVE ( 'NONE', #2300, #8996, #8130, .T. ) ;
#11027 = COLOUR_RGB ( '',0.9529411764705881804, 0.7960784313725489669, 0.4862745098039215619 ) ;
#11028 = DIRECTION ( 'NONE',  ( -1.000000000000000000, -1.084202172485510942E-15, -3.686287386450737164E-14 ) ) ;
#11029 = DIRECTION ( 'NONE',  ( 1.000000000000000000, 2.253215950407110108E-15, 3.700233906981714543E-14 ) ) ;
#11030 = EDGE_CURVE ( 'NONE', #7353, #4153, #10125, .T. ) ;
#11031 = DIRECTION ( 'NONE',  ( 1.000000000000000078E-15, -1.000000000000000000, 0.000000000000000000 ) ) ;
#11032 = DIRECTION ( 'NONE',  ( 1.000000000000000000, 1.000000000000000078E-15, 3.700000000000000011E-14 ) ) ;
#11033 = DIRECTION ( 'NONE',  ( -1.000000000000000078E-15, 1.000000000000000000, 0.000000000000000000 ) ) ;
#11034 = ORIENTED_EDGE ( 'NONE', *, *, #11563, .F. ) ;
#11035 = LINE ( 'NONE', #11964, #11738 ) ;
#11036 = EDGE_LOOP ( 'NONE', ( #11818, #4643, #10294, #1732 ) ) ;
#11037 = ORIENTED_EDGE ( 'NONE', *, *, #7819, .F. ) ;
#11038 = VECTOR ( 'NONE', #4652, 1000.000000000000000 ) ;
#11039 = DIRECTION ( 'NONE',  ( -0.7071067811865269226, -1.084202172485497926E-15, -0.7071067811865681119 ) ) ;
#11040 = PRODUCT_RELATED_PRODUCT_CATEGORY ( 'part', '', ( #6537 ) ) ;
#11041 = DIRECTION ( 'NONE',  ( 0.7071067811865724417, 7.071067811865379684E-16, -0.7071067811865227037 ) ) ;
#11042 = PRESENTATION_STYLE_ASSIGNMENT (( #6146 ) ) ;
#11043 = CARTESIAN_POINT ( 'NONE',  ( -69.14166666666666572, -3.950000000000001954, 3.299999999999899014 ) ) ;
#11044 = UNCERTAINTY_MEASURE_WITH_UNIT (LENGTH_MEASURE( 1.000000000000000082E-05 ), #6776, 'distance_accuracy_value', 'NONE');
#11045 = DIRECTION ( 'NONE',  ( -1.000000000000000078E-15, 1.000000000000000000, 0.000000000000000000 ) ) ;
#11046 = SURFACE_SIDE_STYLE ('',( #11973 ) ) ;
#11047 = DIRECTION ( 'NONE',  ( -3.700000000000000011E-14, 0.000000000000000000, 1.000000000000000000 ) ) ;
#11048 = COLOUR_RGB ( '',0.007843137254901960675, 0.007843137254901960675, 0.007843137254901960675 ) ;
#11049 = EDGE_CURVE ( 'NONE', #12171, #169, #9192, .T. ) ;
#11050 = CARTESIAN_POINT ( 'NONE',  ( -69.61111111111110006, -3.950000000000002842, 3.074999999999881162 ) ) ;
#11051 = CARTESIAN_POINT ( 'NONE',  ( -67.28333333333446831, 3.550000074505798242, 4.049999999999967848 ) ) ;
#11052 =( GEOMETRIC_REPRESENTATION_CONTEXT ( 3 ) GLOBAL_UNCERTAINTY_ASSIGNED_CONTEXT ( ( #1054 ) ) GLOBAL_UNIT_ASSIGNED_CONTEXT ( ( #8364, #10924, #6145 ) ) REPRESENTATION_CONTEXT ( 'NONE', 'WORKASPACE' ) );
#11053 = CARTESIAN_POINT ( 'NONE',  ( -66.92056546040062415, -8.901584320448980847, 2.299999999999980727 ) ) ;
#11054 = ORIENTED_EDGE ( 'NONE', *, *, #8312, .F. ) ;
#11055 = ORIENTED_EDGE ( 'NONE', *, *, #11153, .F. ) ;
#11056 = DIRECTION ( 'NONE',  ( 1.000000000000000000, 1.000000000000000078E-15, 3.700000000000000011E-14 ) ) ;
#11057 =( LENGTH_UNIT ( ) NAMED_UNIT ( * ) SI_UNIT ( .MILLI., .METRE. ) );
#11058 = SURFACE_STYLE_FILL_AREA ( #8383 ) ;
#11059 = EDGE_CURVE ( 'NONE', #7053, #2900, #373, .T. ) ;
#11060 = VERTEX_POINT ( 'NONE', #9995 ) ;
#11061 = DIRECTION ( 'NONE',  ( 3.421580731527764731E-14, -2.784192684722350676E-30, -1.000000000000000000 ) ) ;
#11062 = PRESENTATION_LAYER_ASSIGNMENT (  '', '', ( #4011 ) ) ;
#11063 = CARTESIAN_POINT ( 'NONE',  ( -65.90201378195158100, -5.807670578265017980, 2.300000000000018474 ) ) ;
#11064 = PRESENTATION_LAYER_ASSIGNMENT (  '', '', ( #1452 ) ) ;
#11065 = DIRECTION ( 'NONE',  ( -1.000000000000000000, -1.000000000000000078E-15, -3.700000000000000011E-14 ) ) ;
#11066 = LINE ( 'NONE', #2326, #12245 ) ;
#11067 = STYLED_ITEM ( 'NONE', ( #891 ), #4322 ) ;
#11068 = PRESENTATION_LAYER_ASSIGNMENT (  '', '', ( #10866 ) ) ;
#11069 = VECTOR ( 'NONE', #4665, 1000.000000000000000 ) ;
#11070 = STYLED_ITEM ( 'NONE', ( #9151 ), #1312 ) ;
#11071 = COLOUR_RGB ( '',0.9529411764705881804, 0.7960784313725489669, 0.4862745098039215619 ) ;
#11072 = AXIS2_PLACEMENT_3D ( 'NONE', #7314, #6425, #12325 ) ;
#11073 =( NAMED_UNIT ( * ) SI_UNIT ( $, .STERADIAN. ) SOLID_ANGLE_UNIT ( ) );
#11074 = CYLINDRICAL_SURFACE ( 'NONE', #8626, 0.2000000000000005940 ) ;
#11075 = DIRECTION ( 'NONE',  ( -1.000000000000000000, -1.000000000000000078E-15, -3.700000000000000011E-14 ) ) ;
#11076 =( NAMED_UNIT ( * ) SI_UNIT ( $, .STERADIAN. ) SOLID_ANGLE_UNIT ( ) );
#11077 = VECTOR ( 'NONE', #2926, 1000.000000000000000 ) ;
#11078 =( NAMED_UNIT ( * ) PLANE_ANGLE_UNIT ( ) SI_UNIT ( $, .RADIAN. ) );
#11079 = AXIS2_PLACEMENT_3D ( 'NONE', #3815, #7684, #2890 ) ;
#11080 = SURFACE_SIDE_STYLE ('',( #10432 ) ) ;
#11081 = LINE ( 'NONE', #4211, #3601 ) ;
#11082 = PRESENTATION_LAYER_ASSIGNMENT (  '', '', ( #7889 ) ) ;
#11083 = VECTOR ( 'NONE', #11893, 1000.000000000000000 ) ;
#11084 = PRESENTATION_STYLE_ASSIGNMENT (( #282 ) ) ;
#11085 = EDGE_LOOP ( 'NONE', ( #1190, #12051, #113, #8194 ) ) ;
#11086 = ORIENTED_EDGE ( 'NONE', *, *, #5962, .F. ) ;
#11088 = EDGE_CURVE ( 'NONE', #6884, #10291, #12429, .T. ) ;
#11087 =( NAMED_UNIT ( * ) SI_UNIT ( $, .STERADIAN. ) SOLID_ANGLE_UNIT ( ) );
#11089 = AXIS2_PLACEMENT_3D ( 'NONE', #7170, #2501, #6221 ) ;
#11090 = LINE ( 'NONE', #3344, #1241 ) ;
#11091 = ADVANCED_FACE ( 'NONE', ( #1457 ), #4431, .F. ) ;
#11092 =( NAMED_UNIT ( * ) PLANE_ANGLE_UNIT ( ) SI_UNIT ( $, .RADIAN. ) );
#11093 =( GEOMETRIC_REPRESENTATION_CONTEXT ( 3 ) GLOBAL_UNCERTAINTY_ASSIGNED_CONTEXT ( ( #5526 ) ) GLOBAL_UNIT_ASSIGNED_CONTEXT ( ( #9814, #4061, #4936 ) ) REPRESENTATION_CONTEXT ( 'NONE', 'WORKASPACE' ) );
#11094 = CARTESIAN_POINT ( 'NONE',  ( -70.23431457505071762, -2.399999617645522942, 2.299999999999858602 ) ) ;
#11095 = CARTESIAN_POINT ( 'NONE',  ( -66.16043361310818227, -5.716237437971248170, 2.300000000000009148 ) ) ;
#11096 = PRESENTATION_STYLE_ASSIGNMENT (( #5345 ) ) ;
#11097 = FILL_AREA_STYLE_COLOUR ( '', #8845 ) ;
#11098 = EDGE_LOOP ( 'NONE', ( #6060, #10472, #7794, #1003 ) ) ;
#11099 = COLOUR_RGB ( '',0.9529411764705881804, 0.7960784313725489669, 0.4862745098039215619 ) ;
#11100 = VERTEX_POINT ( 'NONE', #1634 ) ;
#11101 = ORIENTED_EDGE ( 'NONE', *, *, #3154, .T. ) ;
#11102 = ORIENTED_EDGE ( 'NONE', *, *, #10965, .T. ) ;
#11103 = CARTESIAN_POINT ( 'NONE',  ( -67.41388888888889142, -3.950000000000000178, 3.299999999999962519 ) ) ;
#11104 = CARTESIAN_POINT ( 'NONE',  ( -62.55000000000003268, -9.499999999999994671, 4.600000000000141753 ) ) ;
#11105 = PRESENTATION_LAYER_ASSIGNMENT (  '', '', ( #4066 ) ) ;
#11106 = CYLINDRICAL_SURFACE ( 'NONE', #1410, 0.2000000000000057288 ) ;
#11107 = EDGE_CURVE ( 'NONE', #8138, #4620, #7029, .T. ) ;
#11108 = UNCERTAINTY_MEASURE_WITH_UNIT (LENGTH_MEASURE( 1.000000000000000082E-05 ), #11437, 'distance_accuracy_value', 'NONE');
#11109 = DIRECTION ( 'NONE',  ( -3.700000000000000011E-14, 6.360191048344410484E-30, 1.000000000000000000 ) ) ;
#11110 = CARTESIAN_POINT ( 'NONE',  ( -68.45000000000004547, -8.300000000000002487, 4.799999999999924327 ) ) ;
#11111 = AXIS2_PLACEMENT_3D ( 'NONE', #4129, #2197, #6031 ) ;
#11112 = ORIENTED_EDGE ( 'NONE', *, *, #362, .T. ) ;
#11113 = ORIENTED_EDGE ( 'NONE', *, *, #3859, .F. ) ;
#11114 = EDGE_CURVE ( 'NONE', #3230, #8237, #2695, .T. ) ;
#11115 = LINE ( 'NONE', #4258, #9699 ) ;
#11116 = VECTOR ( 'NONE', #4175, 1000.000000000000000 ) ;
#11117 = DIRECTION ( 'NONE',  ( 3.700000000000000011E-14, -0.000000000000000000, -1.000000000000000000 ) ) ;
#11118 = ADVANCED_FACE ( 'NONE', ( #9324 ), #10357, .F. ) ;
#11119 = ORIENTED_EDGE ( 'NONE', *, *, #1875, .F. ) ;
#11120 = DIRECTION ( 'NONE',  ( 0.3017120651456864366, -0.9533990925869003652, 1.145185945597396867E-14 ) ) ;
#11121 = ADVANCED_FACE ( 'NONE', ( #5558 ), #818, .F. ) ;
#11122 = DIRECTION ( 'NONE',  ( -3.700000000000000011E-14, 0.000000000000000000, 1.000000000000000000 ) ) ;
#11123 = CARTESIAN_POINT ( 'NONE',  ( -66.85876734635691321, -5.820804194777469576, 2.309999999999983178 ) ) ;
#11124 = DIRECTION ( 'NONE',  ( 1.000000000000000000, 2.253215950407110108E-15, 3.700233906981714543E-14 ) ) ;
#11125 = DIRECTION ( 'NONE',  ( -1.000000000000000000, -1.000000000000000078E-15, -3.700000000000000011E-14 ) ) ;
#11126 = CARTESIAN_POINT ( 'NONE',  ( -71.64999999999997726, -2.450000000000004174, 2.699999999999819877 ) ) ;
#11127 = CARTESIAN_POINT ( 'NONE',  ( -68.33431457505071194, -9.850000000000001421, 2.299999999999928768 ) ) ;
#11128 = CARTESIAN_POINT ( 'NONE',  ( -67.28333333333448252, -0.4500000000000007327, 4.249999999999967137 ) ) ;
#11129 = VERTEX_POINT ( 'NONE', #2289 ) ;
#11130 = SURFACE_STYLE_USAGE ( .BOTH. , #3457 ) ;
#11131 = FACE_OUTER_BOUND ( 'NONE', #7961, .T. ) ;
#11132 = CARTESIAN_POINT ( 'NONE',  ( -61.15000000000003411, -1.449999999999994627, 4.125000000000194511 ) ) ;
#11133 = SURFACE_STYLE_FILL_AREA ( #6624 ) ;
#11134 = SURFACE_STYLE_FILL_AREA ( #12003 ) ;
#11135 = CARTESIAN_POINT ( 'NONE',  ( -69.29166666666665719, -10.45000000000000284, 2.999999999999893419 ) ) ;
#11136 = CARTESIAN_POINT ( 'NONE',  ( -66.79444444444443718, -10.44999999999999929, 3.299999999999985612 ) ) ;
#11137 = LINE ( 'NONE', #6501, #9375 ) ;
#11138 = CARTESIAN_POINT ( 'NONE',  ( -67.48333333333447115, -0.4500000000000007327, 4.249999999999960032 ) ) ;
#11139 = EDGE_CURVE ( 'NONE', #1754, #8709, #9168, .T. ) ;
#11140 =( GEOMETRIC_REPRESENTATION_CONTEXT ( 3 ) GLOBAL_UNCERTAINTY_ASSIGNED_CONTEXT ( ( #6731 ) ) GLOBAL_UNIT_ASSIGNED_CONTEXT ( ( #8550, #2546, #9311 ) ) REPRESENTATION_CONTEXT ( 'NONE', 'WORKASPACE' ) );
#11141 = EDGE_LOOP ( 'NONE', ( #5765, #3445, #7057, #10486 ) ) ;
#11142 = ORIENTED_EDGE ( 'NONE', *, *, #8766, .T. ) ;
#11143 = CARTESIAN_POINT ( 'NONE',  ( -63.97777777777776009, -10.44999999999999751, 3.000000000000089706 ) ) ;
#11144 = SURFACE_SIDE_STYLE ('',( #11204 ) ) ;
#11145 = PRESENTATION_LAYER_ASSIGNMENT (  '', '', ( #4506 ) ) ;
#11146 = SURFACE_STYLE_FILL_AREA ( #6130 ) ;
#11147 = CARTESIAN_POINT ( 'NONE',  ( -71.25000000000001421, -10.45000000000000462, 3.715685424949059623 ) ) ;
#11148 = VECTOR ( 'NONE', #5097, 1000.000000000000000 ) ;
#11149 = DIRECTION ( 'NONE',  ( 3.825546163768862720E-14, 1.255461637688630224E-30, -1.000000000000000000 ) ) ;
#11150 = VECTOR ( 'NONE', #8215, 1000.000000000000000 ) ;
#11151 = PRESENTATION_STYLE_ASSIGNMENT (( #10340 ) ) ;
#11152 = CARTESIAN_POINT ( 'NONE',  ( -68.23431457505071762, -8.050000000000000711, 2.499999999999932498 ) ) ;
#11153 = EDGE_CURVE ( 'NONE', #7353, #2077, #5593, .T. ) ;
#11154 = ORIENTED_EDGE ( 'NONE', *, *, #7639, .T. ) ;
#11155 = EDGE_CURVE ( 'NONE', #254, #11449, #1374, .T. ) ;
#11156 = ORIENTED_EDGE ( 'NONE', *, *, #12033, .T. ) ;
#11157 = ORIENTED_EDGE ( 'NONE', *, *, #8218, .T. ) ;
#11158 =( NAMED_UNIT ( * ) SI_UNIT ( $, .STERADIAN. ) SOLID_ANGLE_UNIT ( ) );
#11159 = AXIS2_PLACEMENT_3D ( 'NONE', #10033, #6381, #9043 ) ;
#11160 = DIRECTION ( 'NONE',  ( -1.000000000000000000, -1.000000000000000078E-15, -3.754653881869017213E-14 ) ) ;
#11161 = DIRECTION ( 'NONE',  ( 1.000000000000000000, 1.000000000000000078E-15, 3.695877884809559986E-14 ) ) ;
#11162 = COLOUR_RGB ( '',0.9529411764705881804, 0.7960784313725489669, 0.4862745098039215619 ) ;
#11163 = UNCERTAINTY_MEASURE_WITH_UNIT (LENGTH_MEASURE( 1.000000000000000082E-05 ), #5242, 'distance_accuracy_value', 'NONE');
#11164 =( LENGTH_UNIT ( ) NAMED_UNIT ( * ) SI_UNIT ( .MILLI., .METRE. ) );
#11165 = ADVANCED_FACE ( 'NONE', ( #3234 ), #12017, .T. ) ;
#11166 = DIRECTION ( 'NONE',  ( 3.700000000000000011E-14, -0.000000000000000000, -1.000000000000000000 ) ) ;
#11167 = LINE ( 'NONE', #5554, #2681 ) ;
#11168 = PRESENTATION_STYLE_ASSIGNMENT (( #9254 ) ) ;
#11169 = CIRCLE ( 'NONE', #7578, 0.08500000000000332290 ) ;
#11170 = EDGE_LOOP ( 'NONE', ( #3151, #4481, #1316, #1639 ) ) ;
#11171 = ORIENTED_EDGE ( 'NONE', *, *, #142, .T. ) ;
#11172 = PLANE ( 'NONE',  #8286 ) ;
#11173 = DIRECTION ( 'NONE',  ( -3.695877884809559986E-14, 4.122115190439939038E-32, 1.000000000000000000 ) ) ;
#11174 = ORIENTED_EDGE ( 'NONE', *, *, #10739, .F. ) ;
#11175 = VECTOR ( 'NONE', #7060, 1000.000000000000000 ) ;
#11176 = COLOUR_RGB ( '',0.007843137254901960675, 0.007843137254901960675, 0.007843137254901960675 ) ;
#11177 = EDGE_CURVE ( 'NONE', #11785, #6372, #7091, .T. ) ;
#11178 = CARTESIAN_POINT ( 'NONE',  ( -68.23431457505071762, -9.850000000000001421, 2.299999999999932321 ) ) ;
#11179 = FILL_AREA_STYLE_COLOUR ( '', #3551 ) ;
#11180 = CARTESIAN_POINT ( 'NONE',  ( -61.15000000000003411, -10.44999999999999396, 4.600000000000194156 ) ) ;
#11181 = MECHANICAL_DESIGN_GEOMETRIC_PRESENTATION_REPRESENTATION (  '', ( #4548 ), #2771 ) ;
#11182 = AXIS2_PLACEMENT_3D ( 'NONE', #2898, #10562, #7805 ) ;
#11183 = AXIS2_PLACEMENT_3D ( 'NONE', #3504, #1477, #10315 ) ;
#11184 = CARTESIAN_POINT ( 'NONE',  ( -61.90000000000003411, -0.4499998509883939013, 4.050000000000165912 ) ) ;
#11185 = FILL_AREA_STYLE ('',( #9275 ) ) ;
#11186 = ORIENTED_EDGE ( 'NONE', *, *, #10123, .T. ) ;
#11187 = PLANE ( 'NONE',  #10172 ) ;
#11188 = EDGE_CURVE ( 'NONE', #12171, #6600, #6232, .T. ) ;
#11189 = CARTESIAN_POINT ( 'NONE',  ( -66.47499999999999432, -10.44999999999999929, 3.299999999999997158 ) ) ;
#11190 = FILL_AREA_STYLE ('',( #7375 ) ) ;
#11191 = CARTESIAN_POINT ( 'NONE',  ( -64.15000000000004832, -9.499999999999996447, 4.800000000000083311 ) ) ;
#11192 = DIRECTION ( 'NONE',  ( -1.000000000000000000, -5.374070730728520780E-16, -3.700000000000000011E-14 ) ) ;
#11193 = AXIS2_PLACEMENT_3D ( 'NONE', #8102, #9104, #1604 ) ;
#11194 = STYLED_ITEM ( 'NONE', ( #7527 ), #6131 ) ;
#11195 = CARTESIAN_POINT ( 'NONE',  ( -70.08055555555554861, -3.950000000000002842, 3.074999999999863842 ) ) ;
#11196 = STYLED_ITEM ( 'NONE', ( #147 ), #12028 ) ;
#11197 = PRESENTATION_STYLE_ASSIGNMENT (( #2722 ) ) ;
#11198 = CARTESIAN_POINT ( 'NONE',  ( -70.70000000000000284, -3.950000000000003730, 3.299999979883273316 ) ) ;
#11199 = PRESENTATION_STYLE_ASSIGNMENT (( #6311 ) ) ;
#11200 = ORIENTED_EDGE ( 'NONE', *, *, #7098, .T. ) ;
#11201 = VECTOR ( 'NONE', #3033, 1000.000000000000000 ) ;
#11202 = ORIENTED_EDGE ( 'NONE', *, *, #4729, .T. ) ;
#11203 = DIRECTION ( 'NONE',  ( 3.700000000000000011E-14, -0.000000000000000000, -1.000000000000000000 ) ) ;
#11204 = SURFACE_STYLE_FILL_AREA ( #7204 ) ;
#11205 = PRESENTATION_LAYER_ASSIGNMENT (  '', '', ( #11196 ) ) ;
#11206 =( NAMED_UNIT ( * ) PLANE_ANGLE_UNIT ( ) SI_UNIT ( $, .RADIAN. ) );
#11207 = DIRECTION ( 'NONE',  ( 3.700000000000000011E-14, -0.000000000000000000, -1.000000000000000000 ) ) ;
#11208 = EDGE_CURVE ( 'NONE', #4918, #7726, #482, .T. ) ;
#11209 = FACE_BOUND ( 'NONE', #1692, .T. ) ;
#11210 = CARTESIAN_POINT ( 'NONE',  ( -66.79444444444443718, -10.44999999999999929, 3.299999999999985612 ) ) ;
#11211 = DIRECTION ( 'NONE',  ( -1.000000000000000078E-15, 1.000000000000000000, 0.000000000000000000 ) ) ;
#11212 = CARTESIAN_POINT ( 'NONE',  ( -61.40857864376270214, -2.449999999999993960, 3.574264068712112774 ) ) ;
#11213 = FILL_AREA_STYLE ('',( #6577 ) ) ;
#11214 = CIRCLE ( 'NONE', #6405, 0.2000000000000005940 ) ;
#11215 = VECTOR ( 'NONE', #9002, 1000.000000000000000 ) ;
#11216 = ORIENTED_EDGE ( 'NONE', *, *, #10683, .T. ) ;
#11217 = VERTEX_POINT ( 'NONE', #7208 ) ;
#11218 = ORIENTED_EDGE ( 'NONE', *, *, #9293, .T. ) ;
#11219 = VERTEX_POINT ( 'NONE', #5258 ) ;
#11220 = DIRECTION ( 'NONE',  ( 6.938893903907224591E-14, 0.000000000000000000, -1.000000000000000000 ) ) ;
#11221 = ADVANCED_FACE ( 'NONE', ( #12050 ), #701, .T. ) ;
#11222 = LINE ( 'NONE', #3362, #3716 ) ;
#11223 = DIRECTION ( 'NONE',  ( -1.000000000000000078E-15, 1.000000000000000000, 0.000000000000000000 ) ) ;
#11224 = MECHANICAL_DESIGN_GEOMETRIC_PRESENTATION_REPRESENTATION (  '', ( #4185 ), #3010 ) ;
#11225 = PRESENTATION_STYLE_ASSIGNMENT (( #1701 ) ) ;
#11226 = SURFACE_SIDE_STYLE ('',( #7345 ) ) ;
#11227 = EDGE_CURVE ( 'NONE', #3071, #9121, #571, .T. ) ;
#11228 = LINE ( 'NONE', #2626, #5793 ) ;
#11229 = ORIENTED_EDGE ( 'NONE', *, *, #7366, .F. ) ;
#11230 = STYLED_ITEM ( 'NONE', ( #6477 ), #11264 ) ;
#11231 = EDGE_LOOP ( 'NONE', ( #430, #2521, #88, #1574 ) ) ;
#11232 = ORIENTED_EDGE ( 'NONE', *, *, #8406, .F. ) ;
#11233 = PRESENTATION_STYLE_ASSIGNMENT (( #64 ) ) ;
#11234 = CARTESIAN_POINT ( 'NONE',  ( -70.51715728752535028, -2.450000000000002398, 2.417157287525228071 ) ) ;
#11235 = SURFACE_SIDE_STYLE ('',( #4625 ) ) ;
#11236 = VECTOR ( 'NONE', #4721, 1000.000000000000000 ) ;
#11237 = VECTOR ( 'NONE', #7986, 1000.000000000000000 ) ;
#11238 = UNCERTAINTY_MEASURE_WITH_UNIT (LENGTH_MEASURE( 1.000000000000000082E-05 ), #5789, 'distance_accuracy_value', 'NONE');
#11239 = AXIS2_PLACEMENT_3D ( 'NONE', #6358, #10079, #10262 ) ;
#11240 =( NAMED_UNIT ( * ) PLANE_ANGLE_UNIT ( ) SI_UNIT ( $, .RADIAN. ) );
#11241 =( NAMED_UNIT ( * ) SI_UNIT ( $, .STERADIAN. ) SOLID_ANGLE_UNIT ( ) );
#11242 = CIRCLE ( 'NONE', #5841, 0.3975056129180763453 ) ;
#11243 = PRESENTATION_LAYER_ASSIGNMENT (  '', '', ( #3823 ) ) ;
#11244 = CARTESIAN_POINT ( 'NONE',  ( -68.82222222222220864, -10.45000000000000107, 3.299999999999910560 ) ) ;
#11245 = VERTEX_POINT ( 'NONE', #8382 ) ;
#11246 = EDGE_CURVE ( 'NONE', #1471, #3291, #9663, .T. ) ;
#11247 = FILL_AREA_STYLE ('',( #1837 ) ) ;
#11248 = LINE ( 'NONE', #1658, #6679 ) ;
#11249 = FILL_AREA_STYLE ('',( #715 ) ) ;
#11250 = STYLED_ITEM ( 'NONE', ( #1142 ), #10934 ) ;
#11251 = DIRECTION ( 'NONE',  ( -1.000000000000000000, -1.000000000000000078E-15, -3.700000000000000011E-14 ) ) ;
#11252 = LINE ( 'NONE', #9649, #4042 ) ;
#11253 =( GEOMETRIC_REPRESENTATION_CONTEXT ( 3 ) GLOBAL_UNCERTAINTY_ASSIGNED_CONTEXT ( ( #12073 ) ) GLOBAL_UNIT_ASSIGNED_CONTEXT ( ( #8507, #10493, #1940 ) ) REPRESENTATION_CONTEXT ( 'NONE', 'WORKASPACE' ) );
#11254 = CARTESIAN_POINT ( 'NONE',  ( -70.54999999999999716, -3.950000000000003730, 3.299999999999846612 ) ) ;
#11255 = AXIS2_PLACEMENT_3D ( 'NONE', #2486, #6324, #10919 ) ;
#11256 = VECTOR ( 'NONE', #6111, 1000.000000000000000 ) ;
#11257 = COLOUR_RGB ( '',0.007843137254901960675, 0.007843137254901960675, 0.007843137254901960675 ) ;
#11258 = ORIENTED_EDGE ( 'NONE', *, *, #3797, .F. ) ;
#11259 = ORIENTED_EDGE ( 'NONE', *, *, #6727, .T. ) ;
#11260 = CARTESIAN_POINT ( 'NONE',  ( -64.15000000000004832, -8.299999999999997158, 4.800000000000083311 ) ) ;
#11261 = EDGE_CURVE ( 'NONE', #7901, #101, #3379, .T. ) ;
#11262 = SURFACE_STYLE_FILL_AREA ( #10587 ) ;
#11263 = LINE ( 'NONE', #4663, #1997 ) ;
#11264 = ADVANCED_FACE ( 'NONE', ( #2382 ), #10134, .T. ) ;
#11265 = PRESENTATION_STYLE_ASSIGNMENT (( #7655 ) ) ;
#11266 = VECTOR ( 'NONE', #3593, 1000.000000000000000 ) ;
#11267 = VECTOR ( 'NONE', #11730, 1000.000000000000000 ) ;
#11268 = LINE ( 'NONE', #6638, #4630 ) ;
#11269 = AXIS2_PLACEMENT_3D ( 'NONE', #134, #3944, #11875 ) ;
#11270 =( GEOMETRIC_REPRESENTATION_CONTEXT ( 3 ) GLOBAL_UNCERTAINTY_ASSIGNED_CONTEXT ( ( #10173 ) ) GLOBAL_UNIT_ASSIGNED_CONTEXT ( ( #3641, #4391, #6363 ) ) REPRESENTATION_CONTEXT ( 'NONE', 'WORKASPACE' ) );
#11271 = ADVANCED_FACE ( 'NONE', ( #449 ), #4259, .T. ) ;
#11272 = SURFACE_STYLE_FILL_AREA ( #8482 ) ;
#11273 = COLOUR_RGB ( '',0.6274509803921568540, 0.6274509803921568540, 0.6274509803921568540 ) ;
#11274 = FILL_AREA_STYLE ('',( #12399 ) ) ;
#11275 = AXIS2_PLACEMENT_3D ( 'NONE', #6641, #9553, #1796 ) ;
#11276 = FILL_AREA_STYLE ('',( #4530 ) ) ;
#11277 = CARTESIAN_POINT ( 'NONE',  ( -68.67222222222221717, -10.45000000000000107, 3.299999999999916334 ) ) ;
#11278 = FILL_AREA_STYLE_COLOUR ( '', #9701 ) ;
#11279 = VERTEX_POINT ( 'NONE', #7617 ) ;
#11280 = SURFACE_STYLE_USAGE ( .BOTH. , #10225 ) ;
#11281 = ORIENTED_EDGE ( 'NONE', *, *, #2968, .T. ) ;
#11282 = COLOUR_RGB ( '',0.9529411764705881804, 0.7960784313725489669, 0.4862745098039215619 ) ;
#11283 = ORIENTED_EDGE ( 'NONE', *, *, #8265, .F. ) ;
#11284 = ORIENTED_EDGE ( 'NONE', *, *, #8989, .F. ) ;
#11285 =( LENGTH_UNIT ( ) NAMED_UNIT ( * ) SI_UNIT ( .MILLI., .METRE. ) );
#11286 = CARTESIAN_POINT ( 'NONE',  ( -61.34999999999998010, 1.550000000000006262, 2.700000000000187139 ) ) ;
#11287 =( NAMED_UNIT ( * ) PLANE_ANGLE_UNIT ( ) SI_UNIT ( $, .RADIAN. ) );
#11288 = UNCERTAINTY_MEASURE_WITH_UNIT (LENGTH_MEASURE( 1.000000000000000082E-05 ), #1005, 'distance_accuracy_value', 'NONE');
#11289 =( NAMED_UNIT ( * ) PLANE_ANGLE_UNIT ( ) SI_UNIT ( $, .RADIAN. ) );
#11290 = DIRECTION ( 'NONE',  ( 1.000000000000000000, 1.000000000000000078E-15, 3.700000000000000011E-14 ) ) ;
#11291 = MECHANICAL_DESIGN_GEOMETRIC_PRESENTATION_REPRESENTATION (  '', ( #5675 ), #3266 ) ;
#11292 = CARTESIAN_POINT ( 'NONE',  ( -66.45508560325724545, -9.211424702849289048, 2.299999999999998046 ) ) ;
#11293 = CYLINDRICAL_SURFACE ( 'NONE', #8645, 0.1999999999999987899 ) ;
#11294 = VECTOR ( 'NONE', #4367, 1000.000000000000000 ) ;
#11295 = DIRECTION ( 'NONE',  ( -3.700000000000000011E-14, 0.000000000000000000, 1.000000000000000000 ) ) ;
#11296 = VERTEX_POINT ( 'NONE', #824 ) ;
#11297 = SURFACE_STYLE_USAGE ( .BOTH. , #6598 ) ;
#11298 = ORIENTED_EDGE ( 'NONE', *, *, #7769, .T. ) ;
#11299 = VERTEX_POINT ( 'NONE', #5769 ) ;
#11300 = DIRECTION ( 'NONE',  ( -1.000000000000000000, -1.000000000000000078E-15, -3.700000000000000011E-14 ) ) ;
#11301 = UNCERTAINTY_MEASURE_WITH_UNIT (LENGTH_MEASURE( 1.000000000000000082E-05 ), #10211, 'distance_accuracy_value', 'NONE');
#11302 = PRESENTATION_STYLE_ASSIGNMENT (( #5376 ) ) ;
#11303 = MECHANICAL_DESIGN_GEOMETRIC_PRESENTATION_REPRESENTATION (  '', ( #3673 ), #2683 ) ;
#11304 = LINE ( 'NONE', #1821, #464 ) ;
#11305 = SURFACE_STYLE_FILL_AREA ( #6607 ) ;
#11306 = CARTESIAN_POINT ( 'NONE',  ( -69.45000000000115392, -0.4500000000000025091, 4.249999999999887201 ) ) ;
#11307 = CARTESIAN_POINT ( 'NONE',  ( -66.00555555555554577, -3.949999999999999734, 3.000000000000014655 ) ) ;
#11308 = EDGE_CURVE ( 'NONE', #8799, #2746, #4693, .T. ) ;
#11309 = EDGE_CURVE ( 'NONE', #1286, #9628, #4623, .T. ) ;
#11310 = LINE ( 'NONE', #12122, #3777 ) ;
#11311 = PRESENTATION_LAYER_ASSIGNMENT (  '', '', ( #3681 ) ) ;
#11312 = ORIENTED_EDGE ( 'NONE', *, *, #684, .T. ) ;
#11313 = VERTEX_POINT ( 'NONE', #8690 ) ;
#11314 = CARTESIAN_POINT ( 'NONE',  ( -65.90201378195158100, -5.807670578265017980, 2.310000000000018705 ) ) ;
#11315 = ORIENTED_EDGE ( 'NONE', *, *, #7258, .T. ) ;
#11316 = LINE ( 'NONE', #1592, #5125 ) ;
#11317 = SURFACE_STYLE_FILL_AREA ( #11249 ) ;
#11318 = PRESENTATION_STYLE_ASSIGNMENT (( #7509 ) ) ;
#11319 = UNCERTAINTY_MEASURE_WITH_UNIT (LENGTH_MEASURE( 1.000000000000000082E-05 ), #9996, 'distance_accuracy_value', 'NONE');
#11320 = CARTESIAN_POINT ( 'NONE',  ( -68.20277777777776862, -10.45000000000000107, 2.999999999999933387 ) ) ;
#11321 = CARTESIAN_POINT ( 'NONE',  ( -70.89999999999999147, -10.45000000000000462, 3.299999999999833733 ) ) ;
#11322 = LINE ( 'NONE', #8586, #8454 ) ;
#11323 = LINE ( 'NONE', #10151, #2939 ) ;
#11324 = CARTESIAN_POINT ( 'NONE',  ( -70.89999989941719605, -3.650000151991843023, 4.299999999999833733 ) ) ;
#11325 = ADVANCED_FACE ( 'NONE', ( #6541 ), #1709, .T. ) ;
#11326 = SURFACE_STYLE_USAGE ( .BOTH. , #2857 ) ;
#11327 = VERTEX_POINT ( 'NONE', #10494 ) ;
#11328 = EDGE_LOOP ( 'NONE', ( #5692, #4465, #4899, #7891 ) ) ;
#11329 = UNCERTAINTY_MEASURE_WITH_UNIT (LENGTH_MEASURE( 1.000000000000000082E-05 ), #4996, 'distance_accuracy_value', 'NONE');
#11330 = CARTESIAN_POINT ( 'NONE',  ( -67.48333333333447115, 4.050000074505798686, 4.049999999999959854 ) ) ;
#11331 = SURFACE_SIDE_STYLE ('',( #11262 ) ) ;
#11332 = EDGE_CURVE ( 'NONE', #8709, #4196, #5502, .T. ) ;
#11333 = CARTESIAN_POINT ( 'NONE',  ( -64.91666666666665719, -10.44999999999999751, 3.300000000000054889 ) ) ;
#11334 = CARTESIAN_POINT ( 'NONE',  ( -61.40857864376269504, -10.44999999999999396, 3.574264068712112774 ) ) ;
#11335 = LINE ( 'NONE', #2670, #11819 ) ;
#11336 = VECTOR ( 'NONE', #5658, 1000.000000000000000 ) ;
#11337 = CARTESIAN_POINT ( 'NONE',  ( -66.91876734635691548, -5.820804194777459806, 2.299999999999980727 ) ) ;
#11338 = PRESENTATION_STYLE_ASSIGNMENT (( #7659 ) ) ;
#11339 = SURFACE_SIDE_STYLE ('',( #12216 ) ) ;
#11340 = SURFACE_SIDE_STYLE ('',( #9361 ) ) ;
#11341 =( LENGTH_UNIT ( ) NAMED_UNIT ( * ) SI_UNIT ( .MILLI., .METRE. ) );
#11342 = UNCERTAINTY_MEASURE_WITH_UNIT (LENGTH_MEASURE( 1.000000000000000082E-05 ), #708, 'distance_accuracy_value', 'NONE');
#11343 = LINE ( 'NONE', #11277, #2391 ) ;
#11344 = EDGE_CURVE ( 'NONE', #2279, #3483, #1888, .T. ) ;
#11345 = SURFACE_STYLE_USAGE ( .BOTH. , #6578 ) ;
#11346 = ORIENTED_EDGE ( 'NONE', *, *, #8672, .F. ) ;
#11347 = EDGE_CURVE ( 'NONE', #8190, #8005, #5708, .T. ) ;
#11348 = CARTESIAN_POINT ( 'NONE',  ( -64.91666666666665719, -10.44999999999999751, 3.300000000000054889 ) ) ;
#11349 = AXIS2_PLACEMENT_3D ( 'NONE', #10403, #12099, #4478 ) ;
#11350 = DIRECTION ( 'NONE',  ( -3.700000000000000011E-14, 0.000000000000000000, 1.000000000000000000 ) ) ;
#11351 = ORIENTED_EDGE ( 'NONE', *, *, #10958, .F. ) ;
#11352 = ORIENTED_EDGE ( 'NONE', *, *, #3937, .T. ) ;
#11353 = ORIENTED_EDGE ( 'NONE', *, *, #9356, .F. ) ;
#11354 = CARTESIAN_POINT ( 'NONE',  ( -71.65000000000000568, -10.45000000000000462, 3.715685424949044968 ) ) ;
#11355 = DIRECTION ( 'NONE',  ( -1.000000000000000078E-15, 1.000000000000000000, 0.000000000000000000 ) ) ;
#11356 = CARTESIAN_POINT ( 'NONE',  ( -62.24999999999999289, -10.44999999999999574, 3.300000000000153477 ) ) ;
#11357 = VECTOR ( 'NONE', #916, 1000.000000000000000 ) ;
#11358 = CARTESIAN_POINT ( 'NONE',  ( -64.56568542494919427, -8.049999999999998934, 2.300000000000068212 ) ) ;
#11359 =( NAMED_UNIT ( * ) SI_UNIT ( $, .STERADIAN. ) SOLID_ANGLE_UNIT ( ) );
#11360 =( LENGTH_UNIT ( ) NAMED_UNIT ( * ) SI_UNIT ( .MILLI., .METRE. ) );
#11361 =( NAMED_UNIT ( * ) PLANE_ANGLE_UNIT ( ) SI_UNIT ( $, .RADIAN. ) );
#11362 = VECTOR ( 'NONE', #10235, 1000.000000000000000 ) ;
#11363 = SURFACE_STYLE_USAGE ( .BOTH. , #8562 ) ;
#11364 = CARTESIAN_POINT ( 'NONE',  ( -66.38999999999995794, -4.915476664617918878, 2.300000000000000711 ) ) ;
#11365 = ORIENTED_EDGE ( 'NONE', *, *, #2271, .T. ) ;
#11366 = DIRECTION ( 'NONE',  ( -1.000000000000000078E-15, 1.000000000000000000, 0.000000000000000000 ) ) ;
#11367 = VECTOR ( 'NONE', #881, 1000.000000000000000 ) ;
#11368 = VERTEX_POINT ( 'NONE', #9576 ) ;
#11369 = ORIENTED_EDGE ( 'NONE', *, *, #1306, .T. ) ;
#11370 = AXIS2_PLACEMENT_3D ( 'NONE', #4099, #11548, #2938 ) ;
#11371 =( LENGTH_UNIT ( ) NAMED_UNIT ( * ) SI_UNIT ( .MILLI., .METRE. ) );
#11372 =( NAMED_UNIT ( * ) SI_UNIT ( $, .STERADIAN. ) SOLID_ANGLE_UNIT ( ) );
#11373 = CARTESIAN_POINT ( 'NONE',  ( -66.40000000000001990, -2.449999999999998845, 3.550000000000000711 ) ) ;
#11374 =( NAMED_UNIT ( * ) SI_UNIT ( $, .STERADIAN. ) SOLID_ANGLE_UNIT ( ) );
#11375 = AXIS2_PLACEMENT_3D ( 'NONE', #1304, #4085, #11643 ) ;
#11376 = CARTESIAN_POINT ( 'NONE',  ( -66.35000000000059117, 1.100000000000000311, 4.050000000000002487 ) ) ;
#11377 = CARTESIAN_POINT ( 'NONE',  ( -69.13431457505072331, -9.850000000000001421, 2.299999999999899014 ) ) ;
#11378 = COLOUR_RGB ( '',0.9529411764705881804, 0.7960784313725489669, 0.4862745098039215619 ) ;
#11379 = ORIENTED_EDGE ( 'NONE', *, *, #1977, .T. ) ;
#11380 = ORIENTED_EDGE ( 'NONE', *, *, #3882, .F. ) ;
#11381 =( GEOMETRIC_REPRESENTATION_CONTEXT ( 3 ) GLOBAL_UNCERTAINTY_ASSIGNED_CONTEXT ( ( #11238 ) ) GLOBAL_UNIT_ASSIGNED_CONTEXT ( ( #5789, #7704, #8711 ) ) REPRESENTATION_CONTEXT ( 'NONE', 'WORKASPACE' ) );
#11382 = CARTESIAN_POINT ( 'NONE',  ( -71.65000000000004832, 1.549999999999995826, 4.599999999999806022 ) ) ;
#11383 = ORIENTED_EDGE ( 'NONE', *, *, #1146, .T. ) ;
#11384 = DIRECTION ( 'NONE',  ( -1.000000000000000000, -1.000000000000000078E-15, -3.700000000000000011E-14 ) ) ;
#11385 =( NAMED_UNIT ( * ) SI_UNIT ( $, .STERADIAN. ) SOLID_ANGLE_UNIT ( ) );
#11386 = DIRECTION ( 'NONE',  ( 1.000000000000000078E-15, -1.000000000000000000, 0.000000000000000000 ) ) ;
#11387 = FILL_AREA_STYLE_COLOUR ( '', #9602 ) ;
#11388 = EDGE_CURVE ( 'NONE', #2490, #2011, #7686, .T. ) ;
#11389 = FILL_AREA_STYLE_COLOUR ( '', #9899 ) ;
#11390 = LINE ( 'NONE', #4458, #12211 ) ;
#11391 = DIRECTION ( 'NONE',  ( 1.000000000000000078E-15, -1.000000000000000000, 0.000000000000000000 ) ) ;
#11392 = EDGE_CURVE ( 'NONE', #11313, #3920, #12242, .T. ) ;
#11393 = COLOUR_RGB ( '',0.9529411764705881804, 0.7960784313725489669, 0.4862745098039215619 ) ;
#11394 = PRESENTATION_LAYER_ASSIGNMENT (  '', '', ( #4346 ) ) ;
#11395 = LINE ( 'NONE', #2793, #9584 ) ;
#11396 = CARTESIAN_POINT ( 'NONE',  ( -68.72777777777891117, 1.099999999999998535, 4.049999999999913669 ) ) ;
#11397 = FILL_AREA_STYLE ('',( #10387 ) ) ;
#11398 = ORIENTED_EDGE ( 'NONE', *, *, #4168, .F. ) ;
#11399 = ORIENTED_EDGE ( 'NONE', *, *, #10250, .T. ) ;
#11400 = FACE_OUTER_BOUND ( 'NONE', #1815, .T. ) ;
#11401 = EDGE_CURVE ( 'NONE', #4943, #10162, #4173, .T. ) ;
#11402 = SURFACE_STYLE_USAGE ( .BOTH. , #11331 ) ;
#11403 = SURFACE_STYLE_FILL_AREA ( #3783 ) ;
#11404 = DIRECTION ( 'NONE',  ( -3.700000000000000011E-14, 0.000000000000000000, 1.000000000000000000 ) ) ;
#11405 = VECTOR ( 'NONE', #505, 1000.000000000000000 ) ;
#11406 = SURFACE_STYLE_USAGE ( .BOTH. , #11339 ) ;
#11407 = DIRECTION ( 'NONE',  ( 1.005828006143814886E-07, 1.005828376143814989E-22, 0.9999999999999950040 ) ) ;
#11408 = CARTESIAN_POINT ( 'NONE',  ( -71.25000000000001421, -10.45000000000000462, 3.715685424949059623 ) ) ;
#11409 = CARTESIAN_POINT ( 'NONE',  ( -64.44722222222220864, -10.44999999999999751, 3.300000000000072209 ) ) ;
#11410 = ORIENTED_EDGE ( 'NONE', *, *, #7769, .F. ) ;
#11411 = SURFACE_SIDE_STYLE ('',( #9490 ) ) ;
#11412 =( GEOMETRIC_REPRESENTATION_CONTEXT ( 3 ) GLOBAL_UNCERTAINTY_ASSIGNED_CONTEXT ( ( #12371 ) ) GLOBAL_UNIT_ASSIGNED_CONTEXT ( ( #7469, #10601, #12346 ) ) REPRESENTATION_CONTEXT ( 'NONE', 'WORKASPACE' ) );
#11413 = ORIENTED_EDGE ( 'NONE', *, *, #10714, .F. ) ;
#11414 = EDGE_CURVE ( 'NONE', #903, #1785, #10680, .T. ) ;
#11415 = VERTEX_POINT ( 'NONE', #1268 ) ;
#11416 = ORIENTED_EDGE ( 'NONE', *, *, #1218, .T. ) ;
#11417 = CARTESIAN_POINT ( 'NONE',  ( -62.24999999999997868, -10.44999999999999574, 3.000000000000153655 ) ) ;
#11418 = LINE ( 'NONE', #2819, #2743 ) ;
#11419 = UNCERTAINTY_MEASURE_WITH_UNIT (LENGTH_MEASURE( 1.000000000000000082E-05 ), #6499, 'distance_accuracy_value', 'NONE');
#11420 = ADVANCED_FACE ( 'NONE', ( #9708 ), #8748, .T. ) ;
#11421 =( LENGTH_UNIT ( ) NAMED_UNIT ( * ) SI_UNIT ( .MILLI., .METRE. ) );
#11422 = VECTOR ( 'NONE', #10301, 1000.000000000000000 ) ;
#11423 = LINE ( 'NONE', #12301, #11367 ) ;
#11424 =( NAMED_UNIT ( * ) SI_UNIT ( $, .STERADIAN. ) SOLID_ANGLE_UNIT ( ) );
#11425 = MECHANICAL_DESIGN_GEOMETRIC_PRESENTATION_REPRESENTATION (  '', ( #11196 ), #1979 ) ;
#11426 = ORIENTED_EDGE ( 'NONE', *, *, #10356, .F. ) ;
#11427 = FACE_OUTER_BOUND ( 'NONE', #2915, .T. ) ;
#11428 = CIRCLE ( 'NONE', #7020, 0.3999999999999975797 ) ;
#11429 = EDGE_CURVE ( 'NONE', #3674, #6615, #4114, .T. ) ;
#11430 = ORIENTED_EDGE ( 'NONE', *, *, #370, .F. ) ;
#11431 = ORIENTED_EDGE ( 'NONE', *, *, #2040, .T. ) ;
#11432 = CIRCLE ( 'NONE', #6213, 0.06500000000000000222 ) ;
#11433 = DIRECTION ( 'NONE',  ( 6.938893903907119830E-14, 0.000000000000000000, -1.000000000000000000 ) ) ;
#11434 = STYLED_ITEM ( 'NONE', ( #2622 ), #12250 ) ;
#11435 = DIRECTION ( 'NONE',  ( 3.700000000000000011E-14, -0.000000000000000000, -1.000000000000000000 ) ) ;
#11436 = LINE ( 'NONE', #764, #105 ) ;
#11437 =( LENGTH_UNIT ( ) NAMED_UNIT ( * ) SI_UNIT ( .MILLI., .METRE. ) );
#11438 = EDGE_CURVE ( 'NONE', #6956, #11584, #2241, .T. ) ;
#11439 = SURFACE_STYLE_USAGE ( .BOTH. , #9262 ) ;
#11440 = PRESENTATION_LAYER_ASSIGNMENT (  '', '', ( #1217 ) ) ;
#11441 = CARTESIAN_POINT ( 'NONE',  ( -68.31527777777776578, -3.950000000000001066, 2.999999999999929390 ) ) ;
#11442 = AXIS2_PLACEMENT_3D ( 'NONE', #12088, #666, #8226 ) ;
#11443 = SURFACE_STYLE_USAGE ( .BOTH. , #5905 ) ;
#11444 = ORIENTED_EDGE ( 'NONE', *, *, #10317, .T. ) ;
#11445 = VERTEX_POINT ( 'NONE', #9932 ) ;
#11446 = DIRECTION ( 'NONE',  ( 0.7071067811865207053, 7.071067811865469417E-16, 0.7071067811865742181 ) ) ;
#11447 = DIRECTION ( 'NONE',  ( -1.000000000000000078E-15, 1.000000000000000000, 0.000000000000000000 ) ) ;
#11448 = PRESENTATION_LAYER_ASSIGNMENT (  '', '', ( #3212 ) ) ;
#11449 = VERTEX_POINT ( 'NONE', #11674 ) ;
#11450 = LINE ( 'NONE', #9871, #3508 ) ;
#11451 =( NAMED_UNIT ( * ) SI_UNIT ( $, .STERADIAN. ) SOLID_ANGLE_UNIT ( ) );
#11452 = CARTESIAN_POINT ( 'NONE',  ( -70.23431457505073183, -2.450000000000002398, 2.699999999999858513 ) ) ;
#11453 = UNCERTAINTY_MEASURE_WITH_UNIT (LENGTH_MEASURE( 1.000000000000000082E-05 ), #8436, 'distance_accuracy_value', 'NONE');
#11454 = CARTESIAN_POINT ( 'NONE',  ( -70.89999994970858666, -3.650000151991843023, 3.299999999999827960 ) ) ;
#11455 = CARTESIAN_POINT ( 'NONE',  ( -69.14166666666665151, -10.45000000000000284, 2.999999999999898748 ) ) ;
#11456 = SURFACE_STYLE_USAGE ( .BOTH. , #12385 ) ;
#11457 = CARTESIAN_POINT ( 'NONE',  ( -62.55000000000003268, -9.699999999999995737, 4.600000000000141753 ) ) ;
#11458 = LINE ( 'NONE', #4581, #11010 ) ;
#11459 = VECTOR ( 'NONE', #2493, 1000.000000000000000 ) ;
#11460 = ORIENTED_EDGE ( 'NONE', *, *, #1455, .F. ) ;
#11461 = ORIENTED_EDGE ( 'NONE', *, *, #7833, .F. ) ;
#11462 = UNCERTAINTY_MEASURE_WITH_UNIT (LENGTH_MEASURE( 1.000000000000000082E-05 ), #3172, 'distance_accuracy_value', 'NONE');
#11463 = CARTESIAN_POINT ( 'NONE',  ( -64.59722222222221433, -3.949999999999997957, 3.225000000000066702 ) ) ;
#11464 = DIRECTION ( 'NONE',  ( -3.448907672462272700E-14, 2.510923275377270607E-30, 1.000000000000000000 ) ) ;
#11465 = CARTESIAN_POINT ( 'NONE',  ( -69.29166666666667140, -10.45000000000000284, 3.299999999999893241 ) ) ;
#11466 = PRESENTATION_LAYER_ASSIGNMENT (  '', '', ( #2630 ) ) ;
#11467 = DIRECTION ( 'NONE',  ( -1.000000000000000078E-15, 1.000000000000000000, 0.000000000000000000 ) ) ;
#11468 = CARTESIAN_POINT ( 'NONE',  ( -66.32499999999998863, -10.44999999999999929, 3.300000000000002931 ) ) ;
#11469 =( NAMED_UNIT ( * ) SI_UNIT ( $, .STERADIAN. ) SOLID_ANGLE_UNIT ( ) );
#11470 = MECHANICAL_DESIGN_GEOMETRIC_PRESENTATION_REPRESENTATION (  '', ( #8078 ), #3236 ) ;
#11471 =( LENGTH_UNIT ( ) NAMED_UNIT ( * ) SI_UNIT ( .MILLI., .METRE. ) );
#11472 = CIRCLE ( 'NONE', #4014, 0.04000000000000437234 ) ;
#11473 = CARTESIAN_POINT ( 'NONE',  ( -61.85784271247462840, 1.550000000000006262, 3.550000000000169020 ) ) ;
#11474 = VERTEX_POINT ( 'NONE', #3126 ) ;
#11475 = CARTESIAN_POINT ( 'NONE',  ( -61.34999999999999432, 1.550000000000006262, 3.050000000000187228 ) ) ;
#11476 = CYLINDRICAL_SURFACE ( 'NONE', #4363, 0.3975056129180763453 ) ;
#11477 = EDGE_CURVE ( 'NONE', #8954, #2155, #1196, .T. ) ;
#11478 = EDGE_CURVE ( 'NONE', #3375, #8219, #3073, .T. ) ;
#11479 = ORIENTED_EDGE ( 'NONE', *, *, #5710, .T. ) ;
#11480 = VECTOR ( 'NONE', #9575, 1000.000000000000000 ) ;
#11481 = ORIENTED_EDGE ( 'NONE', *, *, #11261, .T. ) ;
#11482 = ORIENTED_EDGE ( 'NONE', *, *, #6503, .F. ) ;
#11483 = DIRECTION ( 'NONE',  ( -1.000000000000000000, 0.000000000000000000, -3.903127820947704260E-14 ) ) ;
#11484 = COLOUR_RGB ( '',0.9529411764705881804, 0.7960784313725489669, 0.4862745098039215619 ) ;
#11485 =( NAMED_UNIT ( * ) SI_UNIT ( $, .STERADIAN. ) SOLID_ANGLE_UNIT ( ) );
#11486 = VECTOR ( 'NONE', #2399, 1000.000000000000000 ) ;
#11487 = VECTOR ( 'NONE', #10513, 1000.000000000000000 ) ;
#11488 = STYLED_ITEM ( 'NONE', ( #3740 ), #2703 ) ;
#11489 = SURFACE_SIDE_STYLE ('',( #6528 ) ) ;
#11490 = CIRCLE ( 'NONE', #10080, 0.2000000000000057288 ) ;
#11491 = DIRECTION ( 'NONE',  ( -0.7071067811865742181, -7.071067811865479277E-16, 0.7071067811865207053 ) ) ;
#11492 = CARTESIAN_POINT ( 'NONE',  ( -66.03888888889002828, -0.4499999258007983949, 4.050000000000014033 ) ) ;
#11493 = UNCERTAINTY_MEASURE_WITH_UNIT (LENGTH_MEASURE( 1.000000000000000082E-05 ), #11858, 'distance_accuracy_value', 'NONE');
#11494 = VERTEX_POINT ( 'NONE', #5896 ) ;
#11495 = CIRCLE ( 'NONE', #660, 0.1999999999999987899 ) ;
#11496 = PRESENTATION_STYLE_ASSIGNMENT (( #4988 ) ) ;
#11497 = AXIS2_PLACEMENT_3D ( 'NONE', #8398, #10444, #8528 ) ;
#11498 = ADVANCED_FACE ( 'NONE', ( #10793 ), #11731, .T. ) ;
#11499 = ORIENTED_EDGE ( 'NONE', *, *, #4065, .T. ) ;
#11500 = ORIENTED_EDGE ( 'NONE', *, *, #3877, .T. ) ;
#11501 =( GEOMETRIC_REPRESENTATION_CONTEXT ( 3 ) GLOBAL_UNCERTAINTY_ASSIGNED_CONTEXT ( ( #2003 ) ) GLOBAL_UNIT_ASSIGNED_CONTEXT ( ( #11700, #10012, #10894 ) ) REPRESENTATION_CONTEXT ( 'NONE', 'WORKASPACE' ) );
#11502 = CARTESIAN_POINT ( 'NONE',  ( -61.26715728752537160, -10.44999999999999396, 3.432842712474807989 ) ) ;
#11503 = DIRECTION ( 'NONE',  ( -1.000000000000000000, -1.000000000000000078E-15, -3.645695612925943688E-14 ) ) ;
#11504 = EDGE_CURVE ( 'NONE', #9493, #3342, #11970, .T. ) ;
#11505 = VECTOR ( 'NONE', #3878, 1000.000000000000000 ) ;
#11506 = CARTESIAN_POINT ( 'NONE',  ( -68.92777777777892823, 1.099999999999998535, 4.249999999999906741 ) ) ;
#11507 = UNCERTAINTY_MEASURE_WITH_UNIT (LENGTH_MEASURE( 1.000000000000000082E-05 ), #1532, 'distance_accuracy_value', 'NONE');
#11508 = DIRECTION ( 'NONE',  ( -1.000000000000000078E-15, 1.000000000000000000, 0.000000000000000000 ) ) ;
#11509 = FILL_AREA_STYLE ('',( #9765 ) ) ;
#11510 = LINE ( 'NONE', #900, #256 ) ;
#11511 = PRESENTATION_STYLE_ASSIGNMENT (( #2960 ) ) ;
#11512 = EDGE_CURVE ( 'NONE', #807, #47, #10169, .T. ) ;
#11513 = VECTOR ( 'NONE', #1555, 1000.000000000000000 ) ;
#11514 = EDGE_CURVE ( 'NONE', #1745, #4170, #4360, .T. ) ;
#11515 = VECTOR ( 'NONE', #7167, 1000.000000000000114 ) ;
#11516 = EDGE_CURVE ( 'NONE', #103, #4976, #5353, .T. ) ;
#11517 = ORIENTED_EDGE ( 'NONE', *, *, #2472, .T. ) ;
#11518 = ORIENTED_EDGE ( 'NONE', *, *, #8448, .F. ) ;
#11519 = ORIENTED_EDGE ( 'NONE', *, *, #11756, .F. ) ;
#11520 = CARTESIAN_POINT ( 'NONE',  ( -63.66568542494920280, -8.049999999999997158, 2.300000000000101519 ) ) ;
#11521 = EDGE_LOOP ( 'NONE', ( #1955, #10648, #7160, #6188 ) ) ;
#11522 = CARTESIAN_POINT ( 'NONE',  ( -66.28508571451726539, -6.469648114959189122, 2.300000000000004263 ) ) ;
#11523 =( LENGTH_UNIT ( ) NAMED_UNIT ( * ) SI_UNIT ( .MILLI., .METRE. ) );
#11524 =( NAMED_UNIT ( * ) PLANE_ANGLE_UNIT ( ) SI_UNIT ( $, .RADIAN. ) );
#11525 = VECTOR ( 'NONE', #11029, 1000.000000000000000 ) ;
#11526 = PLANE ( 'NONE',  #10447 ) ;
#11527 = DIRECTION ( 'NONE',  ( 1.000000000000000078E-15, -1.000000000000000000, 0.000000000000000000 ) ) ;
#11528 = VERTEX_POINT ( 'NONE', #8239 ) ;
#11529 = ORIENTED_EDGE ( 'NONE', *, *, #10123, .F. ) ;
#11530 = CARTESIAN_POINT ( 'NONE',  ( -71.24999999999998579, 1.549999999999995826, 2.699999999999832756 ) ) ;
#11531 = DIRECTION ( 'NONE',  ( 1.000000000000000000, 1.000000000000000078E-15, 3.700000000000000011E-14 ) ) ;
#11532 = PRESENTATION_LAYER_ASSIGNMENT (  '', '', ( #9140 ) ) ;
#11533 = CARTESIAN_POINT ( 'NONE',  ( -66.01201378195158043, -5.807670578265018868, 2.300000000000014921 ) ) ;
#11534 = DIRECTION ( 'NONE',  ( -1.000000000000000000, -1.000000000000000078E-15, -3.700000000000000011E-14 ) ) ;
#11535 =( NAMED_UNIT ( * ) PLANE_ANGLE_UNIT ( ) SI_UNIT ( $, .RADIAN. ) );
#11536 = DIRECTION ( 'NONE',  ( 3.695877884809559986E-14, 3.695877884809560083E-29, -1.000000000000000000 ) ) ;
#11537 = CARTESIAN_POINT ( 'NONE',  ( -69.13431457505072331, -9.950000000000002842, 2.499999999999899192 ) ) ;
#11538 = CARTESIAN_POINT ( 'NONE',  ( -61.35000000000005116, 1.550000000000006262, 4.600000000000187050 ) ) ;
#11539 = DIRECTION ( 'NONE',  ( -1.000000000000000078E-15, 1.000000000000000000, 0.000000000000000000 ) ) ;
#11540 = ORIENTED_EDGE ( 'NONE', *, *, #5274, .T. ) ;
#11541 = FILL_AREA_STYLE ('',( #4536 ) ) ;
#11542 = EDGE_CURVE ( 'NONE', #7177, #8802, #6240, .T. ) ;
#11543 = VERTEX_POINT ( 'NONE', #10975 ) ;
#11544 = EDGE_LOOP ( 'NONE', ( #7224, #10165, #125, #10420 ) ) ;
#11545 = ORIENTED_EDGE ( 'NONE', *, *, #8926, .F. ) ;
#11546 = CARTESIAN_POINT ( 'NONE',  ( -65.11666666666779690, -0.4499998509883973430, 3.800000000000047784 ) ) ;
#11547 = LINE ( 'NONE', #10608, #4209 ) ;
#11548 = DIRECTION ( 'NONE',  ( -3.695877884809559986E-14, 4.122115190439664800E-32, 1.000000000000000000 ) ) ;
#11549 = UNCERTAINTY_MEASURE_WITH_UNIT (LENGTH_MEASURE( 1.000000000000000082E-05 ), #8929, 'distance_accuracy_value', 'NONE');
#11550 = COLOUR_RGB ( '',0.007843137254901960675, 0.007843137254901960675, 0.007843137254901960675 ) ;
#11551 = CARTESIAN_POINT ( 'NONE',  ( -66.32499999999997442, -3.949999999999999734, 3.000000000000003109 ) ) ;
#11552 = EDGE_CURVE ( 'NONE', #6412, #760, #2427, .T. ) ;
#11553 = FACE_OUTER_BOUND ( 'NONE', #10723, .T. ) ;
#11554 = AXIS2_PLACEMENT_3D ( 'NONE', #518, #4324, #7253 ) ;
#11555 = DIRECTION ( 'NONE',  ( -1.000000000000000000, -1.000000000000000078E-15, -3.700000000000000011E-14 ) ) ;
#11556 = ORIENTED_EDGE ( 'NONE', *, *, #955, .F. ) ;
#11557 = SURFACE_SIDE_STYLE ('',( #5946 ) ) ;
#11558 = EDGE_CURVE ( 'NONE', #2562, #8799, #7108, .T. ) ;
#11559 = EDGE_LOOP ( 'NONE', ( #3057, #888, #6690, #9951 ) ) ;
#11560 = VERTEX_POINT ( 'NONE', #10118 ) ;
#11561 =( NAMED_UNIT ( * ) SI_UNIT ( $, .STERADIAN. ) SOLID_ANGLE_UNIT ( ) );
#11562 = AXIS2_PLACEMENT_3D ( 'NONE', #4417, #9365, #9428 ) ;
#11563 = EDGE_CURVE ( 'NONE', #10184, #6986, #2365, .T. ) ;
#11564 = PRESENTATION_LAYER_ASSIGNMENT (  '', '', ( #11944 ) ) ;
#11565 = CARTESIAN_POINT ( 'NONE',  ( -66.56330944475864442, -8.869441321329929906, 2.299999999999994049 ) ) ;
#11566 = VECTOR ( 'NONE', #8922, 1000.000000000000000 ) ;
#11567 = CARTESIAN_POINT ( 'NONE',  ( -66.56111111111225398, 1.100000000000000311, 4.099999999999994316 ) ) ;
#11568 = PRESENTATION_STYLE_ASSIGNMENT (( #4763 ) ) ;
#11569 = ORIENTED_EDGE ( 'NONE', *, *, #1354, .F. ) ;
#11570 = ORIENTED_EDGE ( 'NONE', *, *, #5316, .T. ) ;
#11571 = EDGE_LOOP ( 'NONE', ( #5563, #4388, #2533, #7130 ) ) ;
#11572 = PLANE ( 'NONE',  #6035 ) ;
#11573 = VERTEX_POINT ( 'NONE', #11103 ) ;
#11574 = SURFACE_SIDE_STYLE ('',( #5911 ) ) ;
#11575 = UNCERTAINTY_MEASURE_WITH_UNIT (LENGTH_MEASURE( 1.000000000000000082E-05 ), #9031, 'distance_accuracy_value', 'NONE');
#11576 = EDGE_CURVE ( 'NONE', #2029, #77, #12103, .T. ) ;
#11577 = SURFACE_STYLE_FILL_AREA ( #2021 ) ;
#11578 = FILL_AREA_STYLE_COLOUR ( '', #6586 ) ;
#11579 = DIRECTION ( 'NONE',  ( 1.000000000000000000, 1.000000000000000078E-15, 3.700000000000000011E-14 ) ) ;
#11580 = DIRECTION ( 'NONE',  ( -1.000000000000000078E-15, 1.000000000000000000, 0.000000000000000000 ) ) ;
#11581 = MECHANICAL_DESIGN_GEOMETRIC_PRESENTATION_REPRESENTATION (  '', ( #6561 ), #2751 ) ;
#11582 = ADVANCED_FACE ( 'NONE', ( #619 ), #3485, .T. ) ;
#11583 = CARTESIAN_POINT ( 'NONE',  ( -66.94444444444444287, -3.950000000000000178, 3.299999999999979838 ) ) ;
#11584 = VERTEX_POINT ( 'NONE', #496 ) ;
#11585 = ORIENTED_EDGE ( 'NONE', *, *, #8644, .F. ) ;
#11586 = PLANE ( 'NONE',  #5892 ) ;
#11587 = CARTESIAN_POINT ( 'NONE',  ( -64.59722222222220012, -10.44999999999999751, 3.000000000000067057 ) ) ;
#11588 = PRESENTATION_LAYER_ASSIGNMENT (  '', '', ( #6982 ) ) ;
#11589 = PRESENTATION_LAYER_ASSIGNMENT (  '', '', ( #976 ) ) ;
#11590 = CARTESIAN_POINT ( 'NONE',  ( -62.15000000000005542, 1.550000000000004485, 4.600000000000157740 ) ) ;
#11591 =( NAMED_UNIT ( * ) SI_UNIT ( $, .STERADIAN. ) SOLID_ANGLE_UNIT ( ) );
#11592 = EDGE_LOOP ( 'NONE', ( #7519, #755, #8065, #677 ) ) ;
#11593 = FILL_AREA_STYLE_COLOUR ( '', #7342 ) ;
#11594 = LINE ( 'NONE', #2281, #10405 ) ;
#11595 = VERTEX_POINT ( 'NONE', #8177 ) ;
#11596 = ORIENTED_EDGE ( 'NONE', *, *, #3656, .T. ) ;
#11597 = ADVANCED_FACE ( 'NONE', ( #3360 ), #1872, .T. ) ;
#11598 = VECTOR ( 'NONE', #12121, 1000.000000000000000 ) ;
#11599 = MECHANICAL_DESIGN_GEOMETRIC_PRESENTATION_REPRESENTATION (  '', ( #6801 ), #9878 ) ;
#11600 =( NAMED_UNIT ( * ) SI_UNIT ( $, .STERADIAN. ) SOLID_ANGLE_UNIT ( ) );
#11601 = PLANE ( 'NONE',  #2737 ) ;
#11602 = UNCERTAINTY_MEASURE_WITH_UNIT (LENGTH_MEASURE( 1.000000000000000082E-05 ), #3739, 'distance_accuracy_value', 'NONE');
#11603 = SURFACE_STYLE_USAGE ( .BOTH. , #6852 ) ;
#11604 = STYLED_ITEM ( 'NONE', ( #8848 ), #7988 ) ;
#11605 = ORIENTED_EDGE ( 'NONE', *, *, #6045, .F. ) ;
#11606 = CARTESIAN_POINT ( 'NONE',  ( -66.35000000000059117, 1.100000000000000311, 4.050000000000002487 ) ) ;
#11607 = STYLED_ITEM ( 'NONE', ( #3100 ), #11936 ) ;
#11608 = ADVANCED_FACE ( 'NONE', ( #749 ), #5618, .F. ) ;
#11609 = VERTEX_POINT ( 'NONE', #3603 ) ;
#11610 = VERTEX_POINT ( 'NONE', #11286 ) ;
#11611 = PRESENTATION_STYLE_ASSIGNMENT (( #3926 ) ) ;
#11612 = PRESENTATION_LAYER_ASSIGNMENT (  '', '', ( #5792 ) ) ;
#11613 = DIRECTION ( 'NONE',  ( -1.000000000000000078E-15, 1.000000000000000000, 0.000000000000000000 ) ) ;
#11614 =( NAMED_UNIT ( * ) PLANE_ANGLE_UNIT ( ) SI_UNIT ( $, .RADIAN. ) );
#11615 = UNCERTAINTY_MEASURE_WITH_UNIT (LENGTH_MEASURE( 1.000000000000000082E-05 ), #3331, 'distance_accuracy_value', 'NONE');
#11616 = SURFACE_STYLE_FILL_AREA ( #9713 ) ;
#11617 = DIRECTION ( 'NONE',  ( 3.700000000000000011E-14, -0.000000000000000000, -1.000000000000000000 ) ) ;
#11618 = LINE ( 'NONE', #7753, #2973 ) ;
#11619 = STYLED_ITEM ( 'NONE', ( #3692 ), #8510 ) ;
#11620 = PRESENTATION_LAYER_ASSIGNMENT (  '', '', ( #1989 ) ) ;
#11621 = MECHANICAL_DESIGN_GEOMETRIC_PRESENTATION_REPRESENTATION (  '', ( #5586 ), #9448 ) ;
#11622 = EDGE_CURVE ( 'NONE', #3776, #5483, #2834, .T. ) ;
#11623 = VERTEX_POINT ( 'NONE', #7475 ) ;
#11624 = VERTEX_POINT ( 'NONE', #7407 ) ;
#11625 = ORIENTED_EDGE ( 'NONE', *, *, #8152, .F. ) ;
#11626 = ORIENTED_EDGE ( 'NONE', *, *, #2639, .F. ) ;
#11627 = FILL_AREA_STYLE_COLOUR ( '', #5141 ) ;
#11628 = PRESENTATION_LAYER_ASSIGNMENT (  '', '', ( #7646 ) ) ;
#11629 = LINE ( 'NONE', #9893, #2450 ) ;
#11630 = AXIS2_PLACEMENT_3D ( 'NONE', #12234, #5434, #12109 ) ;
#11631 = CARTESIAN_POINT ( 'NONE',  ( -66.40000000000001990, 0.000000000000000000, 3.550000000000000266 ) ) ;
#11632 = ORIENTED_EDGE ( 'NONE', *, *, #11719, .T. ) ;
#11633 = CARTESIAN_POINT ( 'NONE',  ( -65.53611111111109722, -10.44999999999999929, 3.300000000000032241 ) ) ;
#11634 =( LENGTH_UNIT ( ) NAMED_UNIT ( * ) SI_UNIT ( .MILLI., .METRE. ) );
#11635 = VECTOR ( 'NONE', #3705, 1000.000000000000000 ) ;
#11636 =( GEOMETRIC_REPRESENTATION_CONTEXT ( 3 ) GLOBAL_UNCERTAINTY_ASSIGNED_CONTEXT ( ( #3654 ) ) GLOBAL_UNIT_ASSIGNED_CONTEXT ( ( #11057, #5194, #633 ) ) REPRESENTATION_CONTEXT ( 'NONE', 'WORKASPACE' ) );
#11637 =( LENGTH_UNIT ( ) NAMED_UNIT ( * ) SI_UNIT ( .MILLI., .METRE. ) );
#11638 = ORIENTED_EDGE ( 'NONE', *, *, #9455, .F. ) ;
#11639 = VERTEX_POINT ( 'NONE', #11417 ) ;
#11640 =( LENGTH_UNIT ( ) NAMED_UNIT ( * ) SI_UNIT ( .MILLI., .METRE. ) );
#11641 = DIRECTION ( 'NONE',  ( 3.700000000000000011E-14, -6.360191048344410484E-30, -1.000000000000000000 ) ) ;
#11642 = FILL_AREA_STYLE_COLOUR ( '', #1778 ) ;
#11643 = DIRECTION ( 'NONE',  ( -3.700000000000000011E-14, 0.000000000000000000, 1.000000000000000000 ) ) ;
#11644 = EDGE_CURVE ( 'NONE', #2887, #9315, #4406, .T. ) ;
#11645 = CARTESIAN_POINT ( 'NONE',  ( -66.89876734635691946, -5.820804194777459806, 2.299999999999981615 ) ) ;
#11646 = COLOUR_RGB ( '',0.9529411764705881804, 0.7960784313725489669, 0.4862745098039215619 ) ;
#11647 = SURFACE_STYLE_FILL_AREA ( #4024 ) ;
#11648 = CARTESIAN_POINT ( 'NONE',  ( -64.39444444444558258, 1.100000000000002087, 4.050000000000074429 ) ) ;
#11649 = ORIENTED_EDGE ( 'NONE', *, *, #9903, .F. ) ;
#11650 = COLOUR_RGB ( '',0.007843137254901960675, 0.007843137254901960675, 0.007843137254901960675 ) ;
#11651 = DIRECTION ( 'NONE',  ( -1.000000000000000000, -1.000000000000000078E-15, -3.700000000000000011E-14 ) ) ;
#11652 =( LENGTH_UNIT ( ) NAMED_UNIT ( * ) SI_UNIT ( .MILLI., .METRE. ) );
#11653 = EDGE_CURVE ( 'NONE', #4976, #5402, #627, .T. ) ;
#11654 = ORIENTED_EDGE ( 'NONE', *, *, #6088, .F. ) ;
#11655 = ORIENTED_EDGE ( 'NONE', *, *, #5743, .T. ) ;
#11656 = EDGE_CURVE ( 'NONE', #6506, #5051, #6461, .T. ) ;
#11657 = DIRECTION ( 'NONE',  ( -1.000000000000000078E-15, 1.000000000000000000, 0.000000000000000000 ) ) ;
#11658 =( GEOMETRIC_REPRESENTATION_CONTEXT ( 3 ) GLOBAL_UNCERTAINTY_ASSIGNED_CONTEXT ( ( #2397 ) ) GLOBAL_UNIT_ASSIGNED_CONTEXT ( ( #1831, #5579, #5656 ) ) REPRESENTATION_CONTEXT ( 'NONE', 'WORKASPACE' ) );
#11659 = EDGE_CURVE ( 'NONE', #6525, #10548, #4542, .T. ) ;
#11660 = CYLINDRICAL_SURFACE ( 'NONE', #5931, 3.056972644202584188 ) ;
#11661 = DIRECTION ( 'NONE',  ( -1.000000000000000078E-15, 1.000000000000000000, 0.000000000000000000 ) ) ;
#11662 =( GEOMETRIC_REPRESENTATION_CONTEXT ( 3 ) GLOBAL_UNCERTAINTY_ASSIGNED_CONTEXT ( ( #6565 ) ) GLOBAL_UNIT_ASSIGNED_CONTEXT ( ( #2071, #6867, #1096 ) ) REPRESENTATION_CONTEXT ( 'NONE', 'WORKASPACE' ) );
#11663 = CARTESIAN_POINT ( 'NONE',  ( -65.11666666666781111, -0.4499999999999972911, 4.050000000000047784 ) ) ;
#11664 = FILL_AREA_STYLE_COLOUR ( '', #4029 ) ;
#11665 = DIRECTION ( 'NONE',  ( 1.000000000000000000, 2.253215950407110108E-15, 3.700233906981714543E-14 ) ) ;
#11666 = SURFACE_STYLE_FILL_AREA ( #351 ) ;
#11667 = ORIENTED_EDGE ( 'NONE', *, *, #12318, .F. ) ;
#11668 = PRESENTATION_LAYER_ASSIGNMENT (  '', '', ( #5848 ) ) ;
#11669 =( GEOMETRIC_REPRESENTATION_CONTEXT ( 3 ) GLOBAL_UNCERTAINTY_ASSIGNED_CONTEXT ( ( #8053 ) ) GLOBAL_UNIT_ASSIGNED_CONTEXT ( ( #7032, #10161, #3243 ) ) REPRESENTATION_CONTEXT ( 'NONE', 'WORKASPACE' ) );
#11670 = ORIENTED_EDGE ( 'NONE', *, *, #1695, .F. ) ;
#11671 = ORIENTED_EDGE ( 'NONE', *, *, #5722, .T. ) ;
#11672 =( GEOMETRIC_REPRESENTATION_CONTEXT ( 3 ) GLOBAL_UNCERTAINTY_ASSIGNED_CONTEXT ( ( #8557 ) ) GLOBAL_UNIT_ASSIGNED_CONTEXT ( ( #11360, #10416, #1877 ) ) REPRESENTATION_CONTEXT ( 'NONE', 'WORKASPACE' ) );
#11673 = CARTESIAN_POINT ( 'NONE',  ( -61.14999999999999147, -4.449999999999993960, 3.050000000000194333 ) ) ;
#11674 = CARTESIAN_POINT ( 'NONE',  ( -70.69999999999998863, -10.45000000000000284, 3.299999979883273316 ) ) ;
#11675 = SURFACE_SIDE_STYLE ('',( #8751 ) ) ;
#11676 = AXIS2_PLACEMENT_3D ( 'NONE', #3906, #38, #9788 ) ;
#11677 = STYLED_ITEM ( 'NONE', ( #9123 ), #3521 ) ;
#11678 = FILL_AREA_STYLE ('',( #10797 ) ) ;
#11679 = LINE ( 'NONE', #2125, #8634 ) ;
#11680 = COLOUR_RGB ( '',0.007843137254901960675, 0.007843137254901960675, 0.007843137254901960675 ) ;
#11681 = VECTOR ( 'NONE', #1598, 1000.000000000000000 ) ;
#11682 = DIRECTION ( 'NONE',  ( 0.000000000000000000, 1.000000000000000000, 0.000000000000000000 ) ) ;
#11683 = DIRECTION ( 'NONE',  ( -3.700000000000000011E-14, 0.000000000000000000, 1.000000000000000000 ) ) ;
#11684 = ORIENTED_EDGE ( 'NONE', *, *, #4717, .T. ) ;
#11685 = ORIENTED_EDGE ( 'NONE', *, *, #3707, .F. ) ;
#11686 = ORIENTED_EDGE ( 'NONE', *, *, #1192, .T. ) ;
#11687 = SURFACE_SIDE_STYLE ('',( #4001 ) ) ;
#11688 = ORIENTED_EDGE ( 'NONE', *, *, #11308, .T. ) ;
#11689 =( NAMED_UNIT ( * ) PLANE_ANGLE_UNIT ( ) SI_UNIT ( $, .RADIAN. ) );
#11690 = CARTESIAN_POINT ( 'NONE',  ( -65.83888888889002544, -0.4499999999999990119, 4.250000000000021316 ) ) ;
#11691 = EDGE_CURVE ( 'NONE', #3697, #4976, #4875, .T. ) ;
#11692 = LINE ( 'NONE', #1221, #6370 ) ;
#11693 = VERTEX_POINT ( 'NONE', #6787 ) ;
#11694 = AXIS2_PLACEMENT_3D ( 'NONE', #11565, #2005, #5840 ) ;
#11695 = CARTESIAN_POINT ( 'NONE',  ( -71.53284271247461845, -10.45000000000000462, 3.432842712474428293 ) ) ;
#11696 = LINE ( 'NONE', #1357, #16 ) ;
#11697 = EDGE_LOOP ( 'NONE', ( #1324, #4109, #7979, #1150 ) ) ;
#11698 = ORIENTED_EDGE ( 'NONE', *, *, #9028, .T. ) ;
#11699 = UNCERTAINTY_MEASURE_WITH_UNIT (LENGTH_MEASURE( 1.000000000000000082E-05 ), #8805, 'distance_accuracy_value', 'NONE');
#11700 =( LENGTH_UNIT ( ) NAMED_UNIT ( * ) SI_UNIT ( .MILLI., .METRE. ) );
#11701 = LINE ( 'NONE', #8907, #5033 ) ;
#11702 = CARTESIAN_POINT ( 'NONE',  ( -68.67222222222220296, -10.45000000000000107, 2.999999999999916067 ) ) ;
#11703 = SURFACE_STYLE_USAGE ( .BOTH. , #10712 ) ;
#11704 = STYLED_ITEM ( 'NONE', ( #2738 ), #10518 ) ;
#11705 = FACE_OUTER_BOUND ( 'NONE', #3997, .T. ) ;
#11706 = FACE_OUTER_BOUND ( 'NONE', #1622, .T. ) ;
#11707 = EDGE_CURVE ( 'NONE', #1160, #6932, #3060, .T. ) ;
#11708 =( NAMED_UNIT ( * ) PLANE_ANGLE_UNIT ( ) SI_UNIT ( $, .RADIAN. ) );
#11709 = DIRECTION ( 'NONE',  ( 1.000000000000000078E-15, -1.000000000000000000, 0.000000000000000000 ) ) ;
#11710 = LINE ( 'NONE', #2993, #3756 ) ;
#11711 = VECTOR ( 'NONE', #9894, 1000.000000000000000 ) ;
#11712 = EDGE_LOOP ( 'NONE', ( #12224, #6455, #9434, #235, #1195, #9729 ) ) ;
#11713 = ORIENTED_EDGE ( 'NONE', *, *, #7501, .T. ) ;
#11714 = MECHANICAL_DESIGN_GEOMETRIC_PRESENTATION_REPRESENTATION (  '', ( #8336 ), #12320 ) ;
#11715 = ORIENTED_EDGE ( 'NONE', *, *, #8605, .T. ) ;
#11716 = CARTESIAN_POINT ( 'NONE',  ( -66.00555555555555998, -3.949999999999999734, 3.300000000000014921 ) ) ;
#11717 = SURFACE_SIDE_STYLE ('',( #8736 ) ) ;
#11718 = CARTESIAN_POINT ( 'NONE',  ( -64.91666666666665719, -10.44999999999999751, 3.300000000000054889 ) ) ;
#11719 = EDGE_CURVE ( 'NONE', #3776, #11245, #11547, .T. ) ;
#11720 = CARTESIAN_POINT ( 'NONE',  ( -71.24999999999998579, -2.450000000000004174, 2.699999999999832756 ) ) ;
#11721 = EDGE_CURVE ( 'NONE', #390, #8455, #4098, .T. ) ;
#11722 = LINE ( 'NONE', #7028, #82 ) ;
#11723 = LINE ( 'NONE', #3175, #1239 ) ;
#11724 = UNCERTAINTY_MEASURE_WITH_UNIT (LENGTH_MEASURE( 1.000000000000000082E-05 ), #4969, 'distance_accuracy_value', 'NONE');
#11725 = FACE_OUTER_BOUND ( 'NONE', #5964, .T. ) ;
#11726 = ORIENTED_EDGE ( 'NONE', *, *, #2487, .F. ) ;
#11727 = FILL_AREA_STYLE ('',( #9639 ) ) ;
#11728 = VERTEX_POINT ( 'NONE', #7845 ) ;
#11729 = ORIENTED_EDGE ( 'NONE', *, *, #9138, .T. ) ;
#11730 = DIRECTION ( 'NONE',  ( -0.7071067811865732189, -7.071067811865470403E-16, 0.7071067811865218156 ) ) ;
#11731 = PLANE ( 'NONE',  #8665 ) ;
#11732 = DIRECTION ( 'NONE',  ( -1.000000000000000078E-15, 1.000000000000000000, 0.000000000000000000 ) ) ;
#11733 = CARTESIAN_POINT ( 'NONE',  ( -66.00555555555555998, -10.44999999999999929, 3.300000000000014921 ) ) ;
#11734 = UNCERTAINTY_MEASURE_WITH_UNIT (LENGTH_MEASURE( 1.000000000000000082E-05 ), #2312, 'distance_accuracy_value', 'NONE');
#11735 = DIRECTION ( 'NONE',  ( 1.000000000000000078E-15, -1.000000000000000000, 0.000000000000000000 ) ) ;
#11736 = CARTESIAN_POINT ( 'NONE',  ( -68.74722222222220580, -3.950000000000001954, 3.149999999999913314 ) ) ;
#11737 = FILL_AREA_STYLE ('',( #7933 ) ) ;
#11738 = VECTOR ( 'NONE', #4353, 1000.000000000000114 ) ;
#11739 = ORIENTED_EDGE ( 'NONE', *, *, #257, .T. ) ;
#11740 = ORIENTED_EDGE ( 'NONE', *, *, #10776, .F. ) ;
#11741 = ORIENTED_EDGE ( 'NONE', *, *, #8406, .T. ) ;
#11742 = FILL_AREA_STYLE_COLOUR ( '', #9876 ) ;
#11743 = EDGE_LOOP ( 'NONE', ( #1951, #535, #1963, #9895, #789, #5688, #5319, #3139 ) ) ;
#11744 = FILL_AREA_STYLE ('',( #7940 ) ) ;
#11745 = VECTOR ( 'NONE', #1546, 1000.000000000000000 ) ;
#11746 = SURFACE_STYLE_USAGE ( .BOTH. , #1970 ) ;
#11747 = SURFACE_SIDE_STYLE ('',( #6234 ) ) ;
#11748 = VECTOR ( 'NONE', #4043, 1000.000000000000000 ) ;
#11749 = EDGE_LOOP ( 'NONE', ( #6161, #12142, #5095, #10437 ) ) ;
#11750 = LINE ( 'NONE', #7886, #1225 ) ;
#11751 = LINE ( 'NONE', #4133, #6816 ) ;
#11752 = CARTESIAN_POINT ( 'NONE',  ( -68.20277777777776862, -10.45000000000000107, 2.999999999999933387 ) ) ;
#11753 = VERTEX_POINT ( 'NONE', #6844 ) ;
#11754 = ORIENTED_EDGE ( 'NONE', *, *, #5839, .T. ) ;
#11756 = EDGE_CURVE ( 'NONE', #2784, #10114, #7970, .T. ) ;
#11755 = DIRECTION ( 'NONE',  ( -0.7071067811865269226, 0.000000000000000000, -0.7071067811865681119 ) ) ;
#11757 = SURFACE_STYLE_FILL_AREA ( #4083 ) ;
#11758 = FILL_AREA_STYLE ('',( #11642 ) ) ;
#11759 = DIRECTION ( 'NONE',  ( -3.825546163768862720E-14, -1.255461637688630224E-30, 1.000000000000000000 ) ) ;
#11760 = EDGE_CURVE ( 'NONE', #2598, #5523, #7735, .T. ) ;
#11761 = SURFACE_STYLE_FILL_AREA ( #1114 ) ;
#11762 = CARTESIAN_POINT ( 'NONE',  ( -66.30390903729336571, -2.253759288013719608, 2.300000000000003375 ) ) ;
#11763 = FILL_AREA_STYLE ('',( #2041 ) ) ;
#11764 = PRESENTATION_LAYER_ASSIGNMENT (  '', '', ( #1367 ) ) ;
#11765 = ORIENTED_EDGE ( 'NONE', *, *, #6971, .T. ) ;
#11766 =( NAMED_UNIT ( * ) SI_UNIT ( $, .STERADIAN. ) SOLID_ANGLE_UNIT ( ) );
#11767 = ORIENTED_EDGE ( 'NONE', *, *, #11558, .F. ) ;
#11768 =( GEOMETRIC_REPRESENTATION_CONTEXT ( 3 ) GLOBAL_UNCERTAINTY_ASSIGNED_CONTEXT ( ( #2368 ) ) GLOBAL_UNIT_ASSIGNED_CONTEXT ( ( #3782, #8595, #9668 ) ) REPRESENTATION_CONTEXT ( 'NONE', 'WORKASPACE' ) );
#11769 = ORIENTED_EDGE ( 'NONE', *, *, #6765, .F. ) ;
#11770 = CARTESIAN_POINT ( 'NONE',  ( -66.40999999999995396, -10.44999999999999929, 2.299999999999999822 ) ) ;
#11771 = LINE ( 'NONE', #9919, #6865 ) ;
#11772 = PRESENTATION_LAYER_ASSIGNMENT (  '', '', ( #5330 ) ) ;
#11773 = CIRCLE ( 'NONE', #2772, 0.06500000000000000222 ) ;
#11774 = UNCERTAINTY_MEASURE_WITH_UNIT (LENGTH_MEASURE( 1.000000000000000082E-05 ), #11285, 'distance_accuracy_value', 'NONE');
#11775 = FACE_OUTER_BOUND ( 'NONE', #7101, .T. ) ;
#11776 = DIRECTION ( 'NONE',  ( 3.700000000000000011E-14, -0.000000000000000000, -1.000000000000000000 ) ) ;
#11777 = SURFACE_STYLE_USAGE ( .BOTH. , #1439 ) ;
#11778 = DIRECTION ( 'NONE',  ( -0.03909037293414653613, 0.9992356792788522624, 0.000000000000000000 ) ) ;
#11779 = ORIENTED_EDGE ( 'NONE', *, *, #9190, .F. ) ;
#11780 =( NAMED_UNIT ( * ) PLANE_ANGLE_UNIT ( ) SI_UNIT ( $, .RADIAN. ) );
#11781 = EDGE_CURVE ( 'NONE', #11543, #1065, #10726, .T. ) ;
#11782 = MECHANICAL_DESIGN_GEOMETRIC_PRESENTATION_REPRESENTATION (  '', ( #4757 ), #11984 ) ;
#11783 = AXIS2_PLACEMENT_3D ( 'NONE', #10501, #295, #3753 ) ;
#11784 = ORIENTED_EDGE ( 'NONE', *, *, #9624, .T. ) ;
#11785 = VERTEX_POINT ( 'NONE', #6906 ) ;
#11786 = LINE ( 'NONE', #11673, #9510 ) ;
#11787 = EDGE_CURVE ( 'NONE', #9838, #9850, #11771, .T. ) ;
#11788 = LINE ( 'NONE', #8873, #11116 ) ;
#11789 = LINE ( 'NONE', #2604, #9805 ) ;
#11790 = VECTOR ( 'NONE', #6580, 1000.000000000000000 ) ;
#11791 = FILL_AREA_STYLE ('',( #1456 ) ) ;
#11792 = VECTOR ( 'NONE', #6893, 1000.000000000000000 ) ;
#11793 = LINE ( 'NONE', #5187, #3804 ) ;
#11794 = SURFACE_STYLE_FILL_AREA ( #3136 ) ;
#11795 = EDGE_CURVE ( 'NONE', #9573, #9050, #11242, .T. ) ;
#11796 = LINE ( 'NONE', #11924, #9818 ) ;
#11797 = COLOUR_RGB ( '',0.9529411764705881804, 0.7960784313725489669, 0.4862745098039215619 ) ;
#11798 = VERTEX_POINT ( 'NONE', #50 ) ;
#11799 = ORIENTED_EDGE ( 'NONE', *, *, #7366, .T. ) ;
#11800 = VERTEX_POINT ( 'NONE', #7787 ) ;
#11801 = ADVANCED_FACE ( 'NONE', ( #7910 ), #10666, .F. ) ;
#11802 = PRESENTATION_LAYER_ASSIGNMENT (  '', '', ( #4781 ) ) ;
#11803 = DIRECTION ( 'NONE',  ( -1.000000000000000000, -8.265276524023190724E-16, -3.700000000000000011E-14 ) ) ;
#11804 = ADVANCED_FACE ( 'NONE', ( #3864 ), #5882, .T. ) ;
#11805 = VERTEX_POINT ( 'NONE', #5338 ) ;
#11806 = CARTESIAN_POINT ( 'NONE',  ( -66.03888888889002828, 4.050000074505800463, 4.050000000000014033 ) ) ;
#11807 = DIRECTION ( 'NONE',  ( -3.700000000000000011E-14, 0.000000000000000000, 1.000000000000000000 ) ) ;
#11808 = VECTOR ( 'NONE', #6237, 1000.000000000000000 ) ;
#11809 = CIRCLE ( 'NONE', #6408, 0.2000000000000005940 ) ;
#11810 = FILL_AREA_STYLE ('',( #9487 ) ) ;
#11811 = CARTESIAN_POINT ( 'NONE',  ( -62.56568542494919427, -2.399999617645516281, 2.300000000000142375 ) ) ;
#11812 = VERTEX_POINT ( 'NONE', #9167 ) ;
#11813 = STYLED_ITEM ( 'NONE', ( #10976 ), #12313 ) ;
#11814 = PRESENTATION_STYLE_ASSIGNMENT (( #3387 ) ) ;
#11815 = CARTESIAN_POINT ( 'NONE',  ( -71.65000000000000568, -10.45000000000000462, 3.715685424949044968 ) ) ;
#11816 = MECHANICAL_DESIGN_GEOMETRIC_PRESENTATION_REPRESENTATION (  '', ( #3193 ), #6340 ) ;
#11817 = DIRECTION ( 'NONE',  ( -1.000000000000000078E-15, 1.000000000000000000, 0.000000000000000000 ) ) ;
#11818 = ORIENTED_EDGE ( 'NONE', *, *, #9138, .F. ) ;
#11819 = VECTOR ( 'NONE', #6511, 1000.000000000000000 ) ;
#11820 = ORIENTED_EDGE ( 'NONE', *, *, #4994, .F. ) ;
#11821 = UNCERTAINTY_MEASURE_WITH_UNIT (LENGTH_MEASURE( 1.000000000000000082E-05 ), #11421, 'distance_accuracy_value', 'NONE');
#11822 = PRODUCT_DEFINITION_SHAPE ( 'NONE', 'NONE',  #2510 ) ;
#11823 = STYLED_ITEM ( 'NONE', ( #6338 ), #10945 ) ;
#11824 = DIRECTION ( 'NONE',  ( -3.700000000000000011E-14, 0.000000000000000000, 1.000000000000000000 ) ) ;
#11825 = FILL_AREA_STYLE ('',( #3104 ) ) ;
#11826 = DIRECTION ( 'NONE',  ( 3.700000000000000011E-14, -0.000000000000000000, -1.000000000000000000 ) ) ;
#11827 = PRESENTATION_LAYER_ASSIGNMENT (  '', '', ( #10640 ) ) ;
#11828 = CARTESIAN_POINT ( 'NONE',  ( -65.97006656669611857, -5.705982667811949405, 2.310000000000016041 ) ) ;
#11829 = DIRECTION ( 'NONE',  ( -1.000000000000000078E-15, 1.000000000000000000, 0.000000000000000000 ) ) ;
#11830 = STYLED_ITEM ( 'NONE', ( #763 ), #11325 ) ;
#11831 = ORIENTED_EDGE ( 'NONE', *, *, #8345, .T. ) ;
#11832 = VERTEX_POINT ( 'NONE', #10102 ) ;
#11833 = LINE ( 'NONE', #409, #11566 ) ;
#11834 = SURFACE_STYLE_FILL_AREA ( #7207 ) ;
#11835 = AXIS2_PLACEMENT_3D ( 'NONE', #2336, #2469, #6250 ) ;
#11836 = STYLED_ITEM ( 'NONE', ( #11611 ), #11498 ) ;
#11837 = STYLED_ITEM ( 'NONE', ( #4449 ), #4525 ) ;
#11838 = LINE ( 'NONE', #12091, #7972 ) ;
#11839 = CARTESIAN_POINT ( 'NONE',  ( -66.76111111111225682, 1.100000000000000311, 4.099999999999987210 ) ) ;
#11840 = LINE ( 'NONE', #9114, #6914 ) ;
#11841 = UNCERTAINTY_MEASURE_WITH_UNIT (LENGTH_MEASURE( 1.000000000000000082E-05 ), #6559, 'distance_accuracy_value', 'NONE');
#11842 = FILL_AREA_STYLE_COLOUR ( '', #12428 ) ;
#11844 = EDGE_CURVE ( 'NONE', #2945, #8823, #2536, .T. ) ;
#11843 = SURFACE_STYLE_FILL_AREA ( #9980 ) ;
#11845 = VECTOR ( 'NONE', #8728, 1000.000000000000000 ) ;
#11846 = ORIENTED_EDGE ( 'NONE', *, *, #5527, .T. ) ;
#11847 = SURFACE_STYLE_USAGE ( .BOTH. , #10115 ) ;
#11848 = ADVANCED_FACE ( 'NONE', ( #6376 ), #5162, .T. ) ;
#11849 = AXIS2_PLACEMENT_3D ( 'NONE', #4980, #290, #7912 ) ;
#11850 =( GEOMETRIC_REPRESENTATION_CONTEXT ( 3 ) GLOBAL_UNCERTAINTY_ASSIGNED_CONTEXT ( ( #8679 ) ) GLOBAL_UNIT_ASSIGNED_CONTEXT ( ( #6811, #129, #7810 ) ) REPRESENTATION_CONTEXT ( 'NONE', 'WORKASPACE' ) );
#11851 = VERTEX_POINT ( 'NONE', #8983 ) ;
#11852 = VERTEX_POINT ( 'NONE', #1431 ) ;
#11853 = AXIS2_PLACEMENT_3D ( 'NONE', #2535, #5337, #6443 ) ;
#11854 = DIRECTION ( 'NONE',  ( -3.700000000000000011E-14, 0.000000000000000000, 1.000000000000000000 ) ) ;
#11855 = CARTESIAN_POINT ( 'NONE',  ( -64.35000000000005116, -9.499999999999998224, 4.800000000000076206 ) ) ;
#11856 = LINE ( 'NONE', #9991, #6377 ) ;
#11857 = CARTESIAN_POINT ( 'NONE',  ( -65.31666666666781396, 1.100000000000002087, 4.250000000000039968 ) ) ;
#11858 =( LENGTH_UNIT ( ) NAMED_UNIT ( * ) SI_UNIT ( .MILLI., .METRE. ) );
#11859 = DIRECTION ( 'NONE',  ( -1.000000000000000000, -1.000000000000000078E-15, -3.645695612925943688E-14 ) ) ;
#11860 = FACE_OUTER_BOUND ( 'NONE', #1148, .T. ) ;
#11861 = MECHANICAL_DESIGN_GEOMETRIC_PRESENTATION_REPRESENTATION (  '', ( #10272 ), #11669 ) ;
#11862 = EDGE_CURVE ( 'NONE', #3200, #4766, #6316, .T. ) ;
#11863 = FACE_OUTER_BOUND ( 'NONE', #842, .T. ) ;
#11864 = VECTOR ( 'NONE', #6233, 1000.000000000000000 ) ;
#11865 = VERTEX_POINT ( 'NONE', #3406 ) ;
#11866 = ORIENTED_EDGE ( 'NONE', *, *, #12268, .T. ) ;
#11867 = EDGE_CURVE ( 'NONE', #2858, #202, #8034, .T. ) ;
#11868 = SURFACE_STYLE_USAGE ( .BOTH. , #7125 ) ;
#11869 = STYLED_ITEM ( 'NONE', ( #11096 ), #4613 ) ;
#11870 = ORIENTED_EDGE ( 'NONE', *, *, #3272, .T. ) ;
#11871 = FILL_AREA_STYLE ('',( #12052 ) ) ;
#11872 = PRESENTATION_LAYER_ASSIGNMENT (  '', '', ( #7275 ) ) ;
#11873 = MECHANICAL_DESIGN_GEOMETRIC_PRESENTATION_REPRESENTATION (  '', ( #11488 ), #12064 ) ;
#11874 = STYLED_ITEM ( 'NONE', ( #7211 ), #2168 ) ;
#11875 = DIRECTION ( 'NONE',  ( 1.000000000000000000, 0.000000000000000000, 3.903127820947839313E-14 ) ) ;
#11876 = ADVANCED_FACE ( 'NONE', ( #10911 ), #2288, .F. ) ;
#11877 =( NAMED_UNIT ( * ) PLANE_ANGLE_UNIT ( ) SI_UNIT ( $, .RADIAN. ) );
#11878 = ADVANCED_FACE ( 'NONE', ( #10394 ), #924, .T. ) ;
#11879 = FILL_AREA_STYLE ('',( #5074 ) ) ;
#11880 = ORIENTED_EDGE ( 'NONE', *, *, #2910, .T. ) ;
#11881 = PRESENTATION_LAYER_ASSIGNMENT (  '', '', ( #7493 ) ) ;
#11882 = CARTESIAN_POINT ( 'NONE',  ( -65.06666666666664867, -10.44999999999999751, 3.000000000000049294 ) ) ;
#11883 = PRESENTATION_LAYER_ASSIGNMENT (  '', '', ( #454 ) ) ;
#11884 = EDGE_CURVE ( 'NONE', #10305, #6751, #4662, .T. ) ;
#11885 = ORIENTED_EDGE ( 'NONE', *, *, #3287, .F. ) ;
#11886 = DIRECTION ( 'NONE',  ( -3.700000000000000011E-14, 0.000000000000000000, 1.000000000000000000 ) ) ;
#11887 = MECHANICAL_DESIGN_GEOMETRIC_PRESENTATION_REPRESENTATION (  '', ( #4867 ), #11501 ) ;
#11888 = SURFACE_STYLE_USAGE ( .BOTH. , #8084 ) ;
#11889 =( LENGTH_UNIT ( ) NAMED_UNIT ( * ) SI_UNIT ( .MILLI., .METRE. ) );
#11890 = DIRECTION ( 'NONE',  ( 3.700000000000000011E-14, -9.860761315262649757E-32, -1.000000000000000000 ) ) ;
#11891 = STYLED_ITEM ( 'NONE', ( #4551 ), #5217 ) ;
#11892 = PRESENTATION_STYLE_ASSIGNMENT (( #10146 ) ) ;
#11893 = DIRECTION ( 'NONE',  ( 1.154197642309050035E-15, -1.000000000000000000, 5.708103253954433514E-30 ) ) ;
#11894 = PRESENTATION_STYLE_ASSIGNMENT (( #6950 ) ) ;
#11895 = SURFACE_STYLE_FILL_AREA ( #10021 ) ;
#11896 = ORIENTED_EDGE ( 'NONE', *, *, #2478, .F. ) ;
#11897 = DIRECTION ( 'NONE',  ( 1.000000000000000000, 1.000000000000000078E-15, 3.727326940934508612E-14 ) ) ;
#11898 = CARTESIAN_POINT ( 'NONE',  ( -63.50833333333331865, -3.949999999999997069, 3.075000000000107203 ) ) ;
#11899 = VERTEX_POINT ( 'NONE', #11334 ) ;
#11900 = MECHANICAL_DESIGN_GEOMETRIC_PRESENTATION_REPRESENTATION (  '', ( #10310 ), #5889 ) ;
#11901 = ORIENTED_EDGE ( 'NONE', *, *, #3017, .F. ) ;
#11902 = DIRECTION ( 'NONE',  ( -1.000000000000000078E-15, 1.000000000000000000, 0.000000000000000000 ) ) ;
#11903 =( NAMED_UNIT ( * ) PLANE_ANGLE_UNIT ( ) SI_UNIT ( $, .RADIAN. ) );
#11904 = PRESENTATION_STYLE_ASSIGNMENT (( #2290 ) ) ;
#11905 = CARTESIAN_POINT ( 'NONE',  ( -62.95000000000114682, 1.100000000000003642, 4.100000000000127542 ) ) ;
#11906 =( LENGTH_UNIT ( ) NAMED_UNIT ( * ) SI_UNIT ( .MILLI., .METRE. ) );
#11907 = SURFACE_STYLE_FILL_AREA ( #10220 ) ;
#11908 = LINE ( 'NONE', #7216, #6460 ) ;
#11909 = VERTEX_POINT ( 'NONE', #12277 ) ;
#11910 = ORIENTED_EDGE ( 'NONE', *, *, #7800, .F. ) ;
#11911 = ORIENTED_EDGE ( 'NONE', *, *, #2588, .F. ) ;
#11912 = DIRECTION ( 'NONE',  ( 3.700000000000000011E-14, -0.000000000000000000, -1.000000000000000000 ) ) ;
#11913 = DIRECTION ( 'NONE',  ( 1.000000000000000078E-15, -1.000000000000000000, 0.000000000000000000 ) ) ;
#11914 =( LENGTH_UNIT ( ) NAMED_UNIT ( * ) SI_UNIT ( .MILLI., .METRE. ) );
#11915 = EDGE_CURVE ( 'NONE', #4943, #1153, #7654, .T. ) ;
#11916 = CARTESIAN_POINT ( 'NONE',  ( -65.53611111111108301, -10.44999999999999929, 3.000000000000031974 ) ) ;
#11917 = CYLINDRICAL_SURFACE ( 'NONE', #10631, 0.2000000000000012046 ) ;
#11918 =( NAMED_UNIT ( * ) SI_UNIT ( $, .STERADIAN. ) SOLID_ANGLE_UNIT ( ) );
#11919 = CARTESIAN_POINT ( 'NONE',  ( -62.15000000000005542, 1.550000000000004485, 4.600000000000157740 ) ) ;
#11920 = ADVANCED_FACE ( 'NONE', ( #8596 ), #5531, .T. ) ;
#11921 = DIRECTION ( 'NONE',  ( -1.000000000000000000, -1.000000000000000078E-15, -3.700000000000000011E-14 ) ) ;
#11922 = CARTESIAN_POINT ( 'NONE',  ( -66.03888888889002828, 0.5500000000000001554, 4.250000000000013323 ) ) ;
#11923 = SURFACE_STYLE_FILL_AREA ( #8187 ) ;
#11924 = CARTESIAN_POINT ( 'NONE',  ( -65.85555555555554008, -3.949999999999998845, 3.075000000000020606 ) ) ;
#11925 = ORIENTED_EDGE ( 'NONE', *, *, #4635, .F. ) ;
#11926 = VERTEX_POINT ( 'NONE', #1057 ) ;
#11927 = EDGE_CURVE ( 'NONE', #11445, #1870, #4084, .T. ) ;
#11928 = SURFACE_STYLE_USAGE ( .BOTH. , #6227 ) ;
#11929 = FILL_AREA_STYLE_COLOUR ( '', #8052 ) ;
#11930 = CARTESIAN_POINT ( 'NONE',  ( -71.45000000000004547, -10.45000000000000462, 4.599999999999813127 ) ) ;
#11931 = ORIENTED_EDGE ( 'NONE', *, *, #6526, .T. ) ;
#11932 = CARTESIAN_POINT ( 'NONE',  ( -66.29999999999995453, -2.153988701156668295, 2.300000000000003819 ) ) ;
#11933 = SURFACE_STYLE_USAGE ( .BOTH. , #8141 ) ;
#11934 = EDGE_LOOP ( 'NONE', ( #2613, #1978, #3862, #2829 ) ) ;
#11935 = DIRECTION ( 'NONE',  ( 1.000000000000000000, 1.000000000000000078E-15, 3.700000000000000011E-14 ) ) ;
#11936 = ADVANCED_FACE ( 'NONE', ( #9784 ), #9732, .F. ) ;
#11937 = PRESENTATION_STYLE_ASSIGNMENT (( #6491 ) ) ;
#11938 = CARTESIAN_POINT ( 'NONE',  ( -66.92698558117081120, -8.229423440238889498, 2.299999999999980727 ) ) ;
#11939 = PRESENTATION_LAYER_ASSIGNMENT (  '', '', ( #10755 ) ) ;
#11940 = EDGE_CURVE ( 'NONE', #7399, #3933, #168, .T. ) ;
#11941 = FILL_AREA_STYLE ('',( #9956 ) ) ;
#11942 = CARTESIAN_POINT ( 'NONE',  ( -66.01201378195158043, -5.807670578265018868, 2.310000000000014264 ) ) ;
#11943 = CARTESIAN_POINT ( 'NONE',  ( -69.61111111111111427, -3.950000000000002842, 3.299999999999881251 ) ) ;
#11944 = STYLED_ITEM ( 'NONE', ( #8426 ), #1684 ) ;
#11945 =( LENGTH_UNIT ( ) NAMED_UNIT ( * ) SI_UNIT ( .MILLI., .METRE. ) );
#11946 = CARTESIAN_POINT ( 'NONE',  ( -66.49609096270656039, -2.253759288013719608, 2.299999999999996270 ) ) ;
#11947 = SURFACE_SIDE_STYLE ('',( #8970 ) ) ;
#11948 = DIRECTION ( 'NONE',  ( -1.000000000000000078E-15, 1.000000000000000000, 0.000000000000000000 ) ) ;
#11949 = ORIENTED_EDGE ( 'NONE', *, *, #557, .T. ) ;
#11950 = PRESENTATION_STYLE_ASSIGNMENT (( #9034 ) ) ;
#11951 = AXIS2_PLACEMENT_3D ( 'NONE', #7027, #1079, #5101 ) ;
#11952 = FILL_AREA_STYLE_COLOUR ( '', #3373 ) ;
#11953 = MECHANICAL_DESIGN_GEOMETRIC_PRESENTATION_REPRESENTATION (  '', ( #2943 ), #6556 ) ;
#11954 = VERTEX_POINT ( 'NONE', #10650 ) ;
#11955 = VERTEX_POINT ( 'NONE', #8908 ) ;
#11956 = DIRECTION ( 'NONE',  ( -1.000000000000000078E-15, 1.000000000000000000, 0.000000000000000000 ) ) ;
#11957 = PLANE ( 'NONE',  #11853 ) ;
#11958 = FILL_AREA_STYLE ('',( #5222 ) ) ;
#11959 = STYLED_ITEM ( 'NONE', ( #11338 ), #6110 ) ;
#11960 = CARTESIAN_POINT ( 'NONE',  ( -62.56568542494920848, -2.449999999999995737, 2.500000000000141664 ) ) ;
#11961 = CARTESIAN_POINT ( 'NONE',  ( -69.45000000000115392, -0.4500000000000025091, 4.249999999999887201 ) ) ;
#11962 = SURFACE_STYLE_FILL_AREA ( #5287 ) ;
#11963 = ORIENTED_EDGE ( 'NONE', *, *, #8695, .F. ) ;
#11964 = CARTESIAN_POINT ( 'NONE',  ( -71.53284271247461845, -2.450000000000004174, 3.432842712474428293 ) ) ;
#11965 = COLOUR_RGB ( '',0.9529411764705881804, 0.7960784313725489669, 0.4862745098039215619 ) ;
#11966 = EDGE_CURVE ( 'NONE', #7892, #11021, #7894, .T. ) ;
#11967 = ORIENTED_EDGE ( 'NONE', *, *, #2359, .T. ) ;
#11968 = ORIENTED_EDGE ( 'NONE', *, *, #2555, .T. ) ;
#11969 = SURFACE_SIDE_STYLE ('',( #617 ) ) ;
#11970 = LINE ( 'NONE', #1626, #11459 ) ;
#11971 = DIRECTION ( 'NONE',  ( -1.000000000000000078E-15, 1.000000000000000000, 0.000000000000000000 ) ) ;
#11972 = DIRECTION ( 'NONE',  ( 1.000000000000000078E-15, -1.000000000000000000, 0.000000000000000000 ) ) ;
#11973 = SURFACE_STYLE_FILL_AREA ( #689 ) ;
#11974 = DIRECTION ( 'NONE',  ( -3.700000000000000011E-14, 6.360191048344410484E-30, 1.000000000000000000 ) ) ;
#11975 = STYLED_ITEM ( 'NONE', ( #4502 ), #3045 ) ;
#11976 = LINE ( 'NONE', #5250, #5818 ) ;
#11977 =( LENGTH_UNIT ( ) NAMED_UNIT ( * ) SI_UNIT ( .MILLI., .METRE. ) );
#11978 = DIRECTION ( 'NONE',  ( -1.000000000000000078E-15, 1.000000000000000000, -3.700000000000000308E-29 ) ) ;
#11979 = EDGE_CURVE ( 'NONE', #8818, #9861, #4963, .T. ) ;
#11980 = ORIENTED_EDGE ( 'NONE', *, *, #11392, .T. ) ;
#11981 = ORIENTED_EDGE ( 'NONE', *, *, #3219, .T. ) ;
#11982 = FACE_OUTER_BOUND ( 'NONE', #10264, .T. ) ;
#11983 = SURFACE_SIDE_STYLE ('',( #3557 ) ) ;
#11984 =( GEOMETRIC_REPRESENTATION_CONTEXT ( 3 ) GLOBAL_UNCERTAINTY_ASSIGNED_CONTEXT ( ( #11108 ) ) GLOBAL_UNIT_ASSIGNED_CONTEXT ( ( #11437, #5955, #8627 ) ) REPRESENTATION_CONTEXT ( 'NONE', 'WORKASPACE' ) );
#11985 = CARTESIAN_POINT ( 'NONE',  ( -64.91666666666665719, -10.44999999999999751, 3.000000000000055067 ) ) ;
#11986 = VERTEX_POINT ( 'NONE', #30 ) ;
#11987 = CARTESIAN_POINT ( 'NONE',  ( -70.89999999999999147, -10.45000000000000462, 3.299999999999833733 ) ) ;
#11988 = FILL_AREA_STYLE_COLOUR ( '', #11680 ) ;
#11989 = SURFACE_STYLE_FILL_AREA ( #7184 ) ;
#11990 = VECTOR ( 'NONE', #3107, 1000.000000000000000 ) ;
#11991 = EDGE_CURVE ( 'NONE', #7535, #5469, #5921, .T. ) ;
#11992 = MECHANICAL_DESIGN_GEOMETRIC_PRESENTATION_REPRESENTATION (  '', ( #5782 ), #165 ) ;
#11993 = CARTESIAN_POINT ( 'NONE',  ( -70.54999999999999716, -3.950000000000003730, 3.299999999999846612 ) ) ;
#11994 = STYLED_ITEM ( 'NONE', ( #8107 ), #11876 ) ;
#11995 = DIRECTION ( 'NONE',  ( 1.000000000000000078E-15, -1.000000000000000000, 0.000000000000000000 ) ) ;
#11996 = CARTESIAN_POINT ( 'NONE',  ( -64.56568542494919427, -9.249999999999998224, 2.500000000000067946 ) ) ;
#11997 = LINE ( 'NONE', #3330, #5361 ) ;
#11998 = FILL_AREA_STYLE_COLOUR ( '', #5535 ) ;
#11999 = MECHANICAL_DESIGN_GEOMETRIC_PRESENTATION_REPRESENTATION (  '', ( #9228 ), #6397 ) ;
#12000 = AXIS2_PLACEMENT_3D ( 'NONE', #5248, #10981, #4488 ) ;
#12001 = DIRECTION ( 'NONE',  ( 0.000000000000000000, 1.000000000000000000, 0.000000000000000000 ) ) ;
#12002 = SURFACE_SIDE_STYLE ('',( #5325 ) ) ;
#12003 = FILL_AREA_STYLE ('',( #2334 ) ) ;
#12004 = DIRECTION ( 'NONE',  ( 0.3017120651456969282, -0.9533990925868971456, 1.088134314073849653E-14 ) ) ;
#12005 = CARTESIAN_POINT ( 'NONE',  ( -61.54999999999998295, -2.449999999999993960, 2.700000000000179590 ) ) ;
#12006 = DIRECTION ( 'NONE',  ( -1.000000000000000000, -1.000000000000000472E-15, -3.700000000000000011E-14 ) ) ;
#12007 = PRESENTATION_STYLE_ASSIGNMENT (( #4334 ) ) ;
#12008 = DIRECTION ( 'NONE',  ( 1.000000000000000078E-15, -1.000000000000000000, 0.000000000000000000 ) ) ;
#12009 = AXIS2_PLACEMENT_3D ( 'NONE', #6170, #1355, #3452 ) ;
#12010 = COLOUR_RGB ( '',0.9529411764705881804, 0.7960784313725489669, 0.4862745098039215619 ) ;
#12011 = ORIENTED_EDGE ( 'NONE', *, *, #1200, .F. ) ;
#12012 = AXIS2_PLACEMENT_3D ( 'NONE', #11104, #6335, #1699 ) ;
#12013 = ORIENTED_EDGE ( 'NONE', *, *, #5321, .F. ) ;
#12014 = DIRECTION ( 'NONE',  ( -1.000000000000000078E-15, 1.000000000000000000, 0.000000000000000000 ) ) ;
#12015 = EDGE_CURVE ( 'NONE', #5702, #2299, #6772, .T. ) ;
#12016 = CARTESIAN_POINT ( 'NONE',  ( -66.56111111111223977, -0.4499998509883990638, 3.799999999999994493 ) ) ;
#12017 = PLANE ( 'NONE',  #9263 ) ;
#12018 =( NAMED_UNIT ( * ) SI_UNIT ( $, .STERADIAN. ) SOLID_ANGLE_UNIT ( ) );
#12019 = DIRECTION ( 'NONE',  ( -3.700000000000000011E-14, 0.000000000000000000, 1.000000000000000000 ) ) ;
#12020 = DIRECTION ( 'NONE',  ( 1.000000000000000078E-15, -1.000000000000000000, 0.000000000000000000 ) ) ;
#12021 = SURFACE_STYLE_USAGE ( .BOTH. , #6321 ) ;
#12022 = DIRECTION ( 'NONE',  ( -0.9959769378880681812, -0.08960992799409671361, -3.688519298735998270E-14 ) ) ;
#12023 = CARTESIAN_POINT ( 'NONE',  ( -69.61111111111110006, -10.45000000000000284, 3.299999999999881251 ) ) ;
#12024 = LINE ( 'NONE', #9174, #6665 ) ;
#12025 = VERTEX_POINT ( 'NONE', #1231 ) ;
#12026 = EDGE_CURVE ( 'NONE', #4620, #6689, #4159, .T. ) ;
#12027 = PRESENTATION_STYLE_ASSIGNMENT (( #1444 ) ) ;
#12028 = ADVANCED_FACE ( 'NONE', ( #5739 ), #6945, .F. ) ;
#12029 = VERTEX_POINT ( 'NONE', #329 ) ;
#12030 = ORIENTED_EDGE ( 'NONE', *, *, #11542, .T. ) ;
#12031 = ORIENTED_EDGE ( 'NONE', *, *, #4300, .F. ) ;
#12032 = VECTOR ( 'NONE', #7707, 1000.000000000000000 ) ;
#12033 = EDGE_CURVE ( 'NONE', #10602, #11299, #11997, .T. ) ;
#12034 = SURFACE_STYLE_USAGE ( .BOTH. , #11969 ) ;
#12035 = DIRECTION ( 'NONE',  ( -1.000000000000000078E-15, 1.000000000000000000, 0.000000000000000000 ) ) ;
#12036 =( NAMED_UNIT ( * ) SI_UNIT ( $, .STERADIAN. ) SOLID_ANGLE_UNIT ( ) );
#12037 = DIRECTION ( 'NONE',  ( -1.000000000000000000, -1.000000000000000078E-15, -3.700000000000000011E-14 ) ) ;
#12038 = UNCERTAINTY_MEASURE_WITH_UNIT (LENGTH_MEASURE( 1.000000000000000082E-05 ), #7369, 'distance_accuracy_value', 'NONE');
#12039 = DIRECTION ( 'NONE',  ( 3.700000000000000011E-14, -0.000000000000000000, -1.000000000000000000 ) ) ;
#12040 = SURFACE_STYLE_FILL_AREA ( #6284 ) ;
#12041 = SURFACE_STYLE_FILL_AREA ( #5362 ) ;
#12042 = CYLINDRICAL_SURFACE ( 'NONE', #10836, 0.09999999999999939493 ) ;
#12043 = SURFACE_STYLE_FILL_AREA ( #9938 ) ;
#12044 = STYLED_ITEM ( 'NONE', ( #4680 ), #11597 ) ;
#12045 = COLOUR_RGB ( '',0.007843137254901960675, 0.007843137254901960675, 0.007843137254901960675 ) ;
#12046 = PRESENTATION_LAYER_ASSIGNMENT (  '', '', ( #2631 ) ) ;
#12047 = ORIENTED_EDGE ( 'NONE', *, *, #11721, .T. ) ;
#12048 = ORIENTED_EDGE ( 'NONE', *, *, #8648, .T. ) ;
#12049 = CARTESIAN_POINT ( 'NONE',  ( -62.24999999999998579, -3.949999999999995293, 3.000000000000153655 ) ) ;
#12050 = FACE_OUTER_BOUND ( 'NONE', #5090, .T. ) ;
#12051 = ORIENTED_EDGE ( 'NONE', *, *, #6605, .F. ) ;
#12052 = FILL_AREA_STYLE_COLOUR ( '', #7793 ) ;
#12053 = AXIS2_PLACEMENT_3D ( 'NONE', #5539, #1685, #4533 ) ;
#12054 = EDGE_CURVE ( 'NONE', #3887, #10750, #9093, .T. ) ;
#12055 = LINE ( 'NONE', #12120, #11864 ) ;
#12056 = FACE_OUTER_BOUND ( 'NONE', #2064, .T. ) ;
#12057 = FACE_OUTER_BOUND ( 'NONE', #10969, .T. ) ;
#12058 = VECTOR ( 'NONE', #7302, 1000.000000000000000 ) ;
#12059 = VECTOR ( 'NONE', #5113, 1000.000000000000000 ) ;
#12060 = DIRECTION ( 'NONE',  ( -1.000000000000000078E-15, 1.000000000000000000, 0.000000000000000000 ) ) ;
#12061 = PRESENTATION_LAYER_ASSIGNMENT (  '', '', ( #8495 ) ) ;
#12063 = DIRECTION ( 'NONE',  ( 0.9992356792788540387, 0.03909037293410170394, 3.418965546475584628E-14 ) ) ;
#12062 = PRESENTATION_LAYER_ASSIGNMENT (  '', '', ( #8097 ) ) ;
#12064 =( GEOMETRIC_REPRESENTATION_CONTEXT ( 3 ) GLOBAL_UNCERTAINTY_ASSIGNED_CONTEXT ( ( #879 ) ) GLOBAL_UNIT_ASSIGNED_CONTEXT ( ( #5552, #4816, #5626 ) ) REPRESENTATION_CONTEXT ( 'NONE', 'WORKASPACE' ) );
#12065 = AXIS2_PLACEMENT_3D ( 'NONE', #4102, #3241, #4923 ) ;
#12066 = MECHANICAL_DESIGN_GEOMETRIC_PRESENTATION_REPRESENTATION (  '', ( #5038 ), #858 ) ;
#12067 = EDGE_LOOP ( 'NONE', ( #9965, #8816, #3031, #6273, #2086, #10633, #296, #4916, #157, #9685 ) ) ;
#12068 =( NAMED_UNIT ( * ) PLANE_ANGLE_UNIT ( ) SI_UNIT ( $, .RADIAN. ) );
#12069 = CARTESIAN_POINT ( 'NONE',  ( -66.43999999999995509, -9.259094657478639689, 2.309999999999998721 ) ) ;
#12070 = SURFACE_SIDE_STYLE ('',( #2273 ) ) ;
#12071 = DIRECTION ( 'NONE',  ( -1.000000000000000078E-15, 1.000000000000000000, 0.000000000000000000 ) ) ;
#12072 = ADVANCED_FACE ( 'NONE', ( #2330 ), #1360, .T. ) ;
#12073 = UNCERTAINTY_MEASURE_WITH_UNIT (LENGTH_MEASURE( 1.000000000000000082E-05 ), #8507, 'distance_accuracy_value', 'NONE');
#12074 = APPLICATION_CONTEXT ( 'automotive_design' ) ;
#12075 = CARTESIAN_POINT ( 'NONE',  ( -68.67222222222220296, -3.950000000000001954, 3.074999999999916245 ) ) ;
#12076 = DIRECTION ( 'NONE',  ( -1.000000000000000078E-15, 1.000000000000000000, 0.000000000000000000 ) ) ;
#12077 = SURFACE_STYLE_USAGE ( .BOTH. , #7196 ) ;
#12078 = PLANE ( 'NONE',  #346 ) ;
#12079 = EDGE_CURVE ( 'NONE', #7053, #10720, #8234, .T. ) ;
#12080 = VECTOR ( 'NONE', #4097, 1000.000000000000000 ) ;
#12081 = PRESENTATION_LAYER_ASSIGNMENT (  '', '', ( #3848 ) ) ;
#12082 = CARTESIAN_POINT ( 'NONE',  ( -66.49999999999997158, -2.153988701156668295, 2.499999999999996447 ) ) ;
#12083 = DIRECTION ( 'NONE',  ( -1.000000000000000078E-15, 1.000000000000000000, -3.700000000000000308E-29 ) ) ;
#12084 = ORIENTED_EDGE ( 'NONE', *, *, #1468, .F. ) ;
#12085 = VERTEX_POINT ( 'NONE', #4205 ) ;
#12086 = COLOUR_RGB ( '',0.9529411764705881804, 0.7960784313725489669, 0.4862745098039215619 ) ;
#12087 = PLANE ( 'NONE',  #6868 ) ;
#12088 = CARTESIAN_POINT ( 'NONE',  ( -69.13431457505072331, -8.050000000000000711, 2.299999999999899014 ) ) ;
#12089 =( GEOMETRIC_REPRESENTATION_CONTEXT ( 3 ) GLOBAL_UNCERTAINTY_ASSIGNED_CONTEXT ( ( #11329 ) ) GLOBAL_UNIT_ASSIGNED_CONTEXT ( ( #4996, #11614, #3013 ) ) REPRESENTATION_CONTEXT ( 'NONE', 'WORKASPACE' ) );
#12090 = FILL_AREA_STYLE ('',( #4405 ) ) ;
#12091 = CARTESIAN_POINT ( 'NONE',  ( -67.28333333333445410, -0.4499998509884007847, 3.799999999999967404 ) ) ;
#12092 = DIRECTION ( 'NONE',  ( -1.000000000000000078E-15, 1.000000000000000000, 0.000000000000000000 ) ) ;
#12093 = DIRECTION ( 'NONE',  ( -3.700000000000000011E-14, 0.000000000000000000, 1.000000000000000000 ) ) ;
#12094 = CARTESIAN_POINT ( 'NONE',  ( -69.45000000000115392, -0.4500000000000025091, 4.249999999999887201 ) ) ;
#12095 = FACE_OUTER_BOUND ( 'NONE', #10389, .T. ) ;
#12096 = SURFACE_STYLE_USAGE ( .BOTH. , #9308 ) ;
#12097 = ORIENTED_EDGE ( 'NONE', *, *, #3154, .F. ) ;
#12098 =( GEOMETRIC_REPRESENTATION_CONTEXT ( 3 ) GLOBAL_UNCERTAINTY_ASSIGNED_CONTEXT ( ( #4774 ) ) GLOBAL_UNIT_ASSIGNED_CONTEXT ( ( #9698, #8685, #6970 ) ) REPRESENTATION_CONTEXT ( 'NONE', 'WORKASPACE' ) );
#12099 = DIRECTION ( 'NONE',  ( 1.000000000000000000, 1.061907311267009442E-15, 3.700000000000000011E-14 ) ) ;
#12100 = ORIENTED_EDGE ( 'NONE', *, *, #6194, .T. ) ;
#12101 = EDGE_LOOP ( 'NONE', ( #2996, #447, #8920, #5479 ) ) ;
#12102 = CARTESIAN_POINT ( 'NONE',  ( -61.26715728752537871, -2.449999999999993960, 3.432842712474807989 ) ) ;
#12103 = LINE ( 'NONE', #6331, #12247 ) ;
#12104 = EDGE_CURVE ( 'NONE', #4192, #9561, #4271, .T. ) ;
#12105 = COLOUR_RGB ( '',0.6274509803921568540, 0.6274509803921568540, 0.6274509803921568540 ) ;
#12106 = SURFACE_STYLE_FILL_AREA ( #2372 ) ;
#12107 = CARTESIAN_POINT ( 'NONE',  ( -69.13431457505072331, -9.950000000000002842, 2.299999999999899014 ) ) ;
#12108 = DIRECTION ( 'NONE',  ( 0.6623823368164681868, -0.7491659628370439528, 2.168404344970938186E-14 ) ) ;
#12109 = DIRECTION ( 'NONE',  ( 0.07035951977532106660, -0.9975216979980867649, 2.571467142125442210E-15 ) ) ;
#12110 = FILL_AREA_STYLE_COLOUR ( '', #665 ) ;
#12111 = ORIENTED_EDGE ( 'NONE', *, *, #3889, .F. ) ;
#12112 = ORIENTED_EDGE ( 'NONE', *, *, #4354, .F. ) ;
#12113 = PRESENTATION_STYLE_ASSIGNMENT (( #5371 ) ) ;
#12114 = VECTOR ( 'NONE', #556, 1000.000000000000000 ) ;
#12115 = DIRECTION ( 'NONE',  ( 0.7071067811865724417, 0.000000000000000000, -0.7071067811865227037 ) ) ;
#12116 = DIRECTION ( 'NONE',  ( 3.644488848768742184E-14, -5.551115123125791454E-31, -1.000000000000000000 ) ) ;
#12117 = ORIENTED_EDGE ( 'NONE', *, *, #11030, .F. ) ;
#12118 = CARTESIAN_POINT ( 'NONE',  ( -70.70000000000000284, -3.650000151991843023, 3.299999979883273316 ) ) ;
#12119 = FILL_AREA_STYLE_COLOUR ( '', #5054 ) ;
#12120 = CARTESIAN_POINT ( 'NONE',  ( -65.92201378195157702, -8.128835289132508635, 2.300000000000018030 ) ) ;
#12121 = DIRECTION ( 'NONE',  ( -1.000000000000000078E-15, 1.000000000000000000, 0.000000000000000000 ) ) ;
#12122 = CARTESIAN_POINT ( 'NONE',  ( -70.23431457505073183, -2.399999617645522942, 2.299999999999858602 ) ) ;
#12123 = ADVANCED_FACE ( 'NONE', ( #10083 ), #11074, .T. ) ;
#12124 = SURFACE_SIDE_STYLE ('',( #6420 ) ) ;
#12125 = SURFACE_SIDE_STYLE ('',( #9274 ) ) ;
#12126 = CARTESIAN_POINT ( 'NONE',  ( -63.15000000000114966, 1.100000000000003642, 4.100000000000121325 ) ) ;
#12127 = AXIS2_PLACEMENT_3D ( 'NONE', #2638, #510, #3321 ) ;
#12128 = ORIENTED_EDGE ( 'NONE', *, *, #11332, .F. ) ;
#12129 = PLANE ( 'NONE',  #4851 ) ;
#12130 = CARTESIAN_POINT ( 'NONE',  ( -70.23431457505073183, -10.45000000000000284, 2.699999999999858513 ) ) ;
#12131 =( NAMED_UNIT ( * ) PLANE_ANGLE_UNIT ( ) SI_UNIT ( $, .RADIAN. ) );
#12132 =( GEOMETRIC_REPRESENTATION_CONTEXT ( 3 ) GLOBAL_UNCERTAINTY_ASSIGNED_CONTEXT ( ( #3988 ) ) GLOBAL_UNIT_ASSIGNED_CONTEXT ( ( #10438, #8453, #906 ) ) REPRESENTATION_CONTEXT ( 'NONE', 'WORKASPACE' ) );
#12133 = CARTESIAN_POINT ( 'NONE',  ( -65.98244041316617370, -8.239735034390928803, 2.300000000000015365 ) ) ;
#12134 = PRESENTATION_STYLE_ASSIGNMENT (( #8399 ) ) ;
#12135 = DIRECTION ( 'NONE',  ( -1.000000000000000000, -1.000000000000000078E-15, -3.700000000000000011E-14 ) ) ;
#12136 = LINE ( 'NONE', #12387, #5603 ) ;
#12137 = FILL_AREA_STYLE ('',( #4654 ) ) ;
#12138 =( NAMED_UNIT ( * ) SI_UNIT ( $, .STERADIAN. ) SOLID_ANGLE_UNIT ( ) );
#12139 = ADVANCED_FACE ( 'NONE', ( #12195 ), #4512, .T. ) ;
#12140 =( GEOMETRIC_REPRESENTATION_CONTEXT ( 3 ) GLOBAL_UNCERTAINTY_ASSIGNED_CONTEXT ( ( #5048 ) ) GLOBAL_UNIT_ASSIGNED_CONTEXT ( ( #7596, #1621, #8301 ) ) REPRESENTATION_CONTEXT ( 'NONE', 'WORKASPACE' ) );
#12141 = VERTEX_POINT ( 'NONE', #778 ) ;
#12142 = ORIENTED_EDGE ( 'NONE', *, *, #11227, .T. ) ;
#12143 =( LENGTH_UNIT ( ) NAMED_UNIT ( * ) SI_UNIT ( .MILLI., .METRE. ) );
#12144 =( LENGTH_UNIT ( ) NAMED_UNIT ( * ) SI_UNIT ( .MILLI., .METRE. ) );
#12145 = ADVANCED_FACE ( 'NONE', ( #9532 ), #5460, .T. ) ;
#12146 = AXIS2_PLACEMENT_3D ( 'NONE', #8179, #11971, #1509 ) ;
#12147 = FILL_AREA_STYLE_COLOUR ( '', #9812 ) ;
#12148 =( GEOMETRIC_REPRESENTATION_CONTEXT ( 3 ) GLOBAL_UNCERTAINTY_ASSIGNED_CONTEXT ( ( #3749 ) ) GLOBAL_UNIT_ASSIGNED_CONTEXT ( ( #9797, #2222, #11024 ) ) REPRESENTATION_CONTEXT ( 'NONE', 'WORKASPACE' ) );
#12149 = LINE ( 'NONE', #11210, #4853 ) ;
#12150 = VECTOR ( 'NONE', #5624, 1000.000000000000000 ) ;
#12151 = DIRECTION ( 'NONE',  ( 9.999999999999923863E-16, -1.000000000000000000, 6.360191048344121816E-30 ) ) ;
#12152 = FILL_AREA_STYLE_COLOUR ( '', #678 ) ;
#12153 = PLANE ( 'NONE',  #7828 ) ;
#12154 = LINE ( 'NONE', #10464, #3625 ) ;
#12155 = ORIENTED_EDGE ( 'NONE', *, *, #12192, .T. ) ;
#12156 = PRESENTATION_STYLE_ASSIGNMENT (( #11280 ) ) ;
#12157 = VECTOR ( 'NONE', #347, 1000.000000000000000 ) ;
#12158 = ORIENTED_EDGE ( 'NONE', *, *, #1296, .T. ) ;
#12159 = ORIENTED_EDGE ( 'NONE', *, *, #9145, .T. ) ;
#12160 = DIRECTION ( 'NONE',  ( 1.000000000000000078E-15, -1.000000000000000000, 0.000000000000000000 ) ) ;
#12161 = COLOUR_RGB ( '',0.007843137254901960675, 0.007843137254901960675, 0.007843137254901960675 ) ;
#12162 =( NAMED_UNIT ( * ) SI_UNIT ( $, .STERADIAN. ) SOLID_ANGLE_UNIT ( ) );
#12163 = DIRECTION ( 'NONE',  ( -1.000000000000000078E-15, 1.000000000000000000, 0.000000000000000000 ) ) ;
#12164 = AXIS2_PLACEMENT_3D ( 'NONE', #12396, #4527, #927 ) ;
#12165 = UNCERTAINTY_MEASURE_WITH_UNIT (LENGTH_MEASURE( 1.000000000000000082E-05 ), #4543, 'distance_accuracy_value', 'NONE');
#12166 = FILL_AREA_STYLE_COLOUR ( '', #8635 ) ;
#12167 =( NAMED_UNIT ( * ) PLANE_ANGLE_UNIT ( ) SI_UNIT ( $, .RADIAN. ) );
#12168 = STYLED_ITEM ( 'NONE', ( #9610 ), #1181 ) ;
#12169 = CARTESIAN_POINT ( 'NONE',  ( -70.25000000000004263, -9.700000000000004619, 4.799999999999858602 ) ) ;
#12170 = FILL_AREA_STYLE ('',( #3682 ) ) ;
#12171 = VERTEX_POINT ( 'NONE', #8396 ) ;
#12172 = DIRECTION ( 'NONE',  ( -1.000000000000000000, -1.000000000000000078E-15, -3.448907672462272700E-14 ) ) ;
#12173 = ADVANCED_FACE ( 'NONE', ( #5392 ), #6364, .T. ) ;
#12174 = ORIENTED_EDGE ( 'NONE', *, *, #7544, .F. ) ;
#12175 = ORIENTED_EDGE ( 'NONE', *, *, #8766, .F. ) ;
#12176 = DIRECTION ( 'NONE',  ( -3.700000000000000011E-14, 0.000000000000000000, 1.000000000000000000 ) ) ;
#12177 =( NAMED_UNIT ( * ) SI_UNIT ( $, .STERADIAN. ) SOLID_ANGLE_UNIT ( ) );
#12178 =( NAMED_UNIT ( * ) SI_UNIT ( $, .STERADIAN. ) SOLID_ANGLE_UNIT ( ) );
#12179 = MECHANICAL_DESIGN_GEOMETRIC_PRESENTATION_REPRESENTATION (  '', ( #6982 ), #11381 ) ;
#12180 = AXIS2_PLACEMENT_3D ( 'NONE', #7643, #8772, #9660 ) ;
#12181 = PRESENTATION_STYLE_ASSIGNMENT (( #4501 ) ) ;
#12182 = DIRECTION ( 'NONE',  ( 3.700000000000000011E-14, -0.000000000000000000, -1.000000000000000000 ) ) ;
#12183 = LINE ( 'NONE', #8327, #7602 ) ;
#12184 =( NAMED_UNIT ( * ) SI_UNIT ( $, .STERADIAN. ) SOLID_ANGLE_UNIT ( ) );
#12185 = ADVANCED_FACE ( 'NONE', ( #1392 ), #2306, .F. ) ;
#12186 = CARTESIAN_POINT ( 'NONE',  ( -61.35000000000004405, -10.44999999999999396, 4.600000000000187050 ) ) ;
#12187 = PRESENTATION_LAYER_ASSIGNMENT (  '', '', ( #10001 ) ) ;
#12188 = EDGE_CURVE ( 'NONE', #8103, #9930, #7641, .T. ) ;
#12189 = VECTOR ( 'NONE', #9194, 1000.000000000000000 ) ;
#12190 = COLOUR_RGB ( '',0.007843137254901960675, 0.007843137254901960675, 0.007843137254901960675 ) ;
#12191 = DIRECTION ( 'NONE',  ( -3.699999999999998749E-14, 9.860761315263910926E-32, 1.000000000000000000 ) ) ;
#12192 = EDGE_CURVE ( 'NONE', #101, #1754, #2018, .T. ) ;
#12193 = VERTEX_POINT ( 'NONE', #7636 ) ;
#12194 = PRESENTATION_STYLE_ASSIGNMENT (( #5320 ) ) ;
#12195 = FACE_OUTER_BOUND ( 'NONE', #3869, .T. ) ;
#12196 = UNCERTAINTY_MEASURE_WITH_UNIT (LENGTH_MEASURE( 1.000000000000000082E-05 ), #7843, 'distance_accuracy_value', 'NONE');
#12197 = SURFACE_STYLE_FILL_AREA ( #4775 ) ;
#12198 = STYLED_ITEM ( 'NONE', ( #6781 ), #7922 ) ;
#12199 = COLOUR_RGB ( '',0.6274509803921568540, 0.6274509803921568540, 0.6274509803921568540 ) ;
#12200 = CYLINDRICAL_SURFACE ( 'NONE', #1199, 0.2000000000000057288 ) ;
#12201 = LINE ( 'NONE', #8400, #9512 ) ;
#12202 = COLOUR_RGB ( '',0.007843137254901960675, 0.007843137254901960675, 0.007843137254901960675 ) ;
#12203 = FILL_AREA_STYLE_COLOUR ( '', #7244 ) ;
#12204 = CARTESIAN_POINT ( 'NONE',  ( -68.33431457505072615, -7.950000000000000178, 2.299999999999928768 ) ) ;
#12205 = DIRECTION ( 'NONE',  ( 1.000000000000000078E-15, -1.000000000000000000, 0.000000000000000000 ) ) ;
#12206 = ORIENTED_EDGE ( 'NONE', *, *, #11155, .F. ) ;
#12207 = VECTOR ( 'NONE', #10762, 1000.000000000000000 ) ;
#12208 = VERTEX_POINT ( 'NONE', #1104 ) ;
#12209 = UNCERTAINTY_MEASURE_WITH_UNIT (LENGTH_MEASURE( 1.000000000000000082E-05 ), #9906, 'distance_accuracy_value', 'NONE');
#12210 = PLANE ( 'NONE',  #829 ) ;
#12211 = VECTOR ( 'NONE', #5665, 1000.000000000000000 ) ;
#12212 = CARTESIAN_POINT ( 'NONE',  ( -61.35000000000000142, -2.449999999999993960, 3.350000000000187050 ) ) ;
#12213 =( GEOMETRIC_REPRESENTATION_CONTEXT ( 3 ) GLOBAL_UNCERTAINTY_ASSIGNED_CONTEXT ( ( #12209 ) ) GLOBAL_UNIT_ASSIGNED_CONTEXT ( ( #9906, #6109, #2786 ) ) REPRESENTATION_CONTEXT ( 'NONE', 'WORKASPACE' ) );
#12214 =( LENGTH_UNIT ( ) NAMED_UNIT ( * ) SI_UNIT ( .MILLI., .METRE. ) );
#12215 = LINE ( 'NONE', #10398, #8786 ) ;
#12216 = SURFACE_STYLE_FILL_AREA ( #10595 ) ;
#12217 = DIRECTION ( 'NONE',  ( -3.700000000000000011E-14, 0.000000000000000000, 1.000000000000000000 ) ) ;
#12218 = UNCERTAINTY_MEASURE_WITH_UNIT (LENGTH_MEASURE( 1.000000000000000082E-05 ), #4382, 'distance_accuracy_value', 'NONE');
#12219 = STYLED_ITEM ( 'NONE', ( #1453 ), #8758 ) ;
#12220 = MECHANICAL_DESIGN_GEOMETRIC_PRESENTATION_REPRESENTATION (  '', ( #12415 ), #3385 ) ;
#12221 = ORIENTED_EDGE ( 'NONE', *, *, #4799, .F. ) ;
#12222 = LINE ( 'NONE', #8669, #7607 ) ;
#12223 = ORIENTED_EDGE ( 'NONE', *, *, #5609, .F. ) ;
#12224 = ORIENTED_EDGE ( 'NONE', *, *, #12318, .T. ) ;
#12225 = ORIENTED_EDGE ( 'NONE', *, *, #10699, .F. ) ;
#12226 = SURFACE_STYLE_USAGE ( .BOTH. , #9497 ) ;
#12227 = STYLED_ITEM ( 'NONE', ( #12288 ), #6947 ) ;
#12228 = VECTOR ( 'NONE', #9937, 1000.000000000000000 ) ;
#12229 = EDGE_CURVE ( 'NONE', #11955, #5732, #3831, .T. ) ;
#12230 = DIRECTION ( 'NONE',  ( -3.699999999999998749E-14, 9.860761315263910926E-32, 1.000000000000000000 ) ) ;
#12231 = CARTESIAN_POINT ( 'NONE',  ( -69.76111111111110574, -3.950000000000002842, 3.224999999999876188 ) ) ;
#12232 = EDGE_CURVE ( 'NONE', #9050, #9562, #8710, .T. ) ;
#12233 =( LENGTH_UNIT ( ) NAMED_UNIT ( * ) SI_UNIT ( .MILLI., .METRE. ) );
#12234 = CARTESIAN_POINT ( 'NONE',  ( -66.16043361310818227, -5.716237437971248170, 2.310000000000008935 ) ) ;
#12235 = ORIENTED_EDGE ( 'NONE', *, *, #11107, .F. ) ;
#12236 = LINE ( 'NONE', #6404, #4870 ) ;
#12237 = STYLED_ITEM ( 'NONE', ( #1489 ), #7117 ) ;
#12238 = MECHANICAL_DESIGN_GEOMETRIC_PRESENTATION_REPRESENTATION (  '', ( #4814 ), #4822 ) ;
#12239 = ORIENTED_EDGE ( 'NONE', *, *, #11512, .F. ) ;
#12240 = ORIENTED_EDGE ( 'NONE', *, *, #6199, .F. ) ;
#12241 = SURFACE_SIDE_STYLE ('',( #10553 ) ) ;
#12242 = LINE ( 'NONE', #361, #405 ) ;
#12243 = FACE_OUTER_BOUND ( 'NONE', #5112, .T. ) ;
#12244 = SURFACE_STYLE_USAGE ( .BOTH. , #5640 ) ;
#12245 = VECTOR ( 'NONE', #9952, 1000.000000000000000 ) ;
#12246 = STYLED_ITEM ( 'NONE', ( #4402 ), #252 ) ;
#12247 = VECTOR ( 'NONE', #9248, 1000.000000000000000 ) ;
#12248 = ADVANCED_FACE ( 'NONE', ( #14 ), #9721, .T. ) ;
#12249 = FACE_OUTER_BOUND ( 'NONE', #7937, .T. ) ;
#12250 = ADVANCED_FACE ( 'NONE', ( #6215 ), #11917, .F. ) ;
#12251 = LINE ( 'NONE', #10373, #2173 ) ;
#12252 = VECTOR ( 'NONE', #2936, 1000.000000000000000 ) ;
#12253 = VECTOR ( 'NONE', #11661, 1000.000000000000000 ) ;
#12254 = MECHANICAL_DESIGN_GEOMETRIC_PRESENTATION_REPRESENTATION (  '', ( #2423 ), #9080 ) ;
#12255 = VECTOR ( 'NONE', #5598, 1000.000000000000000 ) ;
#12256 = ORIENTED_EDGE ( 'NONE', *, *, #6687, .T. ) ;
#12257 = DIRECTION ( 'NONE',  ( -1.000000000000000000, -1.000000000000000078E-15, -3.700000000000000011E-14 ) ) ;
#12258 = DIRECTION ( 'NONE',  ( -1.000000000000000078E-15, 1.000000000000000000, 0.000000000000000000 ) ) ;
#12259 =( NAMED_UNIT ( * ) SI_UNIT ( $, .STERADIAN. ) SOLID_ANGLE_UNIT ( ) );
#12260 = FILL_AREA_STYLE ('',( #9278 ) ) ;
#12261 = EDGE_CURVE ( 'NONE', #7336, #2279, #1596, .T. ) ;
#12262 = EDGE_CURVE ( 'NONE', #9717, #11926, #5181, .T. ) ;
#12263 = DIRECTION ( 'NONE',  ( 0.7071067811865724417, 0.000000000000000000, -0.7071067811865227037 ) ) ;
#12264 = DIRECTION ( 'NONE',  ( -1.000000000000000000, 0.000000000000000000, -3.469446951953515108E-14 ) ) ;
#12265 = FILL_AREA_STYLE_COLOUR ( '', #1264 ) ;
#12266 = CARTESIAN_POINT ( 'NONE',  ( -63.56568542494919427, -8.049999999999997158, 2.500000000000105249 ) ) ;
#12267 = COLOUR_RGB ( '',0.9529411764705881804, 0.7960784313725489669, 0.4862745098039215619 ) ;
#12268 = EDGE_CURVE ( 'NONE', #3599, #7288, #3190, .T. ) ;
#12269 = CARTESIAN_POINT ( 'NONE',  ( -64.67500000000114824, 1.100000000000002087, 4.250000000000064837 ) ) ;
#12270 = PRESENTATION_LAYER_ASSIGNMENT (  '', '', ( #4027 ) ) ;
#12271 = PRESENTATION_LAYER_ASSIGNMENT (  '', '', ( #5227 ) ) ;
#12272 = ORIENTED_EDGE ( 'NONE', *, *, #8801, .F. ) ;
#12273 = VERTEX_POINT ( 'NONE', #9187 ) ;
#12274 = ORIENTED_EDGE ( 'NONE', *, *, #11576, .T. ) ;
#12275 = FACE_OUTER_BOUND ( 'NONE', #9625, .T. ) ;
#12276 = DIRECTION ( 'NONE',  ( -1.000000000000000000, -1.000000000000000078E-15, -3.421580731527764731E-14 ) ) ;
#12277 = CARTESIAN_POINT ( 'NONE',  ( -69.29166666666667140, -3.950000000000001954, 3.299999999999893241 ) ) ;
#12278 = CARTESIAN_POINT ( 'NONE',  ( -64.35000000000005116, -8.299999999999997158, 4.800000000000076206 ) ) ;
#12279 = SURFACE_STYLE_USAGE ( .BOTH. , #6512 ) ;
#12280 = VECTOR ( 'NONE', #3724, 1000.000000000000000 ) ;
#12281 = AXIS2_PLACEMENT_3D ( 'NONE', #8304, #495, #4297 ) ;
#12282 = STYLED_ITEM ( 'NONE', ( #3207 ), #9944 ) ;
#12283 = CARTESIAN_POINT ( 'NONE',  ( -66.56111111111226819, 1.100000000000000311, 4.249999999999994671 ) ) ;
#12284 = MECHANICAL_DESIGN_GEOMETRIC_PRESENTATION_REPRESENTATION (  '', ( #8098 ), #3448 ) ;
#12285 = CARTESIAN_POINT ( 'NONE',  ( -66.29609096270655755, -2.054065133228777817, 2.500000000000003997 ) ) ;
#12286 = SURFACE_STYLE_USAGE ( .BOTH. , #11340 ) ;
#12287 = CARTESIAN_POINT ( 'NONE',  ( -66.44905136195431794, -9.230492684701028239, 2.299999999999998046 ) ) ;
#12288 = PRESENTATION_STYLE_ASSIGNMENT (( #2678 ) ) ;
#12289 = LINE ( 'NONE', #9556, #1061 ) ;
#12290 = ORIENTED_EDGE ( 'NONE', *, *, #3395, .F. ) ;
#12291 = SURFACE_STYLE_USAGE ( .BOTH. , #3728 ) ;
#12292 = AXIS2_PLACEMENT_3D ( 'NONE', #5065, #9817, #1204 ) ;
#12293 = ORIENTED_EDGE ( 'NONE', *, *, #7413, .T. ) ;
#12294 = AXIS2_PLACEMENT_3D ( 'NONE', #318, #4128, #8007 ) ;
#12295 = ORIENTED_EDGE ( 'NONE', *, *, #865, .T. ) ;
#12296 = EDGE_LOOP ( 'NONE', ( #5525, #3951, #2610, #7516 ) ) ;
#12297 = DIRECTION ( 'NONE',  ( -0.7035350768365457030, 0.7106605347566415931, -2.618413556340383573E-14 ) ) ;
#12298 = CARTESIAN_POINT ( 'NONE',  ( -63.03888888888887720, -3.949999999999996181, 3.075000000000124523 ) ) ;
#12299 = SURFACE_STYLE_USAGE ( .BOTH. , #3736 ) ;
#12300 = UNCERTAINTY_MEASURE_WITH_UNIT (LENGTH_MEASURE( 1.000000000000000082E-05 ), #8394, 'distance_accuracy_value', 'NONE');
#12301 = CARTESIAN_POINT ( 'NONE',  ( -67.88333333333331154, -10.45000000000000107, 2.999999999999945377 ) ) ;
#12302 = PRESENTATION_STYLE_ASSIGNMENT (( #816 ) ) ;
#12303 = FILL_AREA_STYLE ('',( #6790 ) ) ;
#12304 =( GEOMETRIC_REPRESENTATION_CONTEXT ( 3 ) GLOBAL_UNCERTAINTY_ASSIGNED_CONTEXT ( ( #9477 ) ) GLOBAL_UNIT_ASSIGNED_CONTEXT ( ( #502, #2309, #6219 ) ) REPRESENTATION_CONTEXT ( 'NONE', 'WORKASPACE' ) );
#12305 = ORIENTED_EDGE ( 'NONE', *, *, #11478, .T. ) ;
#12306 = FACE_OUTER_BOUND ( 'NONE', #3763, .T. ) ;
#12307 = EDGE_CURVE ( 'NONE', #1067, #8735, #1565, .T. ) ;
#12308 = ORIENTED_EDGE ( 'NONE', *, *, #2633, .T. ) ;
#12309 = ORIENTED_EDGE ( 'NONE', *, *, #12026, .T. ) ;
#12310 = VECTOR ( 'NONE', #11776, 1000.000000000000000 ) ;
#12311 = CARTESIAN_POINT ( 'NONE',  ( -65.49861111111110290, -3.949999999999998845, 3.000000000000033307 ) ) ;
#12312 = PRESENTATION_STYLE_ASSIGNMENT (( #7619 ) ) ;
#12313 = ADVANCED_FACE ( 'NONE', ( #6280 ), #621, .T. ) ;
#12314 = DIRECTION ( 'NONE',  ( -1.000000000000000000, -1.000000000000000078E-15, -3.700000000000000011E-14 ) ) ;
#12315 =( LENGTH_UNIT ( ) NAMED_UNIT ( * ) SI_UNIT ( .MILLI., .METRE. ) );
#12316 = CARTESIAN_POINT ( 'NONE',  ( -62.56568542494919427, -2.199999617645515659, 2.300000000000142375 ) ) ;
#12317 = VECTOR ( 'NONE', #459, 1000.000000000000000 ) ;
#12318 = EDGE_CURVE ( 'NONE', #11217, #1342, #9502, .T. ) ;
#12319 = LINE ( 'NONE', #1714, #3383 ) ;
#12320 =( GEOMETRIC_REPRESENTATION_CONTEXT ( 3 ) GLOBAL_UNCERTAINTY_ASSIGNED_CONTEXT ( ( #6395 ) ) GLOBAL_UNIT_ASSIGNED_CONTEXT ( ( #2242, #2953, #5058 ) ) REPRESENTATION_CONTEXT ( 'NONE', 'WORKASPACE' ) );
#12321 = EDGE_LOOP ( 'NONE', ( #9773, #11949, #11655, #1447 ) ) ;
#12322 = ORIENTED_EDGE ( 'NONE', *, *, #6830, .F. ) ;
#12323 = FILL_AREA_STYLE_COLOUR ( '', #3616 ) ;
#12324 = EDGE_LOOP ( 'NONE', ( #7614, #4752, #2812, #8619 ) ) ;
#12325 = DIRECTION ( 'NONE',  ( 0.000000000000000000, -1.000000000000000000, 0.000000000000000000 ) ) ;
#12326 = SURFACE_STYLE_USAGE ( .BOTH. , #5515 ) ;
#12327 =( LENGTH_UNIT ( ) NAMED_UNIT ( * ) SI_UNIT ( .MILLI., .METRE. ) );
#12328 = CARTESIAN_POINT ( 'NONE',  ( -64.12777777777776578, -10.44999999999999751, 3.300000000000084199 ) ) ;
#12329 = CARTESIAN_POINT ( 'NONE',  ( -66.94999999999997442, -7.949999999999998401, 2.499999999999979572 ) ) ;
#12330 = EDGE_CURVE ( 'NONE', #823, #4704, #9376, .T. ) ;
#12331 = LINE ( 'NONE', #3706, #4914 ) ;
#12332 = LINE ( 'NONE', #2663, #9026 ) ;
#12333 = ADVANCED_FACE ( 'NONE', ( #4682 ), #7737, .F. ) ;
#12334 = SURFACE_SIDE_STYLE ('',( #3897 ) ) ;
#12335 = VERTEX_POINT ( 'NONE', #11551 ) ;
#12336 = ORIENTED_EDGE ( 'NONE', *, *, #8149, .F. ) ;
#12337 = UNCERTAINTY_MEASURE_WITH_UNIT (LENGTH_MEASURE( 1.000000000000000082E-05 ), #606, 'distance_accuracy_value', 'NONE');
#12338 = CARTESIAN_POINT ( 'NONE',  ( -68.82222222222219443, -10.45000000000000107, 2.999999999999910738 ) ) ;
#12339 = LINE ( 'NONE', #7586, #2758 ) ;
#12340 = DIRECTION ( 'NONE',  ( -3.699999999999998749E-14, 9.860761315263910926E-32, 1.000000000000000000 ) ) ;
#12341 = DIRECTION ( 'NONE',  ( -3.700000000000000011E-14, 0.000000000000000000, 1.000000000000000000 ) ) ;
#12342 = DIRECTION ( 'NONE',  ( -3.469446951953620500E-14, 0.000000000000000000, 1.000000000000000000 ) ) ;
#12343 =( LENGTH_UNIT ( ) NAMED_UNIT ( * ) SI_UNIT ( .MILLI., .METRE. ) );
#12344 = ORIENTED_EDGE ( 'NONE', *, *, #10113, .F. ) ;
#12345 = MECHANICAL_DESIGN_GEOMETRIC_PRESENTATION_REPRESENTATION (  '', ( #5920 ), #11140 ) ;
#12346 =( NAMED_UNIT ( * ) SI_UNIT ( $, .STERADIAN. ) SOLID_ANGLE_UNIT ( ) );
#12347 = ORIENTED_EDGE ( 'NONE', *, *, #11246, .F. ) ;
#12348 = VERTEX_POINT ( 'NONE', #10544 ) ;
#12349 = ORIENTED_EDGE ( 'NONE', *, *, #6424, .T. ) ;
#12350 = EDGE_CURVE ( 'NONE', #4704, #6037, #4743, .T. ) ;
#12351 = CARTESIAN_POINT ( 'NONE',  ( -69.14166666666665151, -10.45000000000000284, 3.299999999999899014 ) ) ;
#12352 = FILL_AREA_STYLE ('',( #8677 ) ) ;
#12353 = DIRECTION ( 'NONE',  ( -3.700000000000000011E-14, 0.000000000000000000, 1.000000000000000000 ) ) ;
#12354 = MECHANICAL_DESIGN_GEOMETRIC_PRESENTATION_REPRESENTATION (  '', ( #7754 ), #5306 ) ;
#12355 = PRESENTATION_STYLE_ASSIGNMENT (( #7675 ) ) ;
#12356 = CARTESIAN_POINT ( 'NONE',  ( -64.59444444444558542, 1.100000000000002087, 4.100000000000067146 ) ) ;
#12357 = DIRECTION ( 'NONE',  ( -1.000000000000000000, -1.000000000000000078E-15, -3.448907672462272700E-14 ) ) ;
#12358 = COLOUR_RGB ( '',0.9529411764705881804, 0.7960784313725489669, 0.4862745098039215619 ) ;
#12359 = SURFACE_STYLE_FILL_AREA ( #8561 ) ;
#12360 =( NAMED_UNIT ( * ) PLANE_ANGLE_UNIT ( ) SI_UNIT ( $, .RADIAN. ) );
#12361 = ADVANCED_FACE ( 'NONE', ( #1987 ), #3678, .T. ) ;
#12362 = ORIENTED_EDGE ( 'NONE', *, *, #10250, .F. ) ;
#12363 = SURFACE_STYLE_FILL_AREA ( #696 ) ;
#12364 = AXIS2_PLACEMENT_3D ( 'NONE', #8430, #11290, #6531 ) ;
#12365 = VERTEX_POINT ( 'NONE', #946 ) ;
#12366 = VERTEX_POINT ( 'NONE', #1928 ) ;
#12367 =( GEOMETRIC_REPRESENTATION_CONTEXT ( 3 ) GLOBAL_UNCERTAINTY_ASSIGNED_CONTEXT ( ( #9438 ) ) GLOBAL_UNIT_ASSIGNED_CONTEXT ( ( #991, #12068, #6493 ) ) REPRESENTATION_CONTEXT ( 'NONE', 'WORKASPACE' ) );
#12368 = DIRECTION ( 'NONE',  ( 1.000000000000000078E-15, -1.000000000000000000, 0.000000000000000000 ) ) ;
#12369 = SURFACE_SIDE_STYLE ('',( #1942 ) ) ;
#12370 = FACE_OUTER_BOUND ( 'NONE', #5977, .T. ) ;
#12371 = UNCERTAINTY_MEASURE_WITH_UNIT (LENGTH_MEASURE( 1.000000000000000082E-05 ), #7469, 'distance_accuracy_value', 'NONE');
#12372 =( LENGTH_UNIT ( ) NAMED_UNIT ( * ) SI_UNIT ( .MILLI., .METRE. ) );
#12373 =( LENGTH_UNIT ( ) NAMED_UNIT ( * ) SI_UNIT ( .MILLI., .METRE. ) );
#12374 =( LENGTH_UNIT ( ) NAMED_UNIT ( * ) SI_UNIT ( .MILLI., .METRE. ) );
#12375 = VECTOR ( 'NONE', #1164, 1000.000000000000000 ) ;
#12376 = ORIENTED_EDGE ( 'NONE', *, *, #111, .F. ) ;
#12377 = EDGE_LOOP ( 'NONE', ( #8030, #170, #4052, #2934, #7858, #4736 ) ) ;
#12378 = CARTESIAN_POINT ( 'NONE',  ( -70.23431457505073183, -2.450000000000002398, 2.299999999999858602 ) ) ;
#12379 =( GEOMETRIC_REPRESENTATION_CONTEXT ( 3 ) GLOBAL_UNCERTAINTY_ASSIGNED_CONTEXT ( ( #9764 ) ) GLOBAL_UNIT_ASSIGNED_CONTEXT ( ( #11523, #133, #192 ) ) REPRESENTATION_CONTEXT ( 'NONE', 'WORKASPACE' ) );
#12380 = LINE ( 'NONE', #10, #5915 ) ;
#12381 = EDGE_LOOP ( 'NONE', ( #10822, #11769, #1561, #5127 ) ) ;
#12382 = DIRECTION ( 'NONE',  ( 3.700000000000000011E-14, -6.360191048344410484E-30, -1.000000000000000000 ) ) ;
#12383 = EDGE_CURVE ( 'NONE', #2490, #6423, #9921, .T. ) ;
#12384 = CARTESIAN_POINT ( 'NONE',  ( -66.32499999999997442, -10.44999999999999929, 3.000000000000003109 ) ) ;
#12385 = SURFACE_SIDE_STYLE ('',( #8715 ) ) ;
#12386 = EDGE_CURVE ( 'NONE', #6296, #2300, #1180, .T. ) ;
#12387 = CARTESIAN_POINT ( 'NONE',  ( -70.65000000000004832, 1.549999999999997602, 4.599999999999843325 ) ) ;
#12388 = CIRCLE ( 'NONE', #1957, 0.1000000000000022399 ) ;
#12389 = STYLED_ITEM ( 'NONE', ( #6882 ), #2894 ) ;
#12390 = LINE ( 'NONE', #3775, #8694 ) ;
#12391 = ORIENTED_EDGE ( 'NONE', *, *, #1354, .T. ) ;
#12392 = ORIENTED_EDGE ( 'NONE', *, *, #3021, .F. ) ;
#12393 = CARTESIAN_POINT ( 'NONE',  ( -66.03888888889002828, 1.100000000000000311, 4.100000000000012967 ) ) ;
#12394 = FACE_OUTER_BOUND ( 'NONE', #2878, .T. ) ;
#12395 = VECTOR ( 'NONE', #6417, 1000.000000000000000 ) ;
#12396 = CARTESIAN_POINT ( 'NONE',  ( -69.23431457505071762, -8.050000000000000711, 2.299999999999895017 ) ) ;
#12397 = PRESENTATION_LAYER_ASSIGNMENT (  '', '', ( #11607 ) ) ;
#12398 = FILL_AREA_STYLE ('',( #8600 ) ) ;
#12399 = FILL_AREA_STYLE_COLOUR ( '', #7054 ) ;
#12400 = SURFACE_STYLE_FILL_AREA ( #4667 ) ;
#12401 = LINE ( 'NONE', #4668, #7483 ) ;
#12402 = EDGE_LOOP ( 'NONE', ( #3512, #2012, #3204, #6988 ) ) ;
#12403 = SURFACE_STYLE_USAGE ( .BOTH. , #153 ) ;
#12404 = CARTESIAN_POINT ( 'NONE',  ( -61.89999999999999147, -10.44999999999999396, 3.300000000000166356 ) ) ;
#12405 = VECTOR ( 'NONE', #2340, 1000.000000000000000 ) ;
#12406 = EDGE_CURVE ( 'NONE', #1754, #11639, #3063, .T. ) ;
#12407 = ORIENTED_EDGE ( 'NONE', *, *, #10653, .F. ) ;
#12408 = VECTOR ( 'NONE', #6304, 1000.000000000000000 ) ;
#12409 = ORIENTED_EDGE ( 'NONE', *, *, #1781, .F. ) ;
#12410 = EDGE_LOOP ( 'NONE', ( #3860, #5749, #7857, #8832, #7601, #5545, #186, #12427 ) ) ;
#12411 = DIRECTION ( 'NONE',  ( 1.000000000000000078E-15, -1.000000000000000000, 0.000000000000000000 ) ) ;
#12412 = UNCERTAINTY_MEASURE_WITH_UNIT (LENGTH_MEASURE( 1.000000000000000082E-05 ), #3179, 'distance_accuracy_value', 'NONE');
#12413 = DIRECTION ( 'NONE',  ( 0.7071067811865788810, 0.000000000000000000, -0.7071067811865160424 ) ) ;
#12414 = VECTOR ( 'NONE', #8368, 1000.000000000000000 ) ;
#12415 = STYLED_ITEM ( 'NONE', ( #11168 ), #6742 ) ;
#12416 = CARTESIAN_POINT ( 'NONE',  ( -67.26388888888888573, -10.44999999999999929, 3.299999999999968292 ) ) ;
#12417 = EDGE_CURVE ( 'NONE', #5158, #7353, #1078, .T. ) ;
#12418 = SURFACE_STYLE_USAGE ( .BOTH. , #110 ) ;
#12419 = SURFACE_STYLE_FILL_AREA ( #6733 ) ;
#12420 = EDGE_CURVE ( 'NONE', #3554, #11624, #8986, .T. ) ;
#12421 = EDGE_LOOP ( 'NONE', ( #7935, #11570, #1110, #138 ) ) ;
#12422 =( NAMED_UNIT ( * ) PLANE_ANGLE_UNIT ( ) SI_UNIT ( $, .RADIAN. ) );
#12423 = VECTOR ( 'NONE', #4213, 1000.000000000000000 ) ;
#12424 = EDGE_CURVE ( 'NONE', #551, #2900, #830, .T. ) ;
#12425 = CIRCLE ( 'NONE', #8037, 0.09999999999999939493 ) ;
#12426 = ORIENTED_EDGE ( 'NONE', *, *, #12406, .T. ) ;
#12427 = ORIENTED_EDGE ( 'NONE', *, *, #3819, .T. ) ;
#12428 = COLOUR_RGB ( '',0.9529411764705881804, 0.7960784313725489669, 0.4862745098039215619 ) ;
#12429 = CIRCLE ( 'NONE', #5390, 0.05000000000000102973 ) ;
#12430 = DIRECTION ( 'NONE',  ( 1.000000000000000000, 2.253215950407110108E-15, 3.700233906981714543E-14 ) ) ;
#12431 = CARTESIAN_POINT ( 'NONE',  ( -68.20277777777778283, -3.950000000000001066, 3.299999999999933653 ) ) ;
ENDSEC;
END-ISO-10303-21;
